<?xml version="1.0" encoding="utf-8"?>
<COLLADA xmlns="http://www.collada.org/2005/11/COLLADASchema" version="1.4.1" xmlns:xsi="http://www.w3.org/2001/XMLSchema-instance">
  <asset>
    <contributor>
      <author>Blender User</author>
      <authoring_tool>Blender 4.5.6 LTS commit date:2026-01-19, commit time:19:36, hash:a78963ed6435</authoring_tool>
    </contributor>
    <created>2026-03-11T22:47:48</created>
    <modified>2026-03-11T22:47:48</modified>
    <unit name="meter" meter="1"/>
    <up_axis>Z_UP</up_axis>
  </asset>
  <library_effects>
    <effect id="MI_Chair_01a-effect">
      <profile_COMMON>
        <newparam sid="TX_Chair_01a_ALB-surface">
          <surface type="2D">
            <init_from>TX_Chair_01a_ALB</init_from>
          </surface>
        </newparam>
        <newparam sid="TX_Chair_01a_ALB-sampler">
          <sampler2D>
            <source>TX_Chair_01a_ALB-surface</source>
          </sampler2D>
        </newparam>
        <technique sid="common">
          <lambert>
            <emission>
              <color sid="emission">0 0 0 1</color>
            </emission>
            <diffuse>
              <texture texture="TX_Chair_01a_ALB-sampler" texcoord="uv0"/>
            </diffuse>
            <index_of_refraction>
              <float sid="ior">1.5</float>
            </index_of_refraction>
          </lambert>
        </technique>
      </profile_COMMON>
    </effect>
  </library_effects>
  <library_images>
    <image id="TX_Chair_01a_ALB" name="TX_Chair_01a_ALB">
      <init_from>TX_Chair_01a_ALB.png</init_from>
    </image>
  </library_images>
  <library_materials>
    <material id="MI_Chair_01a-material" name="MI_Chair_01a">
      <instance_effect url="#MI_Chair_01a-effect"/>
    </material>
  </library_materials>
  <library_geometries>
    <geometry id="SM_Chair_01a-mesh" name="SM_Chair_01a">
      <mesh>
        <source id="SM_Chair_01a-mesh-positions">
          <float_array id="SM_Chair_01a-mesh-positions-array" count="6966">-8.959459 -8.964364 56.5407 -8.959459 8.91049 56.54069 -8.959459 8.91049 55.99049 -8.959459 -8.964364 55.99049 8.95948 8.91049 56.54069 8.95948 -8.964364 56.5407 8.95948 -8.964364 55.99049 8.95948 8.91049 55.99049 2.150323 28.33895 99.21047 -3.243647 28.33901 99.21112 -3.243648 27.51086 99.29122 2.150322 27.51079 99.29058 -2.680811 -37.90083 2.789955 1.827259 -39.3656 2.789955 -2.868692 -38.59763 2.596835 1.569696 -40.03975 2.596835 -0.2743594 -30.61309 2.59683 3.976148 -32.752 2.789951 -0.5319223 -31.28724 2.78995 4.164031 -32.05521 2.59683 -3.03337 27.50742 99.79637 -4.183336 27.47275 84.63412 -4.183341 29.02003 100.5143 -3.033364 25.97129 83.91623 1.948029 27.50742 99.79637 1.948023 25.97129 83.91623 -3.03337 27.50742 99.79637 -3.033364 25.97129 83.91623 3.097995 27.47275 84.63412 1.948029 27.50742 99.79637 3.098 29.02003 100.5143 1.948023 25.97129 83.91623 -37.66788 -13.86582 2.596821 -37.66788 -9.199022 2.59682 -36.94713 -13.90245 2.789941 -36.94713 -9.162385 2.78994 -29.27244 -9.199021 2.596817 -29.27243 -13.86582 2.596817 -29.99319 -13.90245 2.789938 -29.99319 -9.162388 2.789937 -24.71219 30.84274 2.789917 -20.46169 32.98164 2.596796 -20.20412 32.30749 2.789916 -24.90008 31.53953 2.596796 -22.5633 24.22914 2.789914 -17.86735 24.9971 2.596794 -22.30574 23.55498 2.596794 -18.05523 25.6939 2.789914 24.40995 29.19884 2.789929 21.62382 33.03364 2.789928 24.97152 29.65213 2.596808 22.22845 33.42764 2.596808 15.99796 28.94621 2.789926 18.7841 25.11142 2.789926 18.17947 24.71741 2.596806 15.43638 28.49293 2.596805 38.02609 -10.35751 2.789935 35.84458 -14.5863 2.596816 35.23995 -14.19229 2.789936 38.58766 -10.81079 2.596815 29.05253 -9.651588 2.596812 31.7956 -5.876065 2.596811 32.40023 -6.270078 2.789931 29.61409 -10.10487 2.789932 2.442489 -36.75226 9.274591 2.403244 -37.88909 9.274591 1.915501 -35.72721 9.27459 1.915015 -38.85066 9.274591 1.05602 -35.0509 9.27459 -1.128882 -35.05089 9.27459 -0.03643351 -34.74705 9.27459 1.041736 -39.57712 9.274591 -0.03643572 -39.79261 9.274591 -1.987878 -38.85066 9.274591 -1.114611 -39.57712 9.274591 -1.988366 -35.72721 9.27459 -2.476106 -37.88909 9.274591 -2.515354 -36.75226 9.274591 3.14761 7.32701e-6 17.67567 3.147217 1.05243e-5 37.30024 2.725571 -1.573593 37.30024 2.725911 -1.573794 17.67567 1.573612 -2.725552 37.30024 1.573808 -2.725896 17.67567 6.94444e-6 -3.147595 17.67567 6.97146e-6 -3.147198 37.30024 -1.573598 -2.725552 37.30024 -1.573795 -2.725896 17.67567 -2.725897 -1.573793 17.67567 -2.725556 -1.573593 37.30024 -3.147596 8.8402e-6 17.67567 -3.147202 1.20374e-5 37.30024 -2.725557 1.573617 37.30024 -2.725898 1.57381 17.67567 -1.573598 2.725576 37.30024 -1.573795 2.725914 17.67567 7.43082e-6 3.147612 17.67567 7.43082e-6 3.147222 37.30024 1.573615 2.725575 37.30024 1.573812 2.725913 17.67567 2.725913 1.573809 17.67567 2.725572 1.573615 37.30024 3.14761 7.32701e-6 17.67567 3.147217 1.05243e-5 37.30024 1.827259 -39.3656 2.789955 -2.680811 -37.90083 2.789955 -2.392916 -37.01478 1.176288 2.115157 -38.47954 1.176288 -1.894264 -35.48009 0.2446367 2.613808 -36.94486 0.2446369 3.189598 -35.17275 0.2446366 -1.318472 -33.70798 0.2446364 -0.8198209 -32.1733 1.176287 3.688251 -33.63806 1.176288 -0.5319223 -31.28724 2.78995 3.976148 -32.752 2.789951 3.098 29.02003 100.5143 1.948029 27.50742 99.79637 -0.5426705 29.088 100.5144 -3.03337 27.50742 99.79637 -4.183341 29.02003 100.5143 -34.27159 -13.68 9.274577 -35.3649 -13.99398 9.274577 -33.45955 -12.86205 9.274577 -36.43028 -13.82679 9.274577 -33.08194 -11.83564 9.274577 -33.7571 -9.757678 9.274577 -33.13055 -10.70276 9.274577 -37.39105 -13.22074 9.274577 -37.92916 -12.26193 9.274577 -37.63634 -10.11492 9.274577 -38.05739 -11.16993 9.274577 -34.66592 -9.149253 9.274577 -36.87271 -9.353443 9.274577 -35.80364 -8.964814 9.274577 -1.557753 7.948184 11.55089 -7.077782 3.937649 11.5509 -11.0036 9.850404 11.49125 -5.967973 13.509 11.49125 -15.42572 16.42566 11.31292 -10.8549 19.74656 11.31292 -15.28024 25.51476 10.85354 -19.5441 22.41689 10.85354 -19.4867 30.142 10.40491 -19.66286 31.28102 10.40491 -19.7845 29.08964 10.44154 -20.48972 28.20171 10.4637 -21.55213 27.8054 10.44154 -22.64499 27.84735 10.40491 -23.67384 28.36689 10.40491 -23.67384 28.36689 9.274553 -24.3103 29.30966 9.274553 -22.64499 27.84735 9.274553 -24.48052 30.37456 9.274553 -21.55213 27.8054 9.274553 -19.7845 29.08964 9.274553 -20.48972 28.20171 9.274553 -24.20102 31.47559 9.274553 -23.45542 32.28365 9.274553 -21.32301 32.66863 9.274553 -22.45649 32.74305 9.274553 -19.4867 30.142 9.274553 -20.36283 32.17767 9.274553 -19.66286 31.28102 9.274553 19.59001 31.28103 9.274564 20.28997 32.17767 9.274564 19.41384 30.14198 9.274564 21.25015 32.66863 9.274564 19.71165 29.08965 9.274565 21.47927 27.80539 9.274565 20.41687 28.20171 9.274565 22.38365 32.74305 9.274564 23.38257 32.28364 9.274564 24.40766 30.37457 9.274564 24.12817 31.47557 9.274564 22.57214 27.84736 9.274565 24.23745 29.30966 9.274565 23.60098 28.36688 9.274565 35.73079 -8.964826 9.274571 36.79985 -9.353447 9.274571 34.59305 -9.14926 9.274571 37.56348 -10.11492 9.274571 33.68424 -9.757684 9.274571 33.00907 -11.83565 9.274572 33.05769 -10.70277 9.274571 37.98453 -11.16995 9.274572 37.8563 -12.26194 9.274572 36.35742 -13.82679 9.274572 37.31818 -13.22076 9.274572 33.3867 -12.86206 9.274572 35.29204 -13.99398 9.274572 34.19872 -13.68001 9.274572 29.61409 -10.10487 2.789932 32.40023 -6.270078 2.789931 33.15396 -6.817692 1.176268 30.36783 -10.65248 1.176269 34.45944 -7.766184 0.2446171 31.6733 -11.60097 0.2446177 33.18074 -12.69619 0.2446178 35.96689 -8.861404 0.2446172 34.48623 -13.64469 1.176269 37.27238 -9.809894 1.176269 38.02609 -10.35751 2.789935 35.23995 -14.19229 2.789936 -10.05031 -9.582159 55.99049 -8.959459 -8.964364 56.5407 -8.959459 -8.964364 55.99049 -10.05031 -9.582159 56.5407 -10.55426 -10.36858 55.99049 -10.55426 -10.36858 56.5407 -10.55426 -11.96905 55.99049 -10.55426 -11.96905 56.5407 -9.531022 -13.10653 55.99049 -9.531022 -13.10653 56.5407 -6.332551 -13.10653 56.5407 -6.332551 -13.10653 55.99049 -4.221698 -13.10653 55.27543 -4.221698 -13.10653 54.72523 4.221719 -13.10653 54.72523 4.221719 -13.10653 55.27543 6.332572 -13.10653 55.99049 6.332572 -13.10653 56.5407 9.531042 -13.10653 56.5407 9.531042 -13.10653 55.99049 10.55428 -11.96905 55.99049 10.55428 -11.96905 56.5407 10.55428 -10.36858 55.99049 10.55428 -10.36858 56.5407 10.05069 -9.582159 55.99049 10.05069 -9.582159 56.5407 8.95948 -8.964364 55.99049 8.95948 -8.964364 56.5407 -10.05031 9.528285 56.54069 -8.959459 8.91049 55.99049 -8.959459 8.91049 56.54069 -10.05031 9.528285 55.99049 -10.55426 10.31471 56.54069 -10.55426 10.31471 55.99049 -10.55426 11.91517 56.54069 -10.55426 11.91517 55.99049 -9.531022 13.05266 56.54069 -9.531022 13.05266 55.99049 -6.332551 13.05266 56.54069 -6.332551 13.05266 55.99049 -4.221698 13.05266 55.27542 -4.221698 13.05266 54.72522 4.221719 13.05266 54.72522 4.221719 13.05266 55.27542 6.332572 13.05266 55.99049 6.332572 13.05266 56.54069 9.531042 13.05266 55.99049 9.531042 13.05266 56.54069 10.55428 11.91517 56.54069 10.55428 11.91517 55.99049 10.55428 10.31471 56.54069 10.55428 10.31471 55.99049 10.05069 9.528285 55.99049 10.05069 9.528285 56.54069 8.95948 8.91049 56.54069 8.95948 8.91049 55.99049 -4.570594 26.2771 90.8751 -3.106705 27.41976 90.76467 -4.062756 25.94985 90.90676 -3.43571 28.02193 90.70642 2.010805 27.41961 90.76274 2.339867 28.02175 90.7045 3.474786 26.27693 90.87332 2.966948 25.94968 90.90499 3.474858 26.68796 95.12272 2.010974 27.8306 95.01217 2.96702 26.36071 95.15439 2.339977 28.43278 94.95392 -3.106538 27.83082 95.01401 -3.435592 28.43297 94.95578 -4.57051 26.68815 95.12445 -4.062673 26.36089 95.15609 1.937255 1.41335e-5 55.47336 1.677713 -0.9686124 37.16598 1.937255 1.11509e-5 37.16597 1.677713 -0.9686095 55.47336 0.968631 -1.677694 37.16598 0.968631 -1.677691 55.47336 7.13358e-6 -1.937236 37.16598 7.13358e-6 -1.937233 55.47336 -0.9686167 -1.677694 37.16598 -0.9686167 -1.677691 55.47336 -1.677699 -0.9686121 37.16598 -1.677699 -0.9686091 55.47336 -1.93724 1.20156e-5 37.16597 -1.93724 1.49982e-5 55.47336 -1.677699 0.9686361 37.16597 -1.677699 0.9686391 55.47336 -0.9686166 1.677718 37.16597 -0.9686166 1.677721 55.47336 7.43082e-6 1.93726 37.16597 7.43082e-6 1.937263 55.47336 0.9686328 1.677718 37.16597 0.9686328 1.677721 55.47336 1.677714 0.9686346 37.16597 1.677714 0.9686376 55.47336 1.937255 1.11509e-5 37.16597 1.937255 1.41335e-5 55.47336 -3.447995 -7.23368 11.55092 -5.909543 -5.445259 14.44064 -5.909543 -5.445259 11.55091 -3.447995 -7.23368 14.44065 -6.050782 -5.010567 16.14642 -2.990933 -7.23368 16.14643 -6.436657 -3.822966 17.39514 -1.742213 -7.233679 17.39515 -3.445436 -4.764939 17.85222 -4.749028 -3.467611 17.85222 -1.807364 -5.595381 17.85222 -5.588408 -1.829827 17.85222 -6.96378 -2.200666 17.85222 1.675866 -5.623599 17.85222 -7.49089 -0.5783716 17.39514 0.008245885 -5.879908 17.85222 -0.03643184 -7.233681 17.85223 1.669355 -7.233679 17.39515 -5.8805 -0.01017653 17.85222 -5.595292 1.809336 17.85221 -5.697777 4.940282 17.39512 -7.876765 0.6092318 16.14642 3.448228 -4.746059 17.85222 -6.708011 4.206304 16.1464 -8.018006 1.043923 14.44064 -7.077782 3.93765 14.44062 -8.018006 1.043923 11.55091 -7.077782 3.937649 11.5509 -4.760336 3.452733 17.85221 -3.456545 4.75755 17.85221 -4.317767 5.94292 17.8522 -2.93776 6.945552 17.39512 -1.812698 5.594317 17.85221 0.008280396 5.88057 17.85221 6.3638 -3.822962 17.39513 2.918073 -7.23368 16.14643 5.977923 -5.010566 16.14642 3.375134 -7.23368 14.44065 5.836683 -5.445258 14.44063 3.375134 -7.23368 11.55092 5.836683 -5.445258 11.55091 4.830509 -3.331614 17.85222 5.589598 -1.824815 17.85222 6.890916 -2.200667 17.85221 7.418033 -0.5783675 17.39513 5.88005 -0.01014739 17.85222 5.596446 1.80437 17.85221 5.624912 4.940288 17.39513 7.803908 0.6092338 16.14641 4.765445 3.445057 17.85221 6.635147 4.206307 16.14642 7.945147 1.043925 14.44063 7.004918 3.937653 14.44063 7.004918 3.937653 11.55091 7.945147 1.043924 11.55091 3.467204 4.749457 17.85221 4.244905 5.942922 17.85221 2.864895 6.945557 17.39513 1.826873 5.589557 17.85221 1.85466 7.679535 16.14641 -1.927524 7.679531 16.1464 1.48489 7.948188 14.44063 -1.557753 7.948185 14.44062 1.48489 7.948187 11.55091 -1.557753 7.948184 11.55089 3.075757 -14.32474 11.49128 -3.447995 -7.23368 11.55092 3.375134 -7.23368 11.55092 -3.14862 -14.32474 11.49128 2.788491 -22.24349 11.31296 -2.861355 -22.24349 11.31296 -2.671643 -29.51121 10.85358 2.598776 -29.51122 10.85357 -1.988366 -35.72721 10.40495 -2.515354 -36.75226 10.40495 -1.128882 -35.05089 10.44158 -0.03643351 -34.74705 10.46373 1.05602 -35.0509 10.44158 1.915501 -35.72721 10.40495 2.442489 -36.75226 10.40495 -2.515354 -36.75226 10.40495 -1.988366 -35.72721 9.27459 -2.515354 -36.75226 9.274591 -1.988366 -35.72721 10.40495 -1.128882 -35.05089 9.27459 -1.128882 -35.05089 10.44158 -0.03643351 -34.74705 9.27459 -0.03643351 -34.74705 10.46373 1.05602 -35.0509 10.44158 1.05602 -35.0509 9.27459 1.915501 -35.72721 10.40495 1.915501 -35.72721 9.27459 2.442489 -36.75226 9.274591 2.442489 -36.75226 10.40495 -3.250292 22.6785 57.4216 -3.250058 24.5676 57.43204 -3.250292 22.6831 56.58959 -3.250058 24.5722 56.60003 -3.250055 25.71468 57.66047 -3.250054 26.03732 56.89356 -3.250052 26.68702 58.31048 -3.250051 27.27859 57.72542 -3.250048 27.3366 59.28311 -3.250047 28.10703 58.96897 -3.250045 27.56452 60.43029 -3.250044 28.39653 60.43489 -3.248375 28.32196 71.7686 -3.248376 27.48996 71.764 -3.248306 28.22109 72.36014 -3.248307 27.39121 72.34289 -3.247066 26.41175 78.17716 -3.247068 25.6199 77.93296 -3.246951 25.55148 78.52628 -3.24695 26.34185 78.77767 -3.243648 27.51086 99.29122 -3.243647 28.33901 99.21112 2.150323 28.33895 99.21047 2.147022 26.34205 78.77703 -3.243647 28.33901 99.21112 -3.24695 26.34185 78.77767 2.146905 26.41194 78.17653 -3.247066 26.41175 78.17716 2.145665 28.2211 72.35948 -3.248306 28.22109 72.36014 -3.248375 28.32196 71.7686 2.145596 28.32196 71.76794 2.143928 28.39653 60.43423 -3.250044 28.39653 60.43489 -3.250047 28.10703 58.96897 2.143924 28.10678 58.96835 -3.250051 27.27859 57.72542 2.143921 27.27812 57.72495 -3.250054 26.03732 56.89356 2.143917 26.0367 56.8933 -3.250058 24.5722 56.60003 2.143914 24.57153 56.60003 2.14368 22.68243 56.58959 -3.250292 22.6831 56.58959 -3.243648 27.51086 99.29122 2.147021 25.55167 78.52564 2.150322 27.51079 99.29058 -3.246951 25.55148 78.52628 2.146904 25.62009 77.93232 -3.247068 25.6199 77.93296 2.145664 27.39121 72.34223 -3.248307 27.39121 72.34289 -3.248376 27.48996 71.764 2.145596 27.48995 71.76335 2.147022 26.34205 78.77703 2.150323 28.33895 99.21047 2.150322 27.51079 99.29058 2.147021 25.55167 78.52564 2.146905 26.41194 78.17653 2.146904 25.62009 77.93232 2.145664 27.39121 72.34223 2.145665 28.2211 72.35948 2.145596 27.48995 71.76335 2.145596 28.32196 71.76794 2.143927 27.56452 60.42963 2.143928 28.39653 60.43423 2.143924 28.10678 58.96835 2.143923 27.33635 59.28251 2.143921 27.27812 57.72495 2.14392 26.68655 58.31002 2.143917 26.0367 56.8933 2.143916 25.71406 57.66022 2.143914 24.57153 56.60003 2.143913 24.56693 57.43204 2.14368 22.68243 56.58959 2.143679 22.67783 57.4216 0.5601809 -35.60419 8.224642 -0.8377023 -35.71421 9.316467 0.5601809 -35.60419 9.316466 -0.8377023 -35.71421 8.095048 -1.74837 -36.78045 9.316467 -1.74837 -36.78045 7.579309 -1.638352 -38.17834 9.316467 -1.638352 -38.17834 6.566379 -0.5721048 -39.089 9.316467 -0.5721048 -39.089 5.938188 0.8257814 -38.97899 6.565289 0.8257814 -38.97898 9.316467 1.736446 -37.91274 7.57859 1.736446 -37.91273 9.316467 1.626427 -36.51485 8.094377 1.626427 -36.51485 9.316467 0.5601809 -35.60419 8.224642 0.5601809 -35.60419 9.316466 -24.77425 24.23724 86.62975 -23.70744 24.41602 84.84689 -24.51593 24.23265 85.69095 -22.58991 24.73538 84.63413 -24.73413 24.34871 87.70751 -19.25758 25.54377 84.63413 -23.55167 25.18476 93.13755 -15.2312 27.98329 100.5713 -22.46159 26.00957 97.24666 -21.79383 26.53939 99.32439 -21.33201 26.80516 100.3323 -20.6071 27.10976 101.3488 -19.45245 27.47608 102.2672 -18.19892 27.80913 102.8833 -12.95692 26.72409 84.63412 -14.99602 28.396 103.6212 -10.1564 28.68052 100.5768 -4.183336 27.47275 84.63412 -10.41771 29.06538 104.4858 -4.183341 29.02003 100.5143 -5.167236 29.46344 105.1546 -0.5426705 29.55815 105.3735 -0.5426705 29.088 100.5144 3.098 29.02003 100.5143 4.081895 29.46344 105.1546 9.071058 28.68052 100.5768 9.332369 29.06538 104.4858 3.097995 27.47275 84.63412 13.91068 28.396 103.6212 11.87158 26.72409 84.63412 14.14586 27.98329 100.5713 17.11358 27.80913 102.8833 18.36711 27.47608 102.2672 19.52176 27.10976 101.3488 20.24667 26.80516 100.3323 20.70849 26.53939 99.32439 21.37625 26.00957 97.24666 22.46633 25.18476 93.13755 18.17224 25.54377 84.63413 23.64879 24.34871 87.70751 21.50457 24.73538 84.63413 23.68891 24.23724 86.62975 22.6221 24.41602 84.84689 23.43059 24.23265 85.69095 -0.535499 28.74207 92.22633 -0.02268147 24.69915 92.82125 -0.5354991 24.67738 92.52597 -0.02268147 28.76384 92.52161 -0.02268087 24.74268 93.41179 -0.02268087 28.80738 93.11215 -0.535499 24.76445 93.70708 -0.535499 28.82914 93.40744 -1.048317 28.80738 93.11215 -1.048317 24.74268 93.41179 -1.048317 28.76384 92.52161 -1.048317 24.69915 92.82125 -0.535499 28.74207 92.22633 -0.5354991 24.67738 92.52597 -1.799675 28.83835 90.61744 -0.5354993 30.91651 90.12458 -0.5354993 28.81345 90.27962 -1.799675 30.94141 90.4624 -2.725116 28.90638 91.54037 -2.725116 31.00945 91.38534 -3.063851 31.10239 92.6461 -3.063851 28.99932 92.80113 -2.725116 31.19532 93.90686 -2.725116 29.09226 94.06188 -1.799675 29.1603 94.98481 -1.799675 31.26336 94.8298 -0.535499 29.1852 95.32263 -0.535499 31.28826 95.16761 0.7286787 31.26336 94.8298 0.7286787 29.1603 94.98481 1.654119 31.19532 93.90686 1.654119 29.09226 94.06188 1.992854 28.99932 92.80113 1.992854 31.10239 92.6461 1.654118 28.90638 91.54037 1.654118 31.00945 91.38534 0.7286765 30.94141 90.4624 0.7286765 28.83835 90.61744 -0.5354993 30.91651 90.12458 -0.5354993 28.81345 90.27962 -20.72513 -0.5825204 49.56294 -20.99213 -2.444999 49.53401 -20.64855 -0.5825206 48.57829 -20.91679 -2.444999 48.5654 -28.50434 -1.660629 48.72039 -28.46409 -1.660629 48.20274 -28.95844 -1.112072 48.67121 -28.9203 -1.112072 48.18082 -28.95844 1.320661 48.67121 -28.9203 1.320662 48.18081 -28.46409 1.86922 48.20274 -28.50434 1.869219 48.72039 -20.91679 2.65359 48.5654 -20.99213 2.653589 49.53401 -20.64855 0.79111 48.57829 -20.72513 0.7911102 49.56294 -12.74605 -7.351792 11.49127 -8.018006 1.043923 11.55091 -5.909543 -5.445259 11.55091 -14.66949 -1.432058 11.49127 -20.366 -9.525614 11.31294 -22.1119 -4.152291 11.31295 -28.96529 -6.578567 10.85356 -27.33665 -11.59103 10.85356 -34.66592 -9.149253 10.40494 -35.80364 -8.964814 10.40494 -33.7571 -9.757678 10.44156 -33.13055 -10.70276 10.46372 -33.08194 -11.83564 10.44156 -33.45955 -12.86205 10.40494 -34.27159 -13.68 10.40494 -35.80364 -8.964814 10.40494 -34.66592 -9.149253 9.274577 -35.80364 -8.964814 9.274577 -34.66592 -9.149253 10.40494 -33.7571 -9.757678 9.274577 -33.7571 -9.757678 10.44156 -33.13055 -10.70276 9.274577 -33.13055 -10.70276 10.46372 -33.08194 -11.83564 10.44156 -33.08194 -11.83564 9.274577 -33.45955 -12.86205 10.40494 -33.45955 -12.86205 9.274577 -34.27159 -13.68 9.274577 -34.27159 -13.68 10.40494 -33.76137 -11.53505 8.224629 -34.29797 -10.23958 9.316452 -33.76137 -11.53505 9.316452 -34.29797 -10.23958 8.095034 -35.59344 -9.702972 9.316452 -35.59344 -9.702972 7.579296 -36.88891 -10.23958 9.316452 -36.88891 -10.23958 6.566364 -37.42552 -11.53505 9.316452 -37.42552 -11.53505 5.938174 -36.88892 -12.83052 6.565276 -36.88892 -12.83052 9.316452 -35.59344 -13.36712 7.578576 -35.59344 -13.36712 9.316453 -34.29798 -12.83052 8.094364 -34.29798 -12.83052 9.316452 -33.76137 -11.53505 8.224629 -33.76137 -11.53505 9.316452 -19.66286 31.28102 10.40491 -19.4867 30.142 9.274553 -19.66286 31.28102 9.274553 -19.4867 30.142 10.40491 -19.7845 29.08964 9.274553 -19.7845 29.08964 10.44154 -20.48972 28.20171 9.274553 -20.48972 28.20171 10.4637 -21.55213 27.8054 10.44154 -21.55213 27.8054 9.274553 -22.64499 27.84735 10.40491 -22.64499 27.84735 9.274553 -23.67384 28.36689 9.274553 -23.67384 28.36689 10.40491 -20.20412 32.30749 2.789916 -24.4243 29.95668 1.17625 -24.71219 30.84274 2.789917 -19.91622 31.42144 1.17625 -23.92565 28.42199 0.2445993 -19.41757 29.88675 0.2445991 -23.34985 26.64989 0.2445996 -18.84178 28.11464 0.2445994 -18.34313 26.57996 1.176251 -22.8512 25.1152 1.176251 -22.5633 24.22914 2.789914 -18.05523 25.6939 2.789914 -17.86735 24.99711 4.846341 -22.30574 23.55498 2.596794 -17.86735 24.9971 2.596794 -22.30574 23.55498 4.846341 -18.21492 26.06684 6.794512 -22.65332 24.62471 6.794513 -18.81694 27.91965 7.919291 -23.25533 26.47753 7.919291 -21.4762 28.54446 8.224605 -22.87409 28.65448 8.094339 -20.40996 29.45512 8.09501 -23.95048 28.61699 7.919291 -19.51209 30.0591 7.91929 -23.78475 29.72072 7.578552 -20.29994 30.85301 7.579272 -24.5525 30.4698 6.794512 -20.11411 31.91192 6.794511 -23.67473 31.11861 6.565251 -21.2106 31.91926 6.56634 -22.60848 32.02927 5.938149 -24.90008 31.53953 4.846346 -20.46169 32.98164 4.846346 -20.46169 32.98164 2.596796 -24.90008 31.53953 2.596796 -21.4762 28.54446 8.224605 -20.40996 29.45512 9.316429 -21.4762 28.54446 9.316429 -20.40996 29.45512 8.09501 -20.29994 30.85301 9.316429 -20.29994 30.85301 7.579272 -21.2106 31.91926 9.316429 -21.2106 31.91926 6.56634 -22.60848 32.02927 9.316429 -22.60848 32.02927 5.938149 -23.67473 31.11861 6.565251 -23.67473 31.11861 9.316429 -23.78475 29.72072 7.578552 -23.78475 29.72072 9.316429 -22.87409 28.65448 8.094339 -22.87409 28.65448 9.316429 -21.4762 28.54446 8.224605 -21.4762 28.54446 9.316429 5.895109 13.509 11.49126 7.004918 3.937653 11.55091 1.48489 7.948187 11.55091 10.93074 9.850408 11.49126 10.78204 19.74656 11.31293 15.35286 16.42566 11.31294 19.47124 22.41688 10.85355 15.20739 25.51476 10.85355 22.57214 27.84736 10.40493 23.60098 28.36688 10.40493 21.47927 27.80539 10.44155 20.41687 28.20171 10.46371 19.71165 29.08965 10.44155 19.41384 30.14199 10.40492 19.59001 31.28103 10.40492 23.60098 28.36688 10.40493 22.57214 27.84736 9.274565 23.60098 28.36688 9.274565 22.57214 27.84736 10.40493 21.47927 27.80539 9.274565 21.47927 27.80539 10.44155 20.41687 28.20171 9.274565 20.41687 28.20171 10.46371 19.71165 29.08965 10.44155 19.71165 29.08965 9.274565 19.41384 30.14199 10.40492 19.41384 30.14198 9.274564 19.59001 31.28103 9.274564 19.59001 31.28103 10.40492 24.40995 29.19884 2.789929 20.8701 32.48603 1.176262 21.62382 33.03364 2.789928 23.65624 28.65123 1.176262 19.56461 31.53754 0.2446106 22.35075 27.70274 0.2446113 18.05717 30.44231 0.2446108 20.84331 26.60752 0.2446115 19.53782 25.65904 1.176263 16.75168 29.49383 1.176262 15.99796 28.94621 2.789926 18.7841 25.11142 2.789926 18.17947 24.71741 4.846352 15.43638 28.49293 2.596805 18.17947 24.71741 2.596806 15.43638 28.49293 4.846352 19.08943 25.37854 6.794525 16.34635 29.15406 6.794524 17.92246 30.29916 7.919302 20.66553 26.52364 7.919303 20.438 29.24582 8.224617 20.11067 30.60929 8.094351 21.63358 28.51317 8.095023 19.74238 31.62141 7.919302 22.48546 27.84589 7.919302 20.84331 31.80487 7.578564 22.99705 28.84051 7.579284 21.31848 32.76652 6.794523 24.06156 28.991 6.794524 22.20679 32.1322 6.565263 23.7297 30.03609 6.566353 23.40236 31.39956 5.938161 22.22845 33.42764 4.846358 24.97152 29.65213 4.846358 24.97152 29.65213 2.596808 22.22845 33.42764 2.596808 20.438 29.24582 8.224617 21.63358 28.51317 9.316441 20.438 29.24582 9.316441 21.63358 28.51317 8.095023 22.99705 28.84051 9.316441 22.99705 28.84051 7.579284 23.7297 30.03609 9.316441 23.7297 30.03609 6.566353 23.40236 31.39956 9.31644 23.40236 31.39956 5.938161 22.20679 32.1322 6.565263 22.20679 32.1322 9.31644 20.84331 31.80487 7.578564 20.84331 31.80487 9.31644 20.11067 30.60929 8.094351 20.11067 30.60929 9.316441 20.438 29.24582 8.224617 20.438 29.24582 9.316441 7.945147 1.043924 11.55091 14.59663 -1.432057 11.49126 5.836683 -5.445258 11.55091 12.67319 -7.351793 11.49126 22.03904 -4.152296 11.31294 20.29314 -9.525619 11.31294 27.26378 -11.59104 10.85356 28.89243 -6.578577 10.85355 33.3867 -12.86206 10.40493 34.19872 -13.68001 10.40493 33.00907 -11.83565 10.44156 33.05769 -10.70277 10.46371 33.68424 -9.757684 10.44156 34.59305 -9.14926 10.40493 35.73079 -8.964826 10.40493 34.19872 -13.68001 10.40493 33.3867 -12.86206 9.274572 34.19872 -13.68001 9.274572 33.3867 -12.86206 10.40493 33.00907 -11.83565 9.274572 33.00907 -11.83565 10.44156 33.05769 -10.70277 9.274571 33.05769 -10.70277 10.46371 33.68424 -9.757684 10.44156 33.68424 -9.757684 9.274571 34.59305 -9.14926 10.40493 34.59305 -9.14926 9.274571 35.73079 -8.964826 9.274571 35.73079 -8.964826 10.40493 34.05723 -10.40023 8.224623 33.7299 -11.76369 9.316448 34.05723 -10.40023 9.316448 33.7299 -11.76369 8.095029 34.46254 -12.95927 9.316448 34.46254 -12.95927 7.579291 35.82601 -13.28661 9.316448 35.82601 -13.28661 6.56636 37.02159 -12.55396 9.316448 37.02159 -12.55396 5.938169 37.34893 -11.1905 6.56527 37.34893 -11.1905 9.316448 36.61628 -9.994913 7.57857 36.61628 -9.994913 9.316447 35.25281 -9.667582 8.094358 35.25281 -9.667582 9.316447 34.05723 -10.40023 8.224623 34.05723 -10.40023 9.316448 -3.43571 28.02193 90.70642 -4.570594 26.2771 90.8751 -4.57051 26.68815 95.12445 -3.435592 28.43297 94.95578 2.339977 28.43278 94.95392 2.339867 28.02175 90.7045 3.474786 26.27693 90.87332 3.474858 26.68796 95.12272 -10.55426 -11.96905 55.99049 -10.55426 -10.36858 55.99049 -9.531022 -13.10653 55.99049 -10.05031 -9.582159 55.99049 -8.959459 -8.964364 55.99049 -6.332551 -13.10653 55.99049 -6.332551 -1.827238 55.99049 -6.332551 1.773363 55.99049 -8.959459 8.91049 55.99049 -4.926822 -3.698095 55.14789 -6.332551 13.05266 55.99049 -4.221698 -4.386802 54.72522 -4.221698 -13.10653 54.72523 -9.531022 13.05266 55.99049 -10.05031 9.528285 55.99049 -10.55426 10.31471 55.99049 -10.55426 11.91517 55.99049 4.221719 -4.386802 54.72522 4.221719 -13.10653 54.72523 6.332572 -13.10653 55.99049 4.926842 -3.698095 55.14789 4.926842 3.64422 55.14788 -3.438058 -1.781323 55.14789 -3.438057 1.727448 55.14788 -4.926822 -1.848921 55.14789 -4.178757 -0.5469106 55.98045 -5.239477 -0.5605189 56.07135 -4.178757 0.4930356 55.98045 -5.239477 0.506644 56.07135 -4.926822 1.795046 55.14788 -4.926822 3.64422 55.14788 -4.221698 4.332927 54.72522 -4.221698 13.05266 54.72522 4.221719 13.05266 54.72522 4.221719 4.332927 54.72522 6.332572 13.05266 55.99049 8.95948 -8.964364 55.99049 9.531042 -13.10653 55.99049 8.95948 8.91049 55.99049 10.05069 -9.582159 55.99049 9.531042 13.05266 55.99049 10.55428 -10.36858 55.99049 10.55428 -11.96905 55.99049 10.05069 9.528285 55.99049 10.55428 10.31471 55.99049 10.55428 11.91517 55.99049 1.569696 -40.03975 4.846385 -2.868692 -38.59763 2.596835 1.569696 -40.03975 2.596835 -2.868692 -38.59763 4.846385 -0.5721048 -39.089 5.938188 -2.52112 -37.5279 6.794549 1.917272 -38.97003 6.79455 -1.638352 -38.17834 6.566379 0.8257814 -38.97899 6.565289 -1.74837 -36.78045 7.579309 1.736446 -37.91274 7.57859 -1.9191 -35.67508 7.919328 2.519286 -37.11721 7.919328 -0.8377023 -35.71421 8.095048 1.626427 -36.51485 8.094377 -1.22395 -33.53563 7.919327 3.214437 -34.97775 7.919328 0.5601809 -35.60419 8.224642 3.816456 -33.12493 6.794549 -0.6219357 -31.68282 6.794548 -0.2743594 -30.61309 4.846376 4.164031 -32.05521 4.846376 4.164031 -32.05521 2.59683 -0.2743594 -30.61309 2.59683 -28.9203 1.320662 48.18081 -28.46409 -1.660629 48.20274 -28.9203 -1.112072 48.18082 -28.46409 1.86922 48.20274 -21.0152 0.1042956 48.23529 -20.91679 -2.444999 48.5654 -20.64855 -0.5825206 48.57829 -20.91679 2.65359 48.5654 -20.64855 0.79111 48.57829 -19.37075 0.1042959 49.98287 -21.14042 0.1042959 49.84523 -20.72513 -0.5825204 49.56294 -19.34684 -0.5825204 49.6754 -19.26945 -0.5825205 48.6804 -20.64855 -0.5825206 48.57829 -19.24554 0.1042956 48.37293 -21.0152 0.1042956 48.23529 -20.64855 0.79111 48.57829 -19.26945 0.79111 48.6804 -20.72513 0.7911102 49.56294 -19.34684 0.7911102 49.6754 -19.37075 0.1042959 49.98287 -21.14042 0.1042959 49.84523 -19.34684 0.7911102 49.6754 -19.24554 0.1042956 48.37293 -19.26945 0.79111 48.6804 -19.37075 0.1042959 49.98287 -19.34684 -0.5825204 49.6754 -19.26945 -0.5825205 48.6804 -28.50434 -1.660629 48.72039 -28.95844 1.320661 48.67121 -28.95844 -1.112072 48.67121 -28.50434 1.869219 48.72039 -21.14042 0.1042959 49.84523 -20.99213 -2.444999 49.53401 -20.72513 -0.5825204 49.56294 -20.99213 2.653589 49.53401 -20.72513 0.7911102 49.56294 -36.94713 -13.90245 2.789941 -36.94713 -9.162385 2.78994 -36.01548 -9.162386 1.176274 -36.01548 -13.90245 1.176275 -34.40181 -13.90245 0.2446233 -34.40181 -9.162387 0.2446225 -32.53851 -13.90245 0.2446233 -32.5385 -9.162385 0.2446225 -30.92485 -9.162388 1.176274 -30.92485 -13.90245 1.176275 -29.99319 -13.90245 2.789938 -29.99319 -9.162388 2.789937 -37.66788 -13.86582 4.846371 -37.66788 -9.199022 2.59682 -37.66788 -13.86582 2.596821 -37.66788 -9.199022 4.84637 -37.42552 -11.53505 5.938174 -36.5431 -9.199019 6.794535 -36.5431 -13.86582 6.794536 -36.88891 -10.23958 6.566364 -36.88892 -12.83052 6.565276 -35.59344 -9.702972 7.579296 -35.59344 -13.36712 7.578576 -34.59493 -9.199021 7.919314 -34.59494 -13.86581 7.919314 -34.29797 -10.23958 8.095034 -34.29798 -12.83052 8.094364 -32.34538 -9.199021 7.919314 -32.34538 -13.86582 7.919314 -33.76137 -11.53505 8.224629 -30.39721 -13.86582 6.794536 -30.39722 -9.199018 6.794535 -29.27244 -9.199021 4.846363 -29.27243 -13.86582 4.846364 -29.27243 -13.86582 2.596817 -29.27244 -9.199021 2.596817 38.58766 -10.81079 4.846365 35.84458 -14.5863 2.596816 38.58766 -10.81079 2.596815 35.84458 -14.5863 4.846366 37.02159 -12.55396 5.938169 34.93462 -13.92518 6.794531 37.6777 -10.14966 6.79453 35.82601 -13.28661 6.56636 37.34893 -11.1905 6.56527 34.46254 -12.95927 7.579291 36.61628 -9.994913 7.57857 33.35852 -12.78007 7.919309 36.10159 -9.004558 7.919309 33.7299 -11.76369 8.095029 35.25281 -9.667582 8.094358 31.53859 -11.45782 7.919309 34.28167 -7.682302 7.919308 34.05723 -10.40023 8.224623 29.96249 -10.31272 6.79453 32.70557 -6.537196 6.79453 29.05253 -9.651588 4.846358 31.7956 -5.876065 4.846357 31.7956 -5.876065 2.596811 29.05253 -9.651588 2.596812 7.004918 3.937653 11.55091 7.945147 1.043924 11.55091 5.836683 -5.445258 11.55091 -3.447995 -7.23368 11.55092 3.375134 -7.23368 11.55092 1.48489 7.948187 11.55091 -1.557753 7.948184 11.55089 -7.077782 3.937649 11.5509 -8.018006 1.043923 11.55091 -5.909543 -5.445259 11.55091 -0.2743594 -30.61309 2.59683 -0.5319223 -31.28724 2.78995 -0.2743594 -30.61309 4.846376 -1.802471 -34.53031 3.721606 -0.8198209 -32.1733 1.176287 -0.6219357 -31.68282 6.794548 -1.318472 -33.70798 0.2446364 -1.22395 -33.53563 7.919327 -1.894264 -35.48009 0.2446367 -1.9191 -35.67508 7.919328 -2.392916 -37.01478 1.176288 -2.52112 -37.5279 6.794549 -2.680811 -37.90083 2.789955 -2.868692 -38.59763 4.846385 -2.868692 -38.59763 2.596835 3.976148 -32.752 2.789951 4.164031 -32.05521 2.59683 4.164031 -32.05521 4.846376 3.097811 -36.12252 3.721606 3.688251 -33.63806 1.176288 3.816456 -33.12493 6.794549 3.189598 -35.17275 0.2446366 3.214437 -34.97775 7.919328 2.613808 -36.94486 0.2446369 2.519286 -37.11721 7.919328 2.115157 -38.47954 1.176288 1.917272 -38.97003 6.79455 1.827259 -39.3656 2.789955 1.569696 -40.03975 4.846385 1.569696 -40.03975 2.596835 -19.45245 27.47608 102.2672 -20.55387 25.84334 103.2686 -18.19892 27.80913 102.8833 -21.9746 25.33418 102.5807 -20.38332 23.93874 103.6845 -20.6071 27.10976 101.3488 -21.8471 23.42885 103.027 -23.28325 24.75102 101.5552 -21.33201 26.80516 100.3323 -20.07028 22.77425 103.3867 -24.10485 24.24177 100.4201 -21.79383 26.53939 99.32439 -23.22908 22.83534 102.0146 -21.45553 22.26658 102.7024 -24.62826 23.81807 99.29466 -22.46159 26.00957 97.24666 -23.91953 22.37757 100.9451 -22.80253 21.71986 101.8464 -20.62466 21.31263 101.9224 -19.41297 21.72039 102.4097 -19.19676 20.62896 100.3817 -21.70637 20.85579 101.0498 -23.43056 21.2318 100.788 -24.51394 21.84081 99.57276 -25.38508 23.02544 96.97461 -23.55167 25.18476 93.13755 -22.5011 20.15063 99.49079 -26.62056 21.69394 92.38632 -24.73413 24.34871 87.70751 -23.91479 20.76988 99.62 -25.08546 21.04771 97.39044 -23.29795 19.23659 97.21102 -24.626 19.88195 97.34636 -26.36011 19.53139 92.91703 -27.96073 19.93794 86.32305 -24.77425 24.23724 86.62975 -25.71036 18.37744 93.1149 -28.0062 19.60874 85.11962 -24.51593 24.23265 85.69095 -27.71343 19.44528 84.07133 -27.66367 16.85063 84.61217 -27.82656 17.50496 86.91863 -27.89006 17.1092 85.69566 -26.75725 15.87762 85.73355 -26.9697 16.43766 87.57835 -26.96256 16.10024 86.57926 -25.19476 15.69303 86.91355 -25.37789 16.22437 88.63943 -24.26574 17.92651 93.38758 -22.36376 16.50917 88.79737 -20.7173 18.46303 94.4281 -23.57652 15.91397 86.18287 -17.35248 19.09928 94.8752 -18.87298 17.27286 89.0934 -19.79866 16.78122 86.0497 -16.14325 21.42154 101.0101 -19.41297 21.72039 102.4097 -12.91765 18.41103 89.31613 -16.24782 22.5549 102.9973 -12.15056 20.06031 95.39264 -11.39132 22.34817 101.8013 -16.53845 23.64789 104.1485 -20.07028 22.77425 103.3867 -20.38332 23.93874 103.6845 -11.3964 23.46927 103.9732 -16.72676 24.8623 104.5535 -20.55387 25.84334 103.2686 -11.51932 24.59978 105.1682 -16.91829 26.71905 104.1 -18.19892 27.80913 102.8833 -14.99602 28.396 103.6212 -11.61046 25.82841 105.4794 -11.73484 27.66548 105.058 -10.41771 29.06538 104.4858 -5.784083 28.2531 105.8048 -5.167236 29.46344 105.1546 -5.6559 26.40953 106.1126 -0.5426705 28.41633 106.0492 -0.5426705 29.55815 105.3735 4.081895 29.46344 105.1546 -5.635102 25.20383 105.8013 4.698742 28.2531 105.8048 9.332369 29.06538 104.4858 -0.5426705 26.5941 106.3199 10.6495 27.66548 105.058 13.91068 28.396 103.6212 4.570559 26.40953 106.1126 15.83295 26.71905 104.1 17.11358 27.80913 102.8833 19.46853 25.84334 103.2686 -0.5426705 25.40161 106.0089 10.52512 25.82841 105.4794 4.549761 25.20383 105.8013 15.64142 24.8623 104.5535 19.29798 23.93874 103.6845 10.43398 24.59978 105.1682 15.4531 23.64789 104.1485 18.98494 22.77425 103.3867 18.32763 21.72039 102.4097 4.480884 23.97969 104.8219 15.16248 22.5549 102.9973 10.31106 23.46927 103.9732 15.05791 21.42154 101.0101 18.11142 20.62896 100.3817 10.30598 22.34817 101.8013 4.42055 22.75875 102.3516 -0.5426705 24.18736 105.0694 -0.5426705 22.79513 102.4785 -5.566225 23.97969 104.8219 -5.505891 22.75875 102.3516 -0.5426705 21.01295 95.58016 -5.742572 20.89262 95.6027 4.657231 20.89262 95.6027 -0.5426705 19.60595 89.31466 -6.173841 19.42523 89.33692 11.06522 20.06031 95.39264 5.0885 19.42523 89.33692 -0.5426705 19.35101 86.32972 16.26714 19.09928 94.8752 11.8323 18.41103 89.31613 5.216797 19.02812 86.18381 -6.302138 19.02812 86.18381 -0.5426705 19.70877 84.64131 -13.36022 18.02176 86.08971 -6.44381 19.4387 84.45478 -13.71809 18.52093 84.44203 -20.47575 17.24088 84.46591 -13.82185 19.94711 83.56745 -24.48868 16.25172 84.6518 -20.82266 18.53799 83.4494 -26.19491 15.86182 85.08776 -26.75725 15.87762 85.73355 -27.66367 16.85063 84.61217 -25.23109 17.36619 83.43242 -26.83876 16.90082 83.78327 -27.71343 19.44528 84.07133 -26.7971 19.59429 83.12886 -23.70744 24.41602 84.84689 -24.51593 24.23265 85.69095 -25.53052 20.03404 82.89128 -22.58991 24.73538 84.63413 -21.75374 21.15239 82.89128 -19.25758 25.54377 84.63413 -14.61272 22.7339 82.89128 -12.95692 26.72409 84.63412 -6.469364 23.6109 82.89127 -4.183336 27.47275 84.63412 -3.033364 25.97129 83.91623 -6.414686 20.74248 83.50811 -0.5426705 23.79143 82.89127 1.948023 25.97129 83.91623 -0.5426705 20.95728 83.61307 5.384023 23.6109 82.89127 3.097995 27.47275 84.63412 11.87158 26.72409 84.63412 5.329346 20.74248 83.50811 5.358469 19.4387 84.45478 12.73651 19.94711 83.56745 13.52738 22.7339 82.89128 18.17224 25.54377 84.63413 12.27488 18.02176 86.08971 20.66839 21.15239 82.89128 21.50457 24.73538 84.63413 17.78764 17.27286 89.0934 24.44518 20.03404 82.89128 22.6221 24.41602 84.84689 19.73732 18.53799 83.4494 25.71176 19.59429 83.12886 26.62809 19.44528 84.07133 23.43059 24.23265 85.69095 24.14575 17.36619 83.43242 25.75342 16.90082 83.78327 26.57833 16.85063 84.61217 25.10957 15.86182 85.08776 25.67191 15.87762 85.73355 24.10943 15.69303 86.91355 23.40334 16.25172 84.6518 19.39041 17.24088 84.46591 12.63275 18.52093 84.44203 22.49118 15.91397 86.18287 18.71332 16.78122 86.0497 21.27842 16.50917 88.79737 19.63196 18.46303 94.4281 24.29255 16.22437 88.63943 23.1804 17.92651 93.38758 22.21261 19.23659 97.21102 25.88436 16.43766 87.57835 24.62502 18.37744 93.1149 23.54066 19.88195 97.34636 25.27477 19.53139 92.91703 25.87721 16.10024 86.57926 25.67191 15.87762 85.73355 26.74122 17.50496 86.91863 26.80472 17.1092 85.69566 26.57833 16.85063 84.61217 26.92086 19.60874 85.11962 26.62809 19.44528 84.07133 23.43059 24.23265 85.69095 23.68891 24.23724 86.62975 26.87539 19.93794 86.32305 23.64879 24.34871 87.70751 25.53522 21.69394 92.38632 22.46633 25.18476 93.13755 24.00012 21.04771 97.39044 24.29974 23.02544 96.97461 21.37625 26.00957 97.24666 22.82945 20.76988 99.62 23.4286 21.84081 99.57276 23.54292 23.81807 99.29466 20.70849 26.53939 99.32439 21.41576 20.15063 99.49079 23.01951 24.24177 100.4201 20.24667 26.80516 100.3323 22.34522 21.2318 100.788 22.83419 22.37757 100.9451 20.62103 20.85579 101.0498 21.71719 21.71986 101.8464 22.14374 22.83534 102.0146 22.19791 24.75102 101.5552 19.52176 27.10976 101.3488 20.37019 22.26658 102.7024 20.76176 23.42885 103.027 20.88926 25.33418 102.5807 18.36711 27.47608 102.2672 19.46853 25.84334 103.2686 17.11358 27.80913 102.8833 19.29798 23.93874 103.6845 18.98494 22.77425 103.3867 19.53932 21.31263 101.9224 18.32763 21.72039 102.4097 0.5761303 -29.24826 71.76181 5.856005 -28.05174 72.78669 0.5292577 -28.46435 72.89611 6.029903 -28.82954 71.71369 11.0656 -26.31417 72.78002 0.5237538 -29.77132 65.71105 11.40477 -27.022 71.71253 6.078787 -29.22056 65.71035 16.38058 -23.90636 71.77317 15.80881 -23.13815 72.59372 19.95423 -19.65585 72.75366 11.52695 -27.38799 65.69815 6.004819 -28.89336 59.36324 0.4364836 -29.56917 59.37395 5.779282 -27.88879 57.54546 0.3715766 -28.55541 57.54554 10.9534 -26.18019 57.54534 11.37601 -27.12056 59.36269 16.85064 -23.34737 56.99964 16.75799 -24.2699 66.06872 17.42875 -24.25629 58.85308 20.57827 -20.85362 59.36899 19.86154 -20.05361 57.51263 20.56473 -20.15336 71.70593 20.69224 -20.60147 66.26531 24.03741 -16.17986 59.42553 23.17308 -15.63984 57.54545 24.23574 -16.06302 66.35961 24.15648 -15.98627 71.72679 23.46209 -15.599 72.81439 26.60983 -10.85976 71.77815 25.82555 -10.61337 72.91234 26.75712 -11.02156 66.07225 26.57779 -11.13965 59.39333 25.62319 -10.77284 57.54545 28.26792 -5.381124 66.12642 28.02389 -5.508399 71.73728 27.1969 -5.408372 72.81395 28.36702 -4.706849 59.11527 27.41295 -4.41155 57.18191 26.98925 0.3098134 57.49006 28.12491 0.1714374 71.67183 27.31578 0.1660217 72.70262 26.69156 5.628303 72.81488 28.59106 0.1369875 65.977 28.0101 0.5034138 59.56476 26.73831 6.07779 57.15971 27.4961 5.777977 71.71988 25.25503 10.67614 72.8365 27.99972 5.853124 65.80857 27.57892 6.021353 59.73252 25.08538 10.51826 57.54063 25.97035 11.01227 71.73502 22.54697 15.45998 72.84442 26.01448 10.95969 59.35491 22.24693 14.88049 57.83859 26.22141 11.13523 65.66676 23.10945 15.5311 60.08973 18.97807 19.05185 57.57889 23.1857 15.92923 71.73773 23.52351 15.99426 65.81022 19.1668 20.08786 71.68465 18.68925 19.50679 72.72358 19.74666 20.16377 65.84857 19.63345 19.8093 59.44665 15.2933 23.86961 65.70751 14.48384 23.50179 71.68233 14.06387 22.83582 72.7236 14.82977 23.50845 59.43568 14.31967 22.65434 57.58374 10.01541 25.80368 60.24435 9.624083 24.7729 57.9615 10.18687 26.44025 65.70751 9.47491 26.06968 71.64628 9.188364 25.33355 72.6435 4.708173 27.9245 65.72747 4.855282 27.50371 59.50502 4.667501 26.47819 57.60288 -1.274184 27.63426 59.4396 -1.279375 26.54461 57.72971 -1.324409 27.6844 65.65327 4.335986 27.54578 71.67671 -1.022973 27.98894 71.68532 4.272247 26.79345 72.71289 -1.026151 27.18586 72.75815 -1.022973 27.98894 71.68532 -6.443432 26.55358 72.73215 -1.026151 27.18586 72.75815 -6.61623 27.32325 71.68355 -11.65574 24.83168 72.7321 -1.324409 27.6844 65.65327 -11.97643 25.55452 71.67623 -16.27154 22.08683 72.7541 -6.698362 27.68652 65.70751 -16.70572 22.73407 71.69253 -20.539 18.44419 72.60091 -12.12686 25.89345 65.70751 -6.624016 27.35708 59.3632 -1.274184 27.63426 59.4396 -1.279375 26.54461 57.72971 -6.398476 26.35249 57.54545 -11.57245 24.64349 57.54545 -11.98965 25.58478 59.3632 -16.31361 21.95794 57.54545 -16.90642 22.79975 59.3632 -21.13856 17.91096 57.30539 -17.10125 23.07579 65.70751 -21.88421 18.62094 59.12315 -21.04759 18.98318 71.61585 -21.43168 19.33222 65.67604 -24.65523 14.53748 71.55205 -23.94361 14.10524 72.47106 -24.95501 14.78276 65.53604 -26.46605 9.275914 72.48856 -24.66211 14.65442 59.36321 -23.79228 14.10355 57.54545 -27.53618 9.720038 65.63 -27.24181 9.56004 71.5522 -27.20298 9.607144 59.36321 -26.24239 9.236555 57.54545 -28.70389 4.115756 71.57299 -27.9173 3.988004 72.52771 -29.23124 3.747379 65.55962 -29.05916 3.235216 59.16193 -28.04472 3.059149 57.34417 -28.09701 -1.449053 57.54545 -29.45244 -1.487879 65.70758 -29.12629 -1.474275 59.36321 -27.43025 -6.857022 57.54545 -28.43483 -7.082563 59.36321 -25.6938 -12.03537 57.55236 -28.74439 -1.629153 71.68733 -27.96258 -1.605903 72.73893 -27.43289 -7.0837 72.98988 -26.61916 -12.4551 59.37413 -22.50728 -16.85629 57.6784 -28.18507 -7.277787 71.80761 -25.78823 -12.36331 72.97352 -28.74481 -7.196887 65.80641 -26.49953 -12.70699 71.7995 -22.70367 -17.03646 72.71981 -26.72201 -12.74143 65.71809 -23.30248 -17.50575 71.67997 -19.50888 -21.0747 72.7358 -23.28966 -17.45277 59.54521 -23.57351 -17.57738 65.80079 -19.44858 -20.90278 57.55255 -20.02974 -21.66124 71.6883 -20.41778 -21.89619 65.71525 -20.14237 -21.65101 59.37439 -15.38466 -25.3763 71.75694 -15.00798 -24.67065 72.88195 -15.8064 -25.4456 65.73051 -15.69818 -25.10794 59.35705 -15.16469 -24.24461 57.54244 -10.71204 -27.98905 65.71717 -10.73453 -27.49805 71.75148 -10.49334 -26.72311 72.85815 -10.29392 -27.51524 59.29236 -9.984751 -26.57763 57.48574 -5.296791 -29.50194 65.70858 -5.163652 -28.99867 71.70021 -5.017704 -28.18284 72.75688 -5.21555 -29.16016 59.35898 -5.052199 -28.15049 57.54352 0.5761303 -29.24826 71.76181 0.5292577 -28.46435 72.89611 0.5237538 -29.77132 65.71105 0.4364836 -29.56917 59.37395 0.3715766 -28.55541 57.54554 -29.27244 -9.199021 2.596817 -29.99319 -9.162388 2.789937 -29.27244 -9.199021 4.846363 -33.47015 -8.956189 3.721592 -30.92485 -9.162388 1.176274 -30.39722 -9.199018 6.794535 -32.5385 -9.162385 0.2446225 -32.34538 -9.199021 7.919314 -34.40181 -9.162387 0.2446225 -34.59493 -9.199021 7.919314 -36.01548 -9.162386 1.176274 -36.5431 -9.199019 6.794535 -36.94713 -9.162385 2.78994 -37.66788 -9.199022 4.84637 -37.66788 -9.199022 2.59682 -29.99319 -13.90245 2.789938 -29.27243 -13.86582 2.596817 -29.27243 -13.86582 4.846364 -33.47016 -14.10865 3.721593 -30.92485 -13.90245 1.176275 -30.39721 -13.86582 6.794536 -32.53851 -13.90245 0.2446233 -32.34538 -13.86582 7.919314 -34.40181 -13.90245 0.2446233 -34.59494 -13.86581 7.919314 -36.01548 -13.90245 1.176275 -36.5431 -13.86582 6.794536 -36.94713 -13.90245 2.789941 -37.66788 -13.86582 4.846371 -37.66788 -13.86582 2.596821 -17.86735 24.9971 2.596794 -18.05523 25.6939 2.789914 -17.86735 24.99711 4.846341 -18.93357 29.06441 3.721569 -18.34313 26.57996 1.176251 -18.21492 26.06684 6.794512 -18.84178 28.11464 0.2445994 -18.81694 27.91965 7.919291 -19.41757 29.88675 0.2445991 -19.51209 30.0591 7.91929 -19.91622 31.42144 1.17625 -20.11411 31.91192 6.794511 -20.20412 32.30749 2.789916 -20.46169 32.98164 4.846346 -20.46169 32.98164 2.596796 -22.5633 24.22914 2.789914 -22.30574 23.55498 2.596794 -22.30574 23.55498 4.846341 -23.83385 27.47221 3.721569 -22.8512 25.1152 1.176251 -22.65332 24.62471 6.794513 -23.34985 26.64989 0.2445996 -23.25533 26.47753 7.919291 -23.92565 28.42199 0.2445993 -23.95048 28.61699 7.919291 -24.4243 29.95668 1.17625 -24.5525 30.4698 6.794512 -24.71219 30.84274 2.789917 -24.90008 31.53953 4.846346 -24.90008 31.53953 2.596796 18.17947 24.71741 2.596806 18.7841 25.11142 2.789926 18.17947 24.71741 4.846352 21.71822 26.98831 3.72158 19.53782 25.65904 1.176263 19.08943 25.37854 6.794525 20.84331 26.60752 0.2446115 20.66553 26.52364 7.919303 22.35075 27.70274 0.2446113 22.48546 27.84589 7.919302 23.65624 28.65123 1.176262 24.06156 28.991 6.794524 24.40995 29.19884 2.789929 24.97152 29.65213 4.846358 24.97152 29.65213 2.596808 15.99796 28.94621 2.789926 15.43638 28.49293 2.596805 15.43638 28.49293 4.846352 18.68968 31.15674 3.72158 16.75168 29.49383 1.176262 16.34635 29.15406 6.794524 18.05717 30.44231 0.2446108 17.92246 30.29916 7.919302 19.56461 31.53754 0.2446106 19.74238 31.62141 7.919302 20.8701 32.48603 1.176262 21.31848 32.76652 6.794523 21.62382 33.03364 2.789928 22.22845 33.42764 4.846358 22.22845 33.42764 2.596808 29.05253 -9.651588 2.596812 29.61409 -10.10487 2.789932 29.05253 -9.651588 4.846358 32.30582 -12.3154 3.721587 30.36783 -10.65248 1.176269 29.96249 -10.31272 6.79453 31.6733 -11.60097 0.2446177 31.53859 -11.45782 7.919309 33.18074 -12.69619 0.2446178 33.35852 -12.78007 7.919309 34.48623 -13.64469 1.176269 34.93462 -13.92518 6.794531 35.23995 -14.19229 2.789936 35.84458 -14.5863 4.846366 35.84458 -14.5863 2.596816 32.40023 -6.270078 2.789931 31.7956 -5.876065 2.596811 31.7956 -5.876065 4.846357 35.33436 -8.146972 3.721586 33.15396 -6.817692 1.176268 32.70557 -6.537196 6.79453 34.45944 -7.766184 0.2446171 34.28167 -7.682302 7.919308 35.96689 -8.861404 0.2446172 36.10159 -9.004558 7.919309 37.27238 -9.809894 1.176269 37.6777 -10.14966 6.79453 38.02609 -10.35751 2.789935 38.58766 -10.81079 4.846365 38.58766 -10.81079 2.596815 -1.573598 -2.725552 37.30024 6.97146e-6 -3.147198 37.30024 1.573612 -2.725552 37.30024 -2.725556 -1.573593 37.30024 -3.147202 1.20374e-5 37.30024 2.725571 -1.573593 37.30024 3.147217 1.05243e-5 37.30024 2.725572 1.573615 37.30024 1.573615 2.725575 37.30024 7.43082e-6 3.147222 37.30024 -1.573598 2.725576 37.30024 -2.725557 1.573617 37.30024 9.264161 -10.75233 55.23834 8.429143 -10.19898 56.0038 9.325863 -10.71671 56.0038 8.429141 -10.27023 55.23834 8.741 -11.05437 54.94515 9.264163 -11.71654 55.23834 9.325863 -10.71671 56.0038 9.325863 -11.75216 56.0038 8.429146 -12.2699 56.0038 9.325863 -11.75216 56.0038 8.429135 -12.19863 55.23834 8.740995 -11.41448 54.94515 8.429144 -11.59453 54.94515 8.429141 -10.87433 54.94514 8.11729 -11.41449 54.94515 8.117284 -11.05437 54.94515 7.594119 -10.75233 55.23834 8.429143 -10.19898 56.0038 7.532413 -10.71672 56.0038 7.594111 -11.71654 55.23834 8.429146 -12.2699 56.0038 7.532413 -11.75217 56.0038 7.532413 -10.71672 56.0038 7.532413 -11.75217 56.0038 -7.737797 -10.75233 55.23834 -8.572814 -10.19898 56.0038 -7.676094 -10.71671 56.0038 -8.572817 -10.27023 55.23834 -8.260958 -11.05437 54.94515 -7.737794 -11.71654 55.23834 -7.676094 -10.71671 56.0038 -7.676094 -11.75216 56.0038 -8.572812 -12.2699 56.0038 -7.676094 -11.75216 56.0038 -8.572822 -12.19863 55.23834 -8.260963 -11.41448 54.94515 -8.572813 -11.59453 54.94515 -8.572816 -10.87433 54.94514 -8.884668 -11.41449 54.94515 -8.884674 -11.05437 54.94515 -9.407838 -10.75233 55.23834 -8.572814 -10.19898 56.0038 -9.469544 -10.71672 56.0038 -9.407846 -11.71654 55.23834 -8.572812 -12.2699 56.0038 -9.469544 -11.75217 56.0038 -9.469544 -10.71672 56.0038 -9.469544 -11.75217 56.0038 9.264161 11.45903 55.23833 8.429143 12.01237 56.0038 9.325863 11.49464 56.0038 8.429141 11.94113 55.23833 8.741 11.15698 54.94514 9.264163 10.49482 55.23833 9.325863 11.49464 56.0038 9.325863 10.45919 56.0038 8.429146 9.941456 56.0038 9.325863 10.45919 56.0038 8.429135 10.01272 55.23833 8.740995 10.79687 54.94514 8.429144 10.61682 54.94514 8.429141 11.33702 54.94514 8.11729 10.79687 54.94514 8.117284 11.15698 54.94514 7.594119 11.45902 55.23833 8.429143 12.01237 56.0038 7.532413 11.49464 56.0038 7.594111 10.49482 55.23833 8.429146 9.941456 56.0038 7.532413 10.45919 56.0038 7.532413 11.49464 56.0038 7.532413 10.45919 56.0038 -7.737797 11.45903 55.23833 -8.572814 12.01237 56.0038 -7.676094 11.49464 56.0038 -8.572817 11.94113 55.23833 -8.260958 11.15698 54.94514 -7.737794 10.49482 55.23833 -7.676094 11.49464 56.0038 -7.676094 10.45919 56.0038 -8.572812 9.941456 56.0038 -7.676094 10.45919 56.0038 -8.572822 10.01272 55.23833 -8.260963 10.79687 54.94514 -8.572813 10.61682 54.94514 -8.572816 11.33702 54.94514 -8.884668 10.79687 54.94514 -8.884674 11.15698 54.94514 -9.407838 11.45902 55.23833 -8.572814 12.01237 56.0038 -9.469544 11.49464 56.0038 -9.407846 10.49482 55.23833 -8.572812 9.941456 56.0038 -9.469544 10.45919 56.0038 -9.469544 11.49464 56.0038 -9.469544 10.45919 56.0038 1.736446 -37.91273 9.316467 1.626427 -36.51485 9.316467 0.5601809 -35.60419 9.316466 -0.8377023 -35.71421 9.316467 -1.74837 -36.78045 9.316467 -1.638352 -38.17834 9.316467 -0.5721048 -39.089 9.316467 0.8257814 -38.97898 9.316467 -35.59344 -13.36712 9.316453 -34.29798 -12.83052 9.316452 -33.76137 -11.53505 9.316452 -34.29797 -10.23958 9.316452 -35.59344 -9.702972 9.316452 -36.88891 -10.23958 9.316452 -37.42552 -11.53505 9.316452 -36.88892 -12.83052 9.316452 -23.78475 29.72072 9.316429 -22.87409 28.65448 9.316429 -21.4762 28.54446 9.316429 -20.40996 29.45512 9.316429 -20.29994 30.85301 9.316429 -21.2106 31.91926 9.316429 -22.60848 32.02927 9.316429 -23.67473 31.11861 9.316429 20.84331 31.80487 9.31644 20.11067 30.60929 9.316441 20.438 29.24582 9.316441 21.63358 28.51317 9.316441 22.99705 28.84051 9.316441 23.7297 30.03609 9.316441 23.40236 31.39956 9.31644 22.20679 32.1322 9.31644 36.61628 -9.994913 9.316447 35.25281 -9.667582 9.316447 34.05723 -10.40023 9.316448 33.7299 -11.76369 9.316448 34.46254 -12.95927 9.316448 35.82601 -13.28661 9.316448 37.02159 -12.55396 9.316448 37.34893 -11.1905 9.316448 2.442489 -36.75226 10.40495 2.403244 -37.88909 9.274591 2.442489 -36.75226 9.274591 2.407065 -37.83026 11.73054 1.915015 -38.85066 9.274591 2.422228 -37.26208 12.40253 1.953917 -38.70923 12.43684 1.041736 -39.57712 9.274591 2.451408 -36.17811 12.72135 1.075383 -39.42396 12.82728 -0.03643572 -39.79261 9.274591 2.013916 -37.90141 13.45253 2.089268 -36.50188 13.91403 1.123469 -38.47902 14.09916 2.598776 -29.51122 10.85357 2.442489 -36.75226 10.40495 1.180958 -36.87061 14.73705 2.600326 -29.41149 13.56838 2.788491 -22.24349 11.31296 2.242062 -29.46772 14.87786 2.78867 -22.23205 14.18207 3.075757 -14.32474 11.49128 1.277343 -29.53176 15.82777 3.075784 -14.32306 14.45703 3.375134 -7.23368 11.55092 3.375134 -7.23368 14.44065 2.409605 -22.23851 15.59359 2.658745 -14.32401 16.01299 2.918073 -7.23368 16.14643 1.669355 -7.233679 17.39515 1.519603 -14.32508 17.15189 -0.03643184 -7.233681 17.85223 1.375592 -22.24585 16.62592 -0.03642863 -14.32567 17.56874 -0.03642904 -22.24987 17.00369 -1.59246 -14.32508 17.15189 -1.742213 -7.233679 17.39515 -1.448454 -22.24584 16.62592 -0.03643274 -29.56682 16.17475 -1.350207 -29.53176 15.82777 -0.03643351 -37.07249 15.0342 -1.25382 -36.87061 14.73705 -0.03643274 -38.67441 14.33377 -1.196332 -38.47902 14.09916 -0.03643649 -39.61495 12.96986 -1.148249 -39.42396 12.82728 -1.114611 -39.57712 9.274591 -2.08678 -37.90141 13.45253 -2.026787 -38.70923 12.43684 -1.987878 -38.85066 9.274591 -2.162132 -36.50188 13.91403 -2.495095 -37.26208 12.40253 -2.479936 -37.83026 11.73054 -2.476106 -37.88909 9.274591 -2.515354 -36.75226 10.40495 -2.515354 -36.75226 9.274591 -2.524276 -36.17811 12.72135 -2.314925 -29.46772 14.87786 -2.671643 -29.51121 10.85358 -2.515354 -36.75226 10.40495 -2.673193 -29.41148 13.56838 -2.861355 -22.24349 11.31296 -2.482464 -22.2385 15.5936 -2.861531 -22.23205 14.18207 -3.14862 -14.32474 11.49128 -3.148645 -14.32306 14.45703 -3.447995 -7.23368 11.55092 -3.447995 -7.23368 14.44065 -2.731605 -14.32401 16.01299 -2.990933 -7.23368 16.14643 -4.452407 0.1043013 55.41524 -2.90365 0.6443582 56.53841 -2.724808 0.1043047 56.05693 -4.63125 0.6443547 55.89672 -5.218719 0.1043013 54.78756 -4.810089 0.1043014 56.3782 -3.082489 0.1043049 57.01989 -5.655982 0.6443548 55.05701 -7.801424 0.1042963 50.59642 -4.631247 -0.4357537 55.89672 -2.903647 -0.4357501 56.53841 -2.724808 0.1043047 56.05693 -4.452407 0.1043013 55.41524 -5.218719 0.1043013 54.78756 -5.655981 -0.4357537 55.05702 -6.093249 0.1043013 55.32647 -8.23869 -0.4357596 50.86587 -7.801424 0.1042963 50.59642 -9.69191 0.1042953 49.43891 -8.675958 0.1042969 51.13534 -9.731738 -0.4357597 49.95099 -19.62613 0.1042953 48.638 -19.66595 -0.4357597 49.15007 -9.771565 0.1042959 50.46306 -19.70578 0.1042959 49.66215 -19.66596 0.6443486 49.15007 -9.731739 0.6443488 49.95099 -19.62613 0.1042953 48.638 -9.69191 0.1042953 49.43891 -8.238692 0.6443489 50.86587 -34.27159 -13.68 10.40494 -35.3649 -13.99398 9.274577 -34.27159 -13.68 9.274577 -35.30777 -13.97943 11.73053 -36.43028 -13.82679 9.274577 -34.76272 -13.81828 12.40252 -36.28376 -13.82008 12.43682 -37.39105 -13.22074 9.274577 -33.72277 -13.51106 12.72134 -37.23498 -13.20541 12.82726 -37.92916 -12.26193 9.274577 -35.49693 -13.62751 13.45252 -37.7602 -12.20703 12.96984 -36.32143 -12.95914 14.09914 -37.92212 -11.09061 12.82726 -38.05739 -11.16993 9.274577 -36.86569 -11.91638 14.33376 -34.77398 -12.51679 14.73704 -35.34217 -11.42137 15.03419 -34.14261 -13.2667 13.91402 -37.03829 -10.75288 14.09914 -27.33665 -11.59103 10.85356 -34.27159 -13.68 10.40494 -36.76411 -9.72752 13.45252 -27.24133 -11.56169 13.56837 -20.366 -9.525614 11.31294 -27.40551 -11.23834 14.87785 -20.35507 -9.522251 14.18206 -12.74605 -7.351792 11.49127 -20.47835 -9.163732 15.59358 -27.76453 -10.34063 15.82776 -20.80485 -8.182596 16.62591 -28.20386 -9.101987 16.17474 -21.24502 -6.840928 17.00367 -35.52637 -10.20118 14.73704 -28.57649 -7.841677 15.82776 -35.45636 -9.223376 13.91402 -21.67753 -5.496766 16.62591 -28.8137 -6.904387 14.87785 -13.70866 -4.392216 17.56873 -13.22726 -5.871907 17.15188 -14.18894 -2.912159 17.15188 -12.87422 -6.954965 16.01298 -6.96378 -2.200666 17.85222 -6.436657 -3.822966 17.39514 -7.49089 -0.5783716 17.39514 -6.050782 -5.010567 16.14642 -14.53993 -1.828437 16.01298 -7.876765 0.6092318 16.14642 -8.018006 1.043923 14.44064 -12.74445 -7.3513 14.45702 -5.909543 -5.445259 14.44064 -5.909543 -5.445259 11.55091 -14.6679 -1.431515 14.45702 -8.018006 1.043923 11.55091 -14.66949 -1.432058 11.49127 -21.99007 -4.511095 15.59359 -22.10108 -4.148588 14.18206 -22.1119 -4.152291 11.31295 -28.87092 -6.546275 13.56837 -28.96529 -6.578567 10.85356 -35.26034 -8.778906 12.72133 -35.80364 -8.964814 10.40494 -36.28226 -9.141628 12.40252 -35.80364 -8.964814 10.40494 -37.51386 -10.03421 12.43682 -37.63634 -10.11492 9.274577 -36.81794 -9.331621 11.73053 -36.87271 -9.353443 9.274577 -35.80364 -8.964814 9.274577 -23.67384 28.36689 10.40491 -24.3103 29.30966 9.274553 -23.67384 28.36689 9.274553 -24.27882 29.25982 11.7305 -24.48052 30.37456 9.274553 -23.95712 28.79125 12.40249 -24.42886 30.23728 12.4368 -24.20102 31.47559 9.274553 -23.34358 27.89714 12.72131 -24.13822 31.3319 12.82724 -23.45542 32.28365 9.274553 -24.00257 29.54847 13.45249 -23.351 32.13992 12.96982 -23.24091 28.37194 13.914 -22.33926 32.63891 12.82724 -22.45649 32.74305 9.274553 -22.79816 31.37901 14.33373 -23.6217 30.53916 14.09912 -21.74494 31.9027 14.09912 -22.72281 29.20414 14.73702 -21.85658 30.08303 15.03417 -21.2084 32.57708 12.4368 -21.32301 32.66863 9.274553 -20.75303 30.63527 14.73702 -20.32515 32.13233 11.7305 -20.36283 32.17767 9.274553 -20.68504 31.9588 13.45249 -19.97892 31.68158 12.4025 -19.66286 31.28102 10.40491 -19.66286 31.28102 9.274553 -19.31816 30.82177 12.72131 -15.28024 25.51476 10.85354 -19.66286 31.28102 10.40491 -19.80145 30.87085 13.914 -15.22036 25.43498 13.56834 -10.8549 19.74656 11.31292 -16.36138 24.75466 15.82774 -10.84803 19.73741 14.18204 -5.967973 13.509 11.49125 -15.54327 25.2699 14.87783 -5.966967 13.50766 14.457 -1.557753 7.948184 11.55089 -1.557753 7.948185 14.44062 -11.15849 19.51982 15.59357 -6.304917 13.2633 16.01296 -1.927524 7.679531 16.1464 -2.93776 6.945552 17.39512 -7.227136 12.5946 17.15186 -4.317767 5.94292 17.8522 -11.99934 18.91798 16.62589 -8.486338 11.68046 17.56871 -13.14406 18.09127 17.00366 -9.744847 10.76537 17.15186 -5.697777 4.940282 17.39512 -14.28405 17.25805 16.62589 -17.44486 24.01082 16.17472 -18.48711 23.21023 15.82774 -19.22995 22.59137 14.87783 -15.11627 16.64434 15.59356 -19.48674 22.3353 13.56834 -19.5441 22.41689 10.85354 -23.67384 28.36689 10.40491 -15.42572 16.42566 11.31292 -15.41914 16.41631 14.18204 -11.0036 9.850404 11.49125 -10.6658 10.09493 16.01296 -6.708011 4.206304 16.1464 -11.00264 9.849037 14.457 -7.077782 3.937649 11.5509 -7.077782 3.93765 14.44062 19.59001 31.28103 10.40492 20.28997 32.17767 9.274564 19.59001 31.28103 9.274564 20.2523 32.13233 11.73051 21.25015 32.66863 9.274564 19.90607 31.68157 12.40251 21.13555 32.57708 12.43681 22.38365 32.74305 9.274564 19.24531 30.82177 12.72132 22.26641 32.63892 12.82725 23.38257 32.28364 9.274564 20.61218 31.9588 13.4525 21.67208 31.90271 14.09913 23.27815 32.13991 12.96983 15.20739 25.51476 10.85355 19.59001 31.28103 10.40492 24.06536 31.33189 12.82725 24.12817 31.47557 9.274564 22.72531 31.37901 14.33374 24.35601 30.23728 12.43681 24.40766 30.37457 9.274564 23.54884 30.53916 14.09913 21.78372 30.08303 15.03418 24.20597 29.25982 11.73052 24.23745 29.30966 9.274565 23.60098 28.36688 10.40493 23.60098 28.36688 9.274565 23.88426 28.79125 12.40251 23.27072 27.89713 12.72132 23.92972 29.54848 13.45251 23.16805 28.37194 13.91401 22.64995 29.20414 14.73703 19.47124 22.41688 10.85355 23.60098 28.36688 10.40493 17.372 24.01082 16.17473 19.41387 22.33529 13.56836 15.35286 16.42566 11.31294 19.15709 22.59137 14.87784 18.41426 23.21023 15.82775 15.34628 16.4163 14.18205 10.93074 9.850408 11.49126 15.0434 16.64433 15.59358 14.21119 17.25805 16.6259 10.92977 9.849037 14.45702 7.004918 3.937653 11.55091 7.004918 3.937653 14.44063 6.635147 4.206307 16.14642 10.59294 10.09494 16.01297 5.624912 4.940288 17.39513 9.671983 10.76538 17.15187 4.244905 5.942922 17.85221 8.413473 11.68047 17.56872 13.0712 18.09128 17.00367 7.15427 12.5946 17.15187 2.864895 6.945557 17.39513 11.92648 18.91799 16.6259 16.28853 24.75466 15.82775 6.232051 13.2633 16.01297 1.85466 7.679535 16.14641 1.48489 7.948188 14.44063 11.08564 19.51982 15.59357 5.894105 13.50767 14.45701 1.48489 7.948187 11.55091 5.895109 13.509 11.49126 10.77517 19.73741 14.18205 10.78204 19.74656 11.31293 15.4704 25.2699 14.87784 15.14752 25.435 13.56836 19.7286 30.87085 13.91401 20.68017 30.63527 14.73703 35.73079 -8.964826 10.40493 36.79985 -9.353447 9.274571 35.73079 -8.964826 9.274571 36.74507 -9.331633 11.73052 37.56348 -10.11492 9.274571 36.20939 -9.141636 12.40251 37.441 -10.03422 12.43682 37.98453 -11.16995 9.274572 35.18748 -8.778914 12.72133 37.84926 -11.09062 12.82726 37.8563 -12.26194 9.274572 36.69125 -9.727524 13.45251 37.68733 -12.20704 12.96984 28.89243 -6.578577 10.85355 35.73079 -8.964826 10.40493 37.16212 -13.20542 12.82726 37.31818 -13.22076 9.274572 28.79807 -6.546286 13.56836 22.03904 -4.152296 11.31294 36.21089 -13.82009 12.43682 36.35742 -13.82679 9.274572 22.02822 -4.148591 14.18205 14.59663 -1.432057 11.49126 35.3835 -9.223382 13.91401 28.74084 -6.904386 14.87784 14.59505 -1.431515 14.45701 7.945147 1.043924 11.55091 7.945147 1.043925 14.44063 21.91722 -4.511097 15.59358 14.46707 -1.828434 16.01297 7.803908 0.6092338 16.14641 7.418033 -0.5783675 17.39513 14.11608 -2.912155 17.15187 6.890916 -2.200667 17.85221 21.60467 -5.496768 16.6259 13.6358 -4.392211 17.56872 28.50363 -7.841683 15.82775 21.17217 -6.840924 17.00367 13.1544 -5.871903 17.15187 6.3638 -3.822962 17.39513 20.73199 -8.182598 16.6259 12.80137 -6.954965 16.01298 5.977923 -5.010566 16.14642 20.40548 -9.163731 15.59358 12.67159 -7.351298 14.45702 5.836683 -5.445258 14.44063 5.836683 -5.445258 11.55091 12.67319 -7.351793 11.49126 20.28221 -9.52225 14.18206 20.29314 -9.525619 11.31294 27.16845 -11.56169 13.56836 27.26378 -11.59104 10.85356 27.33265 -11.23834 14.87784 33.64991 -13.51107 12.72133 34.19872 -13.68001 10.40493 27.69167 -10.34063 15.82776 34.06975 -13.2667 13.91401 28.131 -9.10199 16.17473 34.70112 -12.51679 14.73704 34.68986 -13.81829 12.40252 34.19872 -13.68001 10.40493 35.42407 -13.62752 13.45251 35.29204 -13.99398 9.274572 34.19872 -13.68001 9.274572 35.23491 -13.97945 11.73052 36.24857 -12.95914 14.09914 35.26931 -11.42137 15.03418 36.79283 -11.9164 14.33375 35.45351 -10.20118 14.73704 36.96543 -10.75288 14.09914 1.654119 29.09226 94.06188 -0.02268087 28.80738 93.11215 1.992854 28.99932 92.80113 0.7286787 29.1603 94.98481 -0.02268147 28.76384 92.52161 -0.535499 28.82914 93.40744 1.654118 28.90638 91.54037 -0.535499 29.1852 95.32263 0.7286765 28.83835 90.61744 -1.799675 29.1603 94.98481 -0.535499 28.74207 92.22633 -1.048317 28.80738 93.11215 -0.5354993 28.81345 90.27962 -2.725116 29.09226 94.06188 -1.799675 28.83835 90.61744 -3.063851 28.99932 92.80113 -1.048317 28.76384 92.52161 -2.725116 28.90638 91.54037 -1.675709 31.54636 94.59362 -2.725116 31.19532 93.90686 -1.799675 31.26336 94.8298 -0.535499 31.28826 95.16761 -2.5104 31.48499 93.76119 -3.063851 31.10239 92.6461 -0.5354989 31.56881 94.89833 -2.815919 31.40117 92.62406 -2.5104 31.31734 91.48695 -2.725116 31.00945 91.38534 -1.799675 30.94141 90.4624 0.6047121 31.54636 94.59362 0.7286787 31.26336 94.8298 1.654119 31.19532 93.90686 -1.675709 31.25598 90.65451 -0.5354993 30.91651 90.12458 1.439403 31.48499 93.76119 -0.5354993 31.23352 90.34982 1.992854 31.10239 92.6461 0.60471 31.25598 90.65451 0.7286765 30.94141 90.4624 1.439401 31.31734 91.48695 1.654118 31.00945 91.38534 1.74492 31.40117 92.62406 -16.31361 21.95794 57.54545 -19.03403 16.0396 56.73899 -21.13856 17.91096 57.30539 -23.79228 14.10355 57.54545 -14.73575 19.72345 56.95043 -11.57245 24.64349 57.54545 -21.48695 12.64358 56.9519 -8.926891 22.65743 56.95189 -6.398476 26.35249 57.54545 -17.67467 15.76276 56.39365 -14.15194 18.88063 56.34055 -5.800724 23.69002 56.95189 -1.279375 26.54461 57.72971 -8.584401 21.70333 56.33189 -5.588231 22.69636 56.33189 -0.9993446 24.30076 57.22572 -8.627901 11.03452 56.30107 -0.9296833 23.19753 56.30004 4.019184 23.8286 56.95429 4.667501 26.47819 57.60288 9.624083 24.7729 57.9615 3.655948 22.8184 56.14908 7.800295 11.18011 56.14929 7.517901 21.88619 56.15107 8.593431 22.27722 56.96242 13.04441 20.39695 56.95185 14.31967 22.65434 57.58374 12.52658 19.56805 56.33189 18.97807 19.05185 57.57889 16.22831 16.67099 56.33254 17.43469 16.99524 56.86949 22.24693 14.88049 57.83859 19.32357 13.10243 56.34519 20.01805 13.35796 56.90608 22.6068 9.38907 56.95175 25.08538 10.51826 57.54063 21.66161 9.013114 56.33189 24.15304 5.424692 56.57036 26.73831 6.07779 57.15971 26.98925 0.3098134 57.49006 23.13914 4.544875 56.33137 24.60645 -0.03759491 56.93564 23.68931 -0.1051238 56.32784 24.7327 -3.951658 56.58929 27.41295 -4.41155 57.18191 25.62319 -10.77284 57.54545 23.38303 -4.832944 56.3319 23.07734 -9.790666 56.9519 23.17308 -15.63984 57.54545 8.420912 -12.34858 56.14537 22.13089 -9.374739 56.3319 20.01676 -13.58498 56.3319 20.86775 -14.17987 56.9519 17.85192 -18.07552 56.94583 19.86154 -20.05361 57.51263 17.00659 -17.29292 56.137 15.1792 -20.82695 56.48641 16.85064 -23.34737 56.99964 10.9534 -26.18019 57.54534 13.9539 -19.92602 56.16784 9.847572 -23.6851 56.9519 5.779282 -27.88879 57.54546 8.69861 -22.87657 56.14362 5.181527 -25.22632 56.9519 0.3715766 -28.55541 57.54554 4.340205 -24.22997 56.18205 0.3044629 -25.82763 56.9519 -5.052199 -28.15049 57.54352 0.313292 -24.77217 56.3319 -4.595922 -25.46581 56.95185 -9.984751 -26.57763 57.48574 -4.385513 -24.43016 56.3319 -9.248504 -24.12379 56.93674 -15.16469 -24.24461 57.54244 -8.766705 -23.009 56.2027 -8.724736 -12.71544 56.23244 -13.13755 -21.06389 56.3319 -13.72058 -21.94522 56.95176 -19.44858 -20.90278 57.55255 -16.85445 -18.169 56.3319 -17.59299 -18.92243 56.95244 -22.50728 -16.85629 57.6784 -20.63131 -15.22862 56.99551 -25.6938 -12.03537 57.55236 -19.89382 -14.61119 56.3423 -23.22453 -10.92563 56.95241 -27.43025 -6.857022 57.54545 -22.26131 -10.50767 56.3319 -24.76778 -6.259269 56.9519 -23.74349 -6.035663 56.3319 -28.09701 -1.449053 57.54545 -24.32474 -1.360421 56.3319 -25.36908 -1.382208 56.9519 -25.35618 2.592519 56.75062 -28.04472 3.059149 57.34417 -26.24239 9.236555 57.54545 -24.16386 2.431197 56.13056 -23.69653 8.254379 56.9519 -22.73059 7.880177 56.33189 -21.10929 11.29684 56.13056 -26.46605 9.275914 72.48856 -27.9173 3.988004 72.52771 -26.38232 3.736771 73.37648 -27.96258 -1.605903 72.73893 -24.97202 8.719202 73.21208 -23.94361 14.10524 72.47106 -26.48779 -1.535698 73.49211 -22.6039 13.29217 73.19918 -25.99642 -6.686507 73.67764 -27.43289 -7.0837 72.98988 -19.69631 -1.243526 73.48838 -18.40213 6.211595 73.4881 -24.38901 -11.70482 73.22301 -25.78823 -12.36331 72.97352 -18.03857 -8.625177 73.48553 -21.64411 -16.11096 73.49526 -22.70367 -17.03646 72.71981 -18.39629 -19.84959 73.3738 -19.50888 -21.0747 72.7358 -13.46068 -14.5277 73.38722 -14.28252 -23.27585 73.58425 -15.00798 -24.67065 72.88195 -10.49334 -26.72311 72.85815 -9.70703 -25.55869 73.55422 -5.017704 -28.18284 72.75688 -7.056185 -18.58698 73.33207 -4.750896 -26.64827 73.4278 0.5292577 -28.46435 72.89611 -0.8002225 -0.3015266 72.78992 0.5480161 -19.70684 73.23697 0.4761817 -26.89046 73.48983 5.512847 -26.53944 73.52162 5.856005 -28.05174 72.78669 11.0656 -26.31417 72.78002 7.465808 -17.84617 73.33513 10.39698 -24.85169 73.45021 15.80881 -23.13815 72.59372 14.43799 -21.33179 73.10823 13.70239 -14.09825 73.47396 18.79318 -18.66589 73.46678 19.95423 -19.65585 72.75366 22.10686 -14.83535 73.53632 23.46209 -15.599 72.81439 17.73178 -7.639056 73.36049 24.32819 -10.13792 73.58781 25.82555 -10.61337 72.91234 25.64311 -5.182788 73.52391 27.1969 -5.408372 72.81395 27.31578 0.1660217 72.70262 18.91343 -0.1028859 73.23326 25.77507 0.1264804 73.45597 25.32773 5.135662 73.46332 26.69156 5.628303 72.81488 16.15299 7.049623 73.07272 23.6717 9.955437 73.41911 25.25503 10.67614 72.8365 21.29212 14.53407 73.55958 22.54697 15.45998 72.84442 12.43338 13.40487 73.0812 17.77911 18.37965 73.47101 18.68925 19.50679 72.72358 13.41329 21.54445 73.45438 14.06387 22.83582 72.7236 6.458746 17.34047 73.45996 8.663672 23.89191 72.92821 9.188364 25.33355 72.6435 4.11068 25.29221 73.47316 4.272247 26.79345 72.71289 -0.7482782 18.36455 73.33832 -0.9585933 25.73332 73.57463 -1.026151 27.18586 72.75815 -6.10464 25.04456 73.48836 -6.443432 26.55358 72.73215 -11.65574 24.83168 72.7321 -8.18656 16.95139 73.46846 -11.0245 23.40751 73.46077 -16.27154 22.08683 72.7541 -14.3963 12.57683 73.35128 -15.49657 20.81731 73.41973 -20.539 18.44419 72.60091 -19.56873 17.37834 73.37574</float_array>
          <technique_common>
            <accessor source="#SM_Chair_01a-mesh-positions-array" count="2322" stride="3">
              <param name="X" type="float"/>
              <param name="Y" type="float"/>
              <param name="Z" type="float"/>
            </accessor>
          </technique_common>
        </source>
        <source id="SM_Chair_01a-mesh-normals">
          <float_array id="SM_Chair_01a-mesh-normals-array" count="6807">-1 0 0 -1 0 0 -1 0 0 -1 0 0 1 0 0 1 0 0 1 0 0 1 0 0 -7.50727e-7 0.09479838 0.9954966 7.17062e-6 0.094895 0.9954873 -6.19056e-7 0.09479969 0.9954964 -8.067e-7 0.0947982 0.9954966 0.07858842 0.2436285 -0.9666795 0.07856607 0.2435872 -0.9666917 0.07858866 0.2436282 -0.9666795 0.078588 0.243628 -0.9666796 -0.07858955 -0.2436301 -0.9666789 -0.07858836 -0.2436282 -0.9666796 -0.07858979 -0.2436302 -0.9666788 -0.07858812 -0.2436279 -0.9666796 0.7800787 0.6224938 -0.06307893 0.7800981 0.6224713 -0.06305915 0.7800899 0.6224871 -0.0630055 0.7800871 0.622487 -0.06304109 0 0.995496 -0.09480476 0 0.995496 -0.09480398 0 0.995496 -0.09480458 0 0.995496 -0.09480381 -0.7800982 0.6224713 -0.06305909 -0.7800847 0.6224908 -0.06303155 -0.7800812 0.6224931 -0.06305235 -0.7800656 0.6225171 -0.06301051 0.2594635 5.9686e-7 -0.965753 0.2591392 0 -0.96584 0.2592783 2.62593e-7 -0.9658027 0.2588151 -5.3927e-7 -0.965927 -0.2594641 2.78168e-7 -0.9657528 -0.2592759 1.20908e-7 -0.9658033 -0.2592763 1.37055e-7 -0.9658033 -0.2593718 1.79756e-7 -0.9657776 0.0785886 -0.2436284 -0.9666795 0.07859015 -0.2436314 -0.9666785 0.07859033 -0.2436318 -0.9666784 0.07858818 -0.2436282 -0.9666796 -0.07861089 0.2436691 -0.9666674 -0.07858848 0.2436281 -0.9666795 -0.07858866 0.2436285 -0.9666794 -0.07858836 0.2436281 -0.9666795 -0.2120023 -0.1491968 -0.9658133 -0.2120027 -0.1491962 -0.9658133 -0.2120021 -0.1491965 -0.9658135 -0.2119707 -0.1492318 -0.9658149 0.212002 0.1491968 -0.9658133 0.2120027 0.1491963 -0.9658133 0.2119706 0.1492321 -0.9658148 0.2120018 0.1491968 -0.9658134 -0.2120024 0.1491965 -0.9658134 -0.212002 0.1491968 -0.9658134 -0.2120021 0.1491969 -0.9658134 -0.2120024 0.1491964 -0.9658134 0.2120026 -0.1491963 -0.9658134 0.2120025 -0.1491963 -0.9658134 0.2120025 -0.1491963 -0.9658133 0.2120342 -0.1491603 -0.965812 0 0 -1 2.26524e-6 -2.82034e-7 -1 1.37683e-6 -2.82289e-7 -1 6.44288e-7 -2.01067e-7 -1 3.52756e-7 -2.39678e-7 -1 0 -2.39677e-7 -1 0 0 -1 1.20198e-6 0 -1 0 0 -1 0 -2.01066e-7 -1 -5.56433e-7 -2.82289e-7 -1 -5.65227e-7 -2.82034e-7 -1 -5.96669e-6 0 -1 1 -1.03742e-4 -5.19179e-6 1 -1.04114e-4 7.18613e-6 0.8643544 -0.5028831 2.0153e-5 0.8643525 -0.5028865 0 0.5028902 -0.8643504 0 0.5029034 -0.8643427 2.02123e-5 0 -1 2.02123e-5 0 -1 2.02585e-5 -0.502846 -0.8643761 2.02212e-5 -0.5029035 -0.8643426 0 -0.8677385 -0.4970211 2.01471e-7 -0.8677666 -0.496972 2.01502e-5 -1 -3.53552e-7 2.00588e-5 -1 0 2.00703e-5 -0.8677664 0.4969723 0 -0.8677645 0.4969757 2.00019e-5 -0.4970147 0.8677422 1.99292e-5 -0.4969986 0.8677514 3.05525e-7 0 1 1.99002e-5 1.27673e-7 1 1.98879e-5 0.5028907 0.86435 1.99372e-5 0.5029038 0.8643425 0 0.867765 0.496975 -1.25199e-7 0.8677669 0.4969716 1.99942e-5 1 1.02729e-4 3.20609e-5 1 1.02922e-4 7.16499e-6 -0.2675423 -0.8262333 -0.4957415 -0.2675425 -0.8262336 -0.495741 -0.2206006 -0.6697191 -0.7090923 -0.2205959 -0.6697252 -0.709088 -0.07858729 -0.2436263 -0.9666801 -0.07861113 -0.2436693 -0.9666673 0.07858765 0.2436264 -0.96668 0.07858663 0.243625 -0.9666805 0.2205694 0.6697602 -0.7090631 0.2205747 0.6697536 -0.7090677 0.2665067 0.82301 -0.5016261 0.2665577 0.8230388 -0.5015518 0.00786978 0.42507 -0.9051264 0.007915854 0.418523 -0.9081717 0 0.418555 -0.9081915 -0.00791651 0.4185229 -0.9081718 -0.007868707 0.4251124 -0.9051064 -8.49462e-7 0 -1 0 0 -1 -4.15748e-7 0 -1 2.83761e-7 0 -1 3.59386e-7 0 -1 2.87308e-6 0 -1 -3.20523e-6 0 -1 -2.94506e-7 0 -1 0 0 -1 1.46501e-7 0 -1 1.352e-5 -1.77445e-5 -1 1.27254e-5 -1.82371e-5 -1 0.007864058 -0.0157718 -0.9998447 0.007864117 -0.0157715 -0.9998448 0.02362221 -0.03151148 -0.9992243 0.02360135 -0.0314669 -0.9992261 0.039294 -0.05498391 -0.9977138 0.0392211 -0.05504643 -0.9977133 0.1025965 -8.08097e-7 -0.9947232 0.1259427 0.0235998 -0.9917569 0.04716724 -0.05493646 -0.9973753 0.04710263 -0.06280142 -0.9969139 0.03927671 -0.06281942 -0.9972518 -0.03157722 -0.10256 -0.9942256 -0.05508476 -0.1180304 -0.991481 -2.98344e-6 0 -1 -2.8262e-7 0 -1 -2.78217e-7 0 -1 -1.41881e-7 0 -1 -1.41881e-7 0 -1 -1.43655e-6 0 -1 0 0 -1 0 0 -1 6.01e-7 0 -1 5.9668e-6 0 -1 0 0 -1 1.67724e-6 -5.38045e-7 -1 -1.60334e-7 -1.53196e-7 -1 3.52756e-7 -2.94525e-7 -1 -1.68177e-7 -2.2896e-7 -1 0 -3.10644e-7 -1 0 -4.05484e-7 -1 1.13262e-6 -9.43076e-7 -1 3.72925e-7 0 -1 6.0164e-7 0 -1 0 0 -1 5.75952e-7 -2.26635e-7 -1 0 -3.79864e-7 -1 -1.4945e-7 -3.04582e-7 -1 0 -9.00088e-7 -1 3.20524e-6 -2.05499e-7 -1 2.13567e-6 -3.36252e-7 -1 2.3068e-7 -1.70131e-7 -1 1.60266e-6 0 -1 -0.6983441 0.5100278 -0.5021824 -0.6984102 0.5099996 -0.5021192 -0.5727689 0.4158829 -0.7063832 -0.5728855 0.4159252 -0.7062638 -0.2120314 0.1491636 -0.965812 -0.2120096 0.149188 -0.9658131 0.21198 -0.1492218 -0.9658144 0.2120141 -0.1491832 -0.9658128 0.5728056 -0.4158964 -0.7063456 0.5728557 -0.4159145 -0.7062943 0.7010911 -0.5120303 -0.4962825 0.7010915 -0.5120308 -0.4962814 -0.6875535 0.7261338 0 -0.4936314 0.8696714 0 -0.4936287 0.8696728 0 -0.6875498 0.7261373 0 -0.9591587 0.2828686 0 -0.9591236 0.2829876 0 -0.9353392 -0.3537523 0 -0.935366 -0.3536815 0 -0.409006 -0.9125317 0 -0.4090127 -0.9125287 2.37544e-6 2.32646e-7 -1 2.83819e-7 3.0262e-7 -1 0 0 -1 0 0 -1 0 0 -1 0 -3.02621e-7 -1 1.64916e-6 -2.32644e-7 -1 2.6176e-6 0.4090046 -0.9125323 -8.0738e-7 0.4090611 -0.912507 0 0.9353466 -0.3537327 0 0.93536 -0.3536972 0 0.9591228 0.2829902 0 0.9591426 0.2829231 -1.18362e-6 0.6872629 0.7264088 0 0.6871128 0.7265509 0 0.4936405 0.869666 0 0.4936431 0.8696646 0 -0.6872022 -0.7264662 0 -0.4936292 -0.8696726 0 -0.4936287 -0.8696728 0 -0.6871991 -0.7264691 0 -0.9591135 -0.2830217 0 -0.95914 -0.2829322 0 -0.9353381 0.3537551 0 -0.9353453 0.3537362 0 -0.4090322 0.9125199 0 -0.4089997 0.9125345 0 0 1 0 0.4090023 0.9125334 1.08384e-6 0.4090069 0.9125313 0 0.9353464 0.3537334 0 0.93536 0.3536972 0 0.9591215 -0.2829945 0 0.9591175 -0.2830082 0 0.6871105 -0.726553 2.66759e-7 0.6876113 -0.7260791 0 0.4936344 -0.8696696 0 0.493593 -0.8696931 0 0 -0.09480649 -0.9954957 -8.25082e-6 -0.09489083 -0.9954878 0 -0.09489846 -0.995487 -1.07597e-5 -0.09491944 -0.995485 -2.52749e-6 -0.09483015 -0.9954935 9.88838e-6 -0.09472239 -0.9955038 -2.07045e-7 -0.09483385 -0.9954932 1.10699e-6 -0.09474498 -0.9955016 -5.87665e-7 0.09477907 0.9954984 -1.14549e-5 0.09472417 0.9955036 -5.79807e-7 0.0947836 0.995498 3.33298e-6 0.0948342 0.9954931 9.24737e-6 0.09490483 0.9954864 9.86672e-6 0.09491616 0.9954853 -3.57162e-7 0.09483915 0.9954926 -9.78005e-7 0.09492838 0.9954841 1 -1.03652e-4 -1.24419e-5 0.867765 -0.4969749 0 1 -1.03235e-4 1.20787e-5 0.8677625 -0.4969793 0 0.4969791 -0.8677626 1.50574e-7 0.4970203 -0.8677389 1.44665e-7 2.22935e-6 -1 1.68062e-7 -2.20971e-6 -1 1.81038e-7 -0.4969753 -0.8677647 1.485e-7 -0.4969792 -0.8677625 -1.52e-6 -0.8677628 -0.4969788 0 -0.8677649 -0.496975 0 -1 -2.0624e-6 0 -1 2.23917e-6 0 -0.8677647 0.4969754 0 -0.8677626 0.4969792 1.25429e-6 -0.4969793 0.8677624 -1.47424e-6 -0.4969754 0.8677647 -1.34809e-7 -2.49452e-6 1 -1.61105e-7 2.18025e-6 1 -1.48128e-7 0.5029254 0.8643299 -1.37747e-7 0.5028844 0.8643538 -1.31204e-7 0.8677113 0.4970686 0 0.8677653 0.4969742 0 1 1.03012e-4 1.24419e-5 1 1.02654e-4 -1.24179e-5 -0.5886774 -0.8083681 0 -0.5850101 -0.8063544 0.08692455 -0.5884836 -0.8085091 2.57235e-7 -0.5850031 -0.8063557 0.08696043 -0.5441537 -0.7489584 0.3780979 -0.5439671 -0.7489378 0.3784072 -0.2676586 -0.3700071 0.8896368 -0.2675814 -0.3699896 0.8896673 -0.1262609 -0.1733118 0.9767401 -0.09422147 -0.1099473 0.9894614 -0.05511575 -0.1503307 0.9870983 -0.07843732 -0.03137147 0.9964254 -0.141215 -0.03921234 0.9892021 0.05528312 -0.1500428 0.9871327 -0.4238537 0.1412745 0.894645 2.7537e-5 -0.07073265 0.9974954 -0.007873892 0 0.999969 0.2676613 -0.369991 0.8896427 -0.1336347 0.03145897 0.9905313 -0.1896892 0.06319463 0.9798085 -0.4242559 0.1335607 0.8956387 -0.8814811 0.2833296 0.377777 0.1258941 -0.1808861 0.9754132 -0.8814551 0.2833998 0.3777849 -0.9474433 0.3079183 0.08682072 -0.9474421 0.3079184 0.08683317 -0.9517949 0.3067351 0 -0.9517949 0.3067351 0 -0.1257829 0.05503851 0.9905298 -0.04708498 0.06278574 0.9969157 -0.08632284 0.1177077 0.9892894 0.007827997 0.4472014 0.8943992 -0.007866621 0.1414154 0.9899191 -8.01403e-7 0.2052218 0.9787155 0.267664 -0.3700191 0.8896302 0.5437841 -0.7489174 0.3787108 0.5438878 -0.748929 0.3785386 0.5850124 -0.8063541 0.08691155 0.5850097 -0.8063547 0.08692479 0.5886772 -0.8083683 0 0.5886774 -0.8083681 0 0.0942254 -0.1099434 0.9894616 0.07845735 -0.03138309 0.9964234 0.1500207 -0.04736292 0.9875478 0.4332246 0.1417658 0.8900668 0.1413573 0.0314064 0.9894604 0.2048124 0.06300407 0.9767714 0.4336863 0.134059 0.8910356 0.8814638 0.2833769 0.3777821 0.1335055 0.05498081 0.9895219 0.881473 0.2833515 0.3777796 0.9474385 0.307918 0.08687204 0.9474421 0.3079184 0.0868324 0.9517948 0.306736 0 0.95178 0.3067816 0 0.04709875 0.06280082 0.9969142 0.08622759 0.1254419 0.9883468 -0.007835268 0.4472028 0.8943982 0.007883608 0.1414198 0.9899184 -3.50381e-7 0.9262444 0.3769236 0 0.9262882 0.3768161 2.7167e-7 0.9962753 0.08623045 0 0.9962742 0.08624166 -9.40308e-7 1 -2.24049e-7 -9.40308e-7 1 0 0 0.01590794 -0.9998735 -5.79935e-7 2.19764e-5 -1 2.7052e-7 2.19767e-5 -1 0 0.01590812 -0.9998735 0 0.03936868 -0.9992248 0 0.03931945 -0.9992268 -2.024e-5 0.07067501 -0.9974995 -1.95932e-5 0.07070255 -0.9974974 -0.08680593 0.06313306 -0.9942229 -0.1180355 0.05508071 -0.9914807 -0.007851004 0.07069629 -0.997467 -1.34343e-7 0.0706678 -0.9975 0.007851004 0.07069623 -0.9974671 0.08669775 0.0630356 -0.9942385 0.1180353 0.0550791 -0.9914808 -0.99549 0.09486711 -1.77132e-5 -0.7708759 0.6369854 -5.70429e-7 -0.975417 0.2203673 1.20293e-5 -0.7707386 0.6371515 0 -0.4505465 0.892753 0 -0.4501991 0.8929283 0 2.55501e-6 1 0 2.61223e-6 1 0 0.450337 0.8928588 0 0.4504519 0.8928007 0 0.7707419 0.6371475 0 0.7709051 0.63695 0 0.9754183 0.2203617 1.20902e-5 0.9954859 0.09491002 -1.77951e-5 -1 -2.11793e-4 3.18327e-7 -1 6.00805e-5 -5.2795e-7 -1 1.23695e-4 -1.7523e-7 -1 6.71042e-5 -3.25263e-7 -1 3.21159e-6 0 -1 2.64863e-6 2.59845e-7 -1 3.42469e-6 1.056e-6 -1 2.6086e-6 1.11057e-6 -1 2.52151e-6 2.05994e-6 -1 1.48747e-6 1.99163e-6 -1 8.74187e-7 7.03968e-5 -1 4.31969e-7 7.96045e-5 -1 6.55477e-7 1.3257e-4 -1 1.67751e-7 1.3177e-4 -1 -1.73126e-6 1.57898e-4 -1 -5.10698e-6 1.7122e-4 -1 -5.70549e-5 1.95549e-4 -1 -5.92871e-5 1.96552e-4 -1 -5.48347e-5 1.79019e-4 -1 -5.30026e-5 1.73632e-4 -1 1.53189e-5 1.60118e-4 -1 1.69232e-5 1.60028e-4 0 0.9955026 -0.09473437 -3.55635e-6 0.9999678 0.00802803 0 0.9954933 -0.09483188 7.44138e-7 0.9999693 0.007843613 -1.08716e-5 0.9786967 0.2053117 0 0.9787145 0.2052264 8.34592e-7 0.9719808 0.2350602 2.79277e-5 0.9719656 0.2351232 -6.62195e-7 0.9962781 0.08619868 1.21575e-5 0.9962661 0.08633655 8.80248e-6 0.9955126 -0.0946291 -2.42887e-6 0.9955106 -0.0946508 -1.94151e-5 0.9251258 -0.3796607 7.64912e-7 0.9251407 -0.3796246 -2.56797e-6 0.7072398 -0.7069737 4.78017e-6 0.7073049 -0.7069087 -1.9981e-5 0.3862249 -0.9224048 -2.17382e-7 0.3863086 -0.9223697 -8.1908e-6 0.1026213 -0.9947206 7.33803e-7 0.1025515 -0.9947277 0 0.007873654 -0.999969 2.90822e-7 0.007873654 -0.999969 0 -0.9954972 0.09479129 2.98841e-5 -0.999969 -0.007892906 0 -0.9954974 0.09478932 -5.31076e-7 -0.9999693 -0.007838904 1.81289e-7 -0.9771104 -0.2127329 0 -0.9771084 -0.212742 1.0978e-6 -0.9715043 -0.2370221 7.6837e-7 -0.9715124 -0.2369886 -6.52658e-7 -0.9861657 -0.1657629 -2.10509e-5 -0.9861792 -0.1656819 1 5.39527e-5 -1.73573e-4 1 -1.62882e-5 -1.59948e-4 1 -1.46765e-5 -1.60039e-4 1 5.57083e-5 -1.79102e-4 1 5.768e-5 -1.95524e-4 1 5.98668e-5 -1.96632e-4 1 4.97285e-6 -1.71194e-4 1 1.4503e-6 -1.58007e-4 1 2.44834e-7 -1.31863e-4 1 -4.39273e-7 -1.32758e-4 1 -1.1434e-6 -7.03942e-5 1 -9.16329e-7 -7.96231e-5 1 -1.84575e-6 -1.90346e-6 1 -2.25204e-6 -1.95448e-6 1 -2.58135e-6 -1.10126e-6 1 -2.90641e-6 -1.00798e-6 1 -2.67021e-6 0 1 -2.83424e-6 1.48945e-7 1 -6.73225e-5 6.11904e-7 1 -6.00837e-5 8.14265e-7 1 -1.23935e-4 4.61139e-7 1 2.11613e-4 -7.88384e-7 0.3067023 0.9518055 2.19345e-5 -0.4565369 0.8897046 0 0.3067022 0.9518056 -1.83053e-5 -0.5029297 0.8643274 0 -0.9517964 0.3067306 0 -0.980607 0.1959843 0 -0.8896645 -0.4566149 0 -0.8151547 -0.5792434 0 -0.3067213 -0.9517995 1.90563e-6 -0.306755 -0.9517886 0 0.3233022 -0.9462959 -2.51923e-7 0.4566302 -0.8896566 -4.61766e-7 0.9081507 -0.4186435 0 0.9517864 -0.3067616 0 0.915417 0.4025072 0 0.8896704 0.4566034 1.12155e-6 0.3068632 0.9517536 1.29182e-5 0.3068639 0.9517535 -1.85511e-5 -0.2984251 0.9505138 -0.08640545 -0.291481 0.9533281 -0.07876831 -0.3079259 0.947431 -0.0869255 -0.2513815 0.9663268 -0.05495405 -0.2674267 0.959689 -0.08648675 -0.2119433 0.9734594 -0.08635401 -0.2432887 0.9653656 -0.09423303 -0.1657419 0.9790274 -0.1184697 -0.1966881 0.9677579 -0.1573484 -0.1807441 0.9667664 -0.180816 -0.1812764 0.9694094 -0.1654823 -0.1815112 0.9706497 -0.1577749 -0.1815253 0.9706448 -0.1577885 -0.1727093 0.9736182 -0.1491277 -0.1262929 0.9866715 -0.1026138 -0.1415531 0.9828791 -0.1179468 -0.1020662 0.9895244 -0.1020978 -0.07090109 0.9922155 -0.1023799 -0.09422624 0.9894637 -0.1099227 -0.04733002 0.993604 -0.1025231 -0.03919064 0.9940065 -0.102055 1.91794e-7 0.9954968 -0.09479665 0 0.9954905 -0.09486246 0.04733002 0.993604 -0.102523 0.03919064 0.9940065 -0.1020549 0.1020662 0.9895244 -0.1020983 0.0942465 0.9894569 -0.1099666 0.07090145 0.9922155 -0.1023792 0.141553 0.9828792 -0.1179466 0.1262929 0.9866714 -0.1026139 0.1657419 0.9790274 -0.1184695 0.1727303 0.9736081 -0.1491695 0.1814762 0.9706403 -0.1578726 0.1814957 0.9706376 -0.1578673 0.1812668 0.969403 -0.1655302 0.1807445 0.9667663 -0.1808159 0.1966879 0.9677579 -0.1573483 0.2433295 0.9653688 -0.09409576 0.2119433 0.9734594 -0.08635413 0.2674033 0.9596992 -0.08644646 0.2513611 0.9663345 -0.05491137 0.2985173 0.9504846 -0.08640879 0.2915596 0.9533001 -0.07881712 0.3079258 0.9474312 -0.08692473 -1.63592e-5 -0.07067269 -0.9974997 0.8670817 -0.03940892 -0.496605 -3.57628e-7 -0.07069706 -0.9974979 0.8670631 -0.03936266 -0.496641 0.8670803 0.0394057 0.4966076 0.8670802 0.03940558 0.4966077 -1.32905e-7 0.07065427 0.9975009 1.20969e-7 0.07065588 0.9975008 -0.8670801 0.0394054 0.4966079 -0.8670797 0.03940439 0.4966086 -0.8670795 -0.03940385 -0.4966089 -0.8670818 -0.03940957 -0.4966046 2.21431e-5 -0.07067257 -0.9974996 -3.35569e-6 -0.07069689 -0.9974979 -0.5018789 -0.0627498 -0.8626588 -7.00951e-5 -0.07071119 -0.9974969 -1.10932e-4 -0.07068693 -0.9974985 -0.501965 -0.0627079 -0.8626117 -0.8670901 -0.03943061 -0.4965886 -0.867083 -0.03941309 -0.4966021 -1 0 2.84809e-7 -1 0 -2.01331e-6 -0.8670902 0.03943133 0.4965881 -0.8670676 0.03937411 0.496632 -0.5019283 0.06272566 0.8626318 -0.5019245 0.06272757 0.8626338 0 0.07066655 0.9975 0 0.07075053 0.9974941 0.5018803 0.06274896 0.862658 0.501842 0.06276774 0.8626789 0.8670902 0.03943091 0.4965882 0.8670678 0.03937441 0.4966319 1 -1.82917e-7 -2.54365e-6 1 0 0 0.8670901 -0.03943067 -0.4965883 0.867067 -0.0393728 -0.4966332 0.5018813 -0.06274861 -0.8626575 0.5018373 -0.06277012 -0.8626815 7.33661e-5 -0.07067424 -0.9974995 1.1088e-4 -0.07068699 -0.9974986 0.9867006 -0.1420757 0.07897156 0.6230486 -0.7807511 0.04731047 0.9867025 -0.1420878 0.07892596 0.6230241 -0.7807698 0.04732334 -0.4657261 -0.8840472 -0.03949558 -0.465726 -0.8840471 -0.03949755 -0.9381172 -0.3389735 -0.07094454 -0.9381062 -0.3390004 -0.07096052 -0.9381121 0.338986 -0.07095181 -0.9381068 0.3389991 -0.07095998 -0.4657256 0.8840474 -0.03949648 -0.4657252 0.8840476 -0.03949403 0.6230232 0.7807705 0.04732388 0.6230486 0.7807511 0.04731047 0.9867025 0.1420878 0.07892549 0.9867026 0.1420882 0.07892441 0.01575279 0.007892131 -0.9998449 2.07769e-5 7.20588e-6 -1 2.10496e-5 6.40063e-6 -1 0.01575285 0.007891893 -0.9998449 0.03935515 0.01568043 -0.9991022 0.03933757 0.01572662 -0.9991022 0.06291407 0.02369529 -0.9977377 0.06288599 0.01572895 -0.9978968 0.03156167 0.1025803 -0.9942239 0.02360028 0.1259433 -0.9917567 0.06284427 0.03141361 -0.9975289 0.07064026 0.0234543 -0.9972262 0.0706883 0.01568692 -0.9973751 0.08681255 -0.06313598 -0.9942221 0.09439545 -0.09439754 -0.9910494 -0.2201585 0.9754641 -1.78387e-5 0.3700286 0.9290205 1.63994e-6 -0.09470212 0.9955057 1.21332e-5 0.3699851 0.9290378 0 0.7071151 0.7070985 0 0.7110947 0.7030963 0 0.9517992 0.3067221 0 0.9517992 0.3067222 0 0.9888306 -0.149044 0 0.9874459 -0.1579582 1.8197e-6 0.8439387 -0.5364398 0 0.843968 -0.5363936 0 0.5122731 -0.8588227 1.18742e-5 0.4025433 -0.915401 -1.75683e-5 1 8.43147e-5 2.21468e-5 0.7071139 0.7070998 0 1 8.65459e-5 -1.83642e-5 0.6668185 0.7452201 0 1.25677e-5 1 0 -0.1183118 0.9929766 0 -0.707099 0.7071146 -1.3384e-7 -0.8019564 0.5973825 0 -1 2.64922e-6 0 -1 -1.17668e-4 0 -0.801909 -0.5974462 0 -0.7071018 -0.7071118 6.14823e-7 -0.1178429 -0.9930323 3.34527e-7 1.24548e-5 -1 8.4717e-7 0.66693 -0.7451205 0 0.7071115 -0.7071021 0 1 -8.90791e-5 1.27997e-5 1 -8.49068e-5 -1.82775e-5 0.8623937 0.5062384 -1.76026e-5 0.9980199 -0.0628997 8.53684e-7 0.9195829 0.3928961 1.18903e-5 0.9980162 -0.0629577 0 0.8897689 -0.4564114 2.24348e-7 0.8896386 -0.4566653 0 0.5887781 -0.8082948 0 0.5886477 -0.8083897 0 0.1656593 -0.9861831 0 0.1586574 -0.9873337 0 -0.2517778 -0.9677851 0 -0.2517678 -0.9677877 0 -0.6623398 -0.7492036 1.21114e-5 -0.7491037 -0.6624528 -1.7763e-5 -0.2675428 0.8262317 -0.4957442 -0.2205733 0.6697546 -0.7090672 -0.2675427 0.8262312 -0.4957449 -0.2205958 0.6697248 -0.7090883 -0.07862395 0.2436923 -0.9666604 -0.07858067 0.2436141 -0.9666836 0.07858753 -0.2436264 -0.96668 0.07858663 -0.2436246 -0.9666805 0.2206119 -0.6697039 -0.7091031 0.2206234 -0.6696887 -0.7091138 0.2665331 -0.8230249 -0.5015877 0.2665073 -0.8230105 -0.501625 0.2983255 -0.9186084 0.2591538 0.3067371 -0.9517943 -1.60893e-6 0.3067368 -0.9517945 0 0.2982395 -0.9185851 0.2593352 0.2206055 -0.6697119 0.7090975 0.2206019 -0.6697167 0.7090941 0.1340169 -0.2680557 0.9540366 0.04729384 -0.2992829 0.9529917 0.039339 -0.1181511 0.9922161 -0.133654 0.02355396 0.9907482 0.09428781 0.1021343 0.9902921 -0.2202572 0.1730913 0.9599616 0.03935456 0.2755501 0.9604808 -0.3855323 0.3776316 0.8418784 5.36442e-6 0.5419394 0.8404176 -0.3453835 0.6436662 0.6829379 -0.03949856 0.7182989 0.6946126 -0.4727715 0.7801136 0.4097685 -0.03947287 0.9074826 0.4182311 -0.2918308 0.8912935 0.347031 -0.3534452 0.9111014 0.2120633 -0.2513509 0.9425799 0.2199224 -0.3067354 0.9517948 0 -0.3067358 0.9517948 0 0.306865 -0.951753 2.22288e-5 0.8896708 -0.4566027 0 0.3068645 -0.9517532 -1.84683e-5 0.9154119 -0.4025186 -1.4191e-7 0.9518042 0.3067066 0 0.9080227 0.4189211 -4.7246e-7 0.4566305 0.8896565 -2.31749e-7 0.3232807 0.9463031 2.67872e-7 -0.3067196 0.9517999 0 -0.3067103 0.9518029 0 -0.8148882 0.5796182 0 -0.8896897 0.4565658 0 -0.9806108 -0.1959658 0 -0.9517968 -0.3067296 0 -0.5028945 -0.8643478 0 -0.456539 -0.8897035 0 0.3066987 -0.9518067 1.28632e-5 0.3066988 -0.9518066 -1.81738e-5 -0.007864236 -0.0157718 -0.9998447 -1.33212e-5 -1.76113e-5 -1 -1.28468e-5 -1.78195e-5 -1 -0.007864117 -0.0157715 -0.9998447 -0.02362233 -0.03151166 -0.9992243 -0.02362155 -0.03151011 -0.9992244 -0.03922069 -0.05504679 -0.9977133 -0.03933441 -0.05495977 -0.9977135 0.03157716 -0.1025599 -0.9942256 0.05508565 -0.1180306 -0.991481 -0.03922909 -0.06281763 -0.9972537 -0.04710274 -0.0628013 -0.9969139 -0.04716521 -0.05493819 -0.9973753 -0.1026437 2.98605e-7 -0.9947183 -0.1259428 0.02360063 -0.9917568 0.749099 -0.6624581 -1.76792e-5 0.2517269 -0.9677984 0 0.6623352 -0.7492077 1.21688e-5 0.2517691 -0.9677874 0 -0.1580908 -0.9874247 0 -0.1656573 -0.9861834 0 -0.5886098 -0.8084173 0 -0.5886523 -0.8083863 0 -0.8896385 -0.4566655 0 -0.8897209 -0.456505 0 -0.998023 -0.06284892 0 -0.9980161 -0.06295937 0 -0.91958 0.3929028 1.18342e-5 -0.86239 0.5062447 -1.76861e-5 0.6983473 0.510027 -0.5021789 0.5727348 0.4158705 -0.7064183 0.6983464 0.5100268 -0.5021802 0.57278 0.4158871 -0.7063717 0.2120144 0.1491826 -0.9658128 0.2119807 0.1492207 -0.9658144 -0.2119966 -0.1492027 -0.9658136 -0.21201 -0.1491879 -0.9658131 -0.5727335 -0.4158701 -0.7064195 -0.5728181 -0.4159009 -0.7063327 -0.6983441 -0.5100284 -0.502182 -0.6983438 -0.5100281 -0.5021826 -0.7808991 -0.5678887 0.2601901 -0.8083962 -0.5886388 0 -0.808368 -0.5886775 0 -0.7809024 -0.567888 0.260182 -0.5728086 -0.4158974 0.7063425 -0.572783 -0.4158883 0.7063687 -0.2677688 -0.141793 0.9529924 -0.2128133 -0.2128019 0.9536383 -0.1023665 -0.07088297 0.9922181 -0.01572823 0.1336918 0.9908981 0.1257848 -0.05501967 0.9905308 0.09457433 0.2599459 0.9609807 0.2755491 0.03935915 0.9604809 0.2366371 0.4811816 0.8440777 0.5113645 0.1730247 0.8417653 0.5035592 0.52712 0.6845238 0.6707606 0.2604537 0.694438 0.5999102 0.686747 0.4104709 0.8518678 0.3155298 0.4180457 0.7610509 0.5492017 0.3452233 0.7582669 0.616086 0.2132357 0.8199149 0.5282348 0.2206979 0.8083408 0.588715 0 0.8083686 0.5886767 0 -0.8083451 -0.5887089 2.21468e-5 -0.1578315 -0.9874661 0 -0.808345 -0.588709 -1.83174e-5 -0.1028203 -0.9947 0 0.5886393 -0.8083959 0 0.6790131 -0.7341263 0 0.9874416 -0.1579851 0 0.9999694 -0.007829427 -1.20839e-7 0.8084366 0.5885833 3.77799e-7 0.8083645 0.5886824 0 0.2996406 0.9540522 0 0.1579695 0.9874441 0 -0.4876377 0.8730462 0 -0.5886584 0.808382 0 -0.9771161 0.2127069 0 -0.9874418 0.157983 0 -0.8084501 -0.5885647 1.29695e-5 -0.8084496 -0.5885655 -1.28707e-4 -2.11929e-5 6.95756e-6 -1 -0.01575285 0.007892072 -0.9998449 -2.09277e-5 7.30227e-6 -1 -0.01575285 0.007891774 -0.9998449 -0.03933829 0.0157243 -0.9991023 -0.03933781 0.0157262 -0.9991023 -0.06288599 0.01572877 -0.9978968 -0.06287074 0.02360951 -0.9977424 -0.08673304 -0.0630806 -0.9942325 -0.09439474 -0.09439653 -0.9910495 -0.07068872 0.01568579 -0.9973751 -0.0706402 0.02345407 -0.9972261 -0.06284445 0.03141355 -0.9975289 -0.03156089 0.1025811 -0.9942238 -0.02364218 0.1259241 -0.9917582 -0.4025496 -0.9153982 -1.73982e-5 -0.8439098 -0.5364852 0 -0.5122411 -0.8588418 1.19926e-5 -0.8439975 -0.536347 0 -0.9874532 -0.1579124 0 -0.9888223 -0.1490994 0 -0.9517983 0.3067246 0 -0.9517961 0.3067314 0 -0.7110944 0.7030966 0 -0.7071197 0.707094 0 -0.3699799 0.9290398 0 -0.3699339 0.9290581 0 0.09470963 0.995505 1.20759e-5 0.2201656 0.9754626 -1.79232e-5 -0.8084491 0.5885661 2.2117e-5 -0.9874597 -0.1578718 4.76711e-7 -0.8084517 0.5885626 -1.84109e-5 -0.9771074 -0.2127469 -1.59838e-7 -0.5885664 -0.8084489 0 -0.4877493 -0.8729837 0 0.1578568 -0.9874621 0 0.2996622 -0.9540455 0 0.8083709 -0.5886735 0 0.8083708 -0.5886738 0 0.9999683 0.007962226 0 0.9874416 0.1579849 0 0.6790277 0.7341127 -2.36184e-7 0.588639 0.8083962 0 -0.1027517 0.9947071 0 -0.1579422 0.9874485 0 -0.8083431 0.5887117 1.28126e-5 -0.8083436 0.5887112 -1.82444e-5 -0.4797471 0.8731362 -0.08646464 -0.8391475 0.5411289 -0.0548734 -0.8391373 0.5411356 -0.05496549 -0.4798047 0.873099 -0.086519 0.4798294 0.8730832 -0.08654153 0.4797436 0.8731385 -0.08645957 0.8391436 0.5411315 -0.05490773 0.8391444 0.5411308 -0.05490154 0 0 -1 -0.2684479 -1.28263e-7 -0.9632942 -0.1971431 0.07098114 -0.9778017 -0.1971393 -0.07097291 -0.9778031 2.18425e-7 -1.97119e-7 -1 -0.3389427 0.07099992 -0.9381242 -0.268491 0 -0.9632822 -0.2052254 0.2130646 -0.9552414 -0.2683647 -4.34669e-7 -0.9633174 1.51653e-6 0 -1 1.29569e-6 0 -1 9.31744e-6 0 -1 0.2052501 0.2131371 -0.9552199 0.2684222 -4.1136e-7 -0.9633014 0.2683377 4.91185e-7 -0.963325 0.3389241 0.07102411 -0.938129 0.3389494 -0.07099211 -0.9381224 -0.09398317 0.1020786 -0.9903268 -0.09426981 -0.1021599 -0.9902912 -0.2434947 0.2591705 -0.9346342 -0.3764525 0.2117586 -0.9019102 -0.07880508 0.1970204 -0.977227 -0.3765147 -0.211901 -0.9018507 -0.07881826 -0.1970272 -0.9772247 -0.2434954 -0.2591695 -0.9346342 -0.3390048 -0.07092112 -0.9381077 -0.2052671 -0.2131887 -0.9552047 -0.2684233 0 -0.9633011 0.2683659 0 -0.9633171 0.2052541 -0.2131506 -0.955216 0.2684285 0 -0.9632997 0 0 -1 7.58263e-7 0 -1 -2.39365e-6 -1.30998e-7 -1 -1.51653e-6 0 -1 6.47764e-7 0 -1 4.65873e-6 0 -1 -1.29553e-6 0 -1 -9.31744e-6 0 -1 -0.2517829 -0.9441806 0.2124345 -0.3067373 -0.9517942 0 -0.306783 -0.9517796 0 -0.3528543 -0.9095501 0.2195735 -0.2918418 -0.8912778 0.3470626 -0.3864601 -0.6073547 0.6940958 -0.09432339 -0.7233426 0.6840165 -0.5040438 -0.7561056 0.4174256 -0.07898426 -0.9083395 0.4107079 -0.3144468 -0.4401471 0.8410671 0.09457176 -0.5283709 0.8437301 -0.1968208 -0.1968211 0.9604807 0.07094746 -0.2677771 0.9608651 -0.1336653 -0.02357429 0.9907461 0.09431618 -0.1021785 0.9902849 0.04721301 0.2992928 0.9529925 0.1340406 0.2680774 0.9540271 0.03925305 0.1182498 0.9922077 0.2206194 0.6696931 0.7091109 0.2206219 0.66969 0.7091131 0.2984867 0.91865 0.2588203 0.2983494 0.9186142 0.2591056 0.3067812 0.9517801 0 0.3067356 0.9517949 0 0.04742836 0 -0.9988747 0.02357041 -0.01578933 -0.9995976 0.0479989 -3.1113e-6 -0.9988475 0.02357 0.01578986 -0.9995975 0.1732584 0 -0.9848765 0.1104249 -0.126179 -0.9858424 0.5993844 -0.07887142 -0.7965662 0.1104227 0.1261804 -0.9858425 0.5993604 0.078884 -0.796583 -0.07852458 -5.68926e-5 0.9969122 -0.07847678 -1.14068e-5 0.996916 -0.04720222 -0.7943301 0.6056497 -0.03922152 -0.8397681 0.5415269 0.03928095 -0.8397307 -0.5415806 0.04719489 -0.7943862 -0.605577 0.07839167 0 -0.9969226 0.07837063 0 -0.9969244 0.04718667 0.7943516 -0.6056228 0.03924781 0.8397591 -0.5415388 -0.04719007 0.7943648 0.6056053 -0.03922164 0.8397679 0.541527 -0.07852762 5.85892e-5 0.996912 -0.07850003 9.80496e-6 0.9969141 0.996918 1.53552e-7 0.07845032 0.9969181 0 0.07845062 0.9969141 -9.73914e-6 0.07850122 0.9969219 5.05708e-7 0.07840174 0.9969181 1.28126e-7 0.0784496 0.9969069 0 0.07859271 -0.1336839 -0.01566481 0.9909002 -0.1104378 0 0.9938831 -0.110439 0 0.993883 -0.1336905 0.01571428 0.9908986 0.02353954 0 0.999723 -0.0393331 -0.1258813 0.9912652 0.4646245 -0.07874959 0.8819993 -0.03935343 0.1258367 0.9912701 0.4646165 0.07873922 0.8820044 -0.8677453 -2.00956e-7 -0.4970093 -0.8677466 -2.90917e-7 -0.4970069 -0.7071067 5.61486e-7 -0.7071068 -0.7071058 -5.01524e-7 -0.7071078 -0.2588126 -3.18534e-7 -0.9659276 -0.2588251 3.62539e-7 -0.9659243 0.2591729 0 -0.965831 0.259283 -5.81513e-7 -0.9658015 0.7071055 -1.68938e-7 -0.7071081 0.7071053 -5.52309e-7 -0.7071083 0.8643162 -4.53637e-7 -0.5029491 0.8643643 0 -0.5028662 -0.9756116 -0.05505126 0.2124887 -1 2.94459e-7 0 -1 1.02976e-6 0 -0.9739664 0.05498027 0.2199245 -0.9379358 2.44589e-7 0.3468092 -0.6993803 0.1807379 0.6915208 -0.7170469 -0.1260871 0.685526 -0.8750438 0.2443972 0.4178138 -0.8891997 -0.2046042 0.40922 -0.5177902 0.1647753 0.8394895 -0.4793218 -0.2514482 0.8408476 -0.2443142 0.1260835 0.9614644 -0.2283753 -0.1574991 0.9607491 -0.07072943 0.1179292 0.9904999 -0.0707463 -0.1179193 0.9905 0.2993224 0.0470612 0.9529908 0.2992662 -0.04734414 0.9529944 0.1258587 -1.39449e-5 0.9920482 0.7071072 5.38454e-7 0.7071064 0.7071074 9.03104e-7 0.7071063 0.9659258 1.04311e-6 0.2588192 0.9659259 1.12856e-6 0.2588192 1 1.17956e-6 0 1 4.95554e-7 0 0.8213165 -0.5291217 0.2132357 0.8083686 -0.5886768 0 0.8083394 -0.5887169 0 0.7569614 -0.6150305 0.2207871 0.7610421 -0.5492265 0.3452032 0.4564188 -0.5587016 0.6924843 0.6549783 -0.3156489 0.6865633 0.5675516 -0.7094634 0.4177882 0.8412403 -0.3537958 0.4088318 0.3214362 -0.4390903 0.8389747 0.534679 -0.07861995 0.8413902 0.1260694 -0.2443213 0.9614643 0.2757361 -0.007840633 0.9612014 -0.01573312 -0.1337155 0.9908949 0.1257717 0.05507135 0.9905295 -0.2677756 0.1417809 0.9529924 -0.2128404 0.2128119 0.95363 -0.1023468 0.07092195 0.9922174 -0.5728163 0.4159004 0.7063345 -0.5726667 0.4158459 0.7064879 -0.7808845 0.5678923 0.2602267 -0.7809159 0.5678847 0.2601488 -0.8083691 0.5886759 0 -0.8083696 0.5886755 0 -4.29065e-7 -6.23226e-7 -1 1.25045e-6 -2.38265e-7 -1 -1.08306e-6 -1.50395e-6 -1 6.72149e-7 -1.41274e-6 -1 0 -8.53198e-6 -1 1.76101e-6 -1.7133e-6 -1 3.03139e-6 -2.31846e-6 -1 -6.26989e-7 -2.64967e-6 -1 -4.89771e-6 -3.8025e-6 -1 6.25227e-6 1.62024e-6 -1 -0.9353203 0.3538022 2.6694e-7 -0.9317054 0.3631284 -0.007931113 -0.9326329 0.3604879 0.01563638 -0.9517706 0.3068107 -1.50709e-5 -0.9372355 0.3464805 -0.03925496 -0.9372217 0.3465033 0.03938287 -0.944926 0.3225887 -0.05524057 -0.9448477 0.3228353 0.05513966 -0.9548249 0.2919899 -0.05523794 -0.9548062 0.2920595 0.05519676 -0.9625401 0.2682538 -0.03945094 -0.9625468 0.2682304 0.03944838 -0.9658234 0.2590808 -0.007895469 -0.9657217 0.2591033 0.01571589 -0.9658539 0.2590878 0 0.9658232 -0.2590813 -0.007894933 0.9658774 -0.2589999 0 0.9657284 -0.2590812 0.01567369 0.9517991 -0.3067221 2.05887e-5 0.9625403 -0.2682537 -0.03945082 0.9625209 -0.2683234 0.03944832 0.9548249 -0.2919901 -0.05523812 0.9548061 -0.2920593 0.0551967 0.9448366 -0.3228763 -0.05508923 0.9448844 -0.3227573 0.05496782 0.9372185 -0.3465167 -0.03934222 0.9371565 -0.3466826 0.03935623 0.9316744 -0.3632089 -0.00788933 0.9326329 -0.3604876 0.0156356 0.9353548 -0.3537108 2.69793e-7 -0.5114839 0.6845921 0.5193439 -0.4251048 0.4329388 0.7948901 -0.3393856 0.5682399 0.7496138 -0.588984 0.4555011 0.6675451 -0.3060432 -0.07061827 0.9493949 -0.6057831 0.7237789 0.3304106 -0.4798125 -0.08654862 0.8730918 -0.7418741 0.4498589 0.4972421 -0.6618992 0.7328323 0.1576275 -0.133692 -0.511037 0.8490982 -0.8497309 0.4170005 0.3225961 -0.6940978 0.7177603 0.05521261 -0.6861774 -0.1182897 0.7177522 -0.2599425 -0.5356352 0.8034456 -0.8988888 0.3784992 0.2207654 -0.7147302 0.6990037 0.02355271 -0.832583 -0.1728001 0.5262565 -0.4334909 -0.5753589 0.6935762 -0.03922289 -0.8077737 0.5881866 0.04726839 -0.7876212 0.6143442 0.1023727 -0.913499 0.3937505 -0.1103486 -0.8515419 0.5125423 -0.5417497 -0.6359645 0.5495966 -0.8905935 -0.212786 0.401952 -0.9243288 0.3397169 0.1738069 -0.7560791 0.653721 0.03151637 -0.1499711 -0.8920617 0.4263035 -0.9361168 0.3145484 0.1573044 -0.7914338 0.6112046 -0.007842183 -0.5989621 -0.646248 0.4728721 -0.912922 -0.2281976 0.3383773 -0.1496543 -0.9136102 0.3780475 -0.6305395 -0.6541595 0.4177263 -0.9212359 -0.2283822 0.3149067 -0.9526106 0.2991647 0.05507802 -0.7832252 0.6012637 -0.1582411 -0.6347169 -0.666054 0.3917992 -0.9519009 0.2674758 -0.1494703 -0.6993362 0.5971866 -0.3928066 -0.8508442 0.212722 -0.4804305 -0.7815868 -0.4894356 -0.3867495 -0.9389592 -0.2761706 0.2051475 -0.9317088 -0.3632063 -2.63844e-5 -0.4335175 -0.8983561 -0.07084417 -0.6138187 -0.7240005 0.3147224 -0.5671391 -0.8034486 0.1811732 -0.02362948 -0.9944412 0.102608 -0.1572663 -0.9278662 0.3381295 -0.149418 -0.9202261 0.3617434 0.1423599 -0.9647318 0.2214189 0.1105284 -0.9475018 0.30004 0.1812443 -0.9772295 -0.1103314 0.1576105 -0.9458531 0.2837621 0.180804 -0.9667582 0.1808001 0.2051733 -0.9705489 -0.1262489 0.1261745 -0.9068282 0.4021723 0.04726129 -0.7876226 0.6143429 0.156892 -0.9724165 0.1726014 0.06315249 -0.7974503 0.6000708 0.1260216 -0.9529594 0.2756577 0.07834929 -0.9167256 0.3917597 -0.06308144 -0.520402 0.8515883 -0.1336248 -0.5110252 0.8491159 -0.3059601 -0.07061618 0.9494218 0.01571607 -0.8017981 0.5973883 -0.1974164 -0.04737281 0.9791745 -0.4249769 0.4328513 0.795006 -0.0630486 -0.4960661 0.8659927 -0.2668199 0.3768479 0.8870135 -0.339325 0.5681785 0.7496878 -0.2520223 0.5276713 0.8112015 -0.1413518 -0.03138589 0.9894618 -0.1972771 0.3708898 0.9074815 -0.1731256 0.51138 0.8417353 -0.102684 0.3475328 0.9320285 -0.08671319 0.5044454 0.8590784 -0.07068312 -0.03926551 0.9967257 0 0.3374158 0.9413558 -3.95594e-7 0.5028736 0.86436 0.08671277 0.5044452 0.8590786 -0.03933268 -0.4562697 0.8889718 0.1026842 0.3475329 0.9320284 0.1730853 0.5113583 0.8417567 0 -0.04714947 0.9988879 0.1972777 0.3708896 0.9074814 0.2520672 0.5277808 0.8111163 0.0706374 -0.0392422 0.99673 0.2668195 0.3768486 0.8870133 0.3393247 0.5681778 0.7496885 0.4249798 0.4328479 0.7950062 1.89343e-6 -0.4409112 0.8975508 0.1413486 -0.03138613 0.9894622 0.03933233 -0.4562698 0.8889719 0.1974158 -0.04737263 0.9791747 0.3059101 -0.07062262 0.9494375 0.06304866 -0.4960658 0.8659929 0.06308174 -0.5204023 0.8515881 0.1336258 -0.5110239 0.8491163 -0.04726159 -0.7876203 0.6143456 0.007891714 -0.7816066 0.6237219 -0.06319445 -0.7974637 0.6000486 -0.01571702 -0.801798 0.5973885 -0.126174 -0.9068281 0.4021727 -0.1023728 -0.913499 0.3937504 -0.07834929 -0.9167254 0.3917602 -0.02359724 -0.9287707 0.3699032 -4.67466e-7 -0.7636659 0.6456117 0 -0.9316998 0.3632296 -0.007892549 -0.7816063 0.6237223 0.02359467 -0.9287701 0.3699049 0 -0.9696826 0.2443678 0.06277316 -0.9658683 0.2513125 -0.06273227 -0.9658645 0.2513371 0 -0.986184 0.1656542 0.08647 -0.9824826 0.165079 -0.126022 -0.9529595 0.275657 -0.08647006 -0.9824826 0.1650789 0 -0.9984892 -0.05495101 -0.1576106 -0.9458531 0.283762 -0.1568399 -0.972439 0.172522 -0.09456521 -0.9929881 -0.07093727 0.09456443 -0.9929882 -0.07093709 -8.17003e-7 -0.8439958 -0.5363498 0.1647947 -0.9810338 -0.1020572 0.07846486 -0.8159791 -0.5727316 0.1257718 -0.7860211 -0.6052705 0.1656565 -0.7889367 -0.5917236 0.06294888 -0.3854994 -0.9205584 0.1262488 -0.844303 -0.5207818 0.094262 -0.4006881 -0.9113527 -0.1177758 -0.9187328 -0.3769069 -0.4333507 -0.8984252 -0.07098948 -0.7814843 -0.4894899 -0.3868875 0.0157929 -0.4660064 -0.8846404 -0.3634895 -0.5294533 -0.766521 -0.8507429 0.2126581 -0.4806382 -0.4968929 0.1656275 -0.8518598 -0.4402739 0.5424836 -0.7154512 -0.6992754 0.5971676 -0.392944 -0.1574635 0.1495671 -0.9761327 -0.1653872 0.4410486 -0.882113 -0.03150135 0.1181296 -0.9924984 -0.09432935 0.4166904 -0.9041411 -0.01577812 0.1181744 -0.9928675 -0.05519688 0.4178934 -0.9068178 -0.007887423 0.1104274 -0.9938529 -0.03156685 0.4183554 -0.9077347 -0.01579111 0.418505 -0.9080772 0.03930586 -0.4087455 -0.9118017 2.72295e-7 0.1103984 -0.9938874 0.01579082 0.418505 -0.9080772 -1.07492e-6 -0.4250472 -0.9051713 0.007894814 0.1103757 -0.9938586 0.03156709 0.4183556 -0.9077346 0.05519664 0.4179374 -0.9067976 -0.03927731 -0.4087074 -0.9118199 -0.07846361 -0.8159794 -0.5727313 -0.0629388 -0.3855447 -0.9205401 0.01581144 0.118133 -0.992872 0.09432983 0.4166901 -0.9041412 -0.1648218 -0.9810336 -0.1020149 0.03150135 0.1181297 -0.9924985 0.1653873 0.4410487 -0.8821129 -0.1808404 -0.9667456 0.1808313 0.1574611 0.1495673 -0.976133 0.4402748 0.542483 -0.7154511 -0.09426194 -0.4006874 -0.9113531 0.4968922 0.1656271 -0.8518602 0.8507434 0.2126563 -0.4806383 0.6992773 0.5971664 -0.3929422 -0.0157929 -0.4660066 -0.8846403 0.3634898 -0.529454 -0.7665206 0.7814832 -0.4894939 -0.3868851 0.1177753 -0.9187331 -0.3769066 0.433357 -0.8984215 -0.07099848 0.02368396 -0.9944407 0.1026005 -0.1262494 -0.844303 -0.5207816 -0.1656565 -0.7889366 -0.5917239 -0.1257736 -0.7860212 -0.60527 -0.1812442 -0.9772295 -0.1103317 -0.2051734 -0.9705489 -0.126249 -0.14236 -0.9647317 0.2214193 -0.1105287 -0.9475017 0.3000403 0.1572661 -0.9278663 0.3381294 0.149434 -0.9202061 0.3617877 0.1496543 -0.9136095 0.3780494 0.6138123 -0.7239837 0.3147733 0.6347166 -0.666054 0.3917996 0.63054 -0.6541577 0.4177285 0.9212358 -0.2283826 0.3149064 0.567139 -0.8034488 0.1811726 0.43352 -0.8983549 -0.0708447 0.9389597 -0.2761698 0.2051465 0.931708 -0.3632085 -2.71397e-5 0.7815875 -0.4894313 -0.3867532 0.9519006 0.2674762 -0.1494717 0.8508468 0.2127104 -0.4804311 0.699339 0.5971825 -0.3928078 0.7832342 0.6012648 -0.1581928 0.952611 0.2991636 0.05507808 0.7914326 0.6112062 -0.007842063 0.9360983 0.3145983 0.1573143 0.7560788 0.6537213 0.03151684 0.9129224 -0.2281972 0.3383768 0.924329 0.3397165 0.1738068 0.7147298 0.6990041 0.0235517 0.5989624 -0.6462481 0.4728716 0.8905941 -0.2127854 0.4019513 0.8988884 0.3784995 0.2207664 0.694098 0.7177601 0.05521261 0.1500196 -0.8920621 0.4262855 0.8497307 0.4170007 0.3225961 0.6619004 0.7328313 0.1576274 0.541749 -0.6359648 0.549597 0.832597 -0.1728373 0.5262221 0.1104248 -0.85157 0.5124791 0.4334204 -0.5754255 0.6935649 0.686177 -0.1182895 0.7177527 0.7418741 0.4498578 0.4972433 0.6057551 0.7237836 0.3304515 0.259943 -0.535636 0.8034449 0.4798117 -0.08654952 0.8730922 0.5889835 0.4555032 0.6675443 0.5114818 0.6845939 0.5193434 0.4250815 0.4329637 0.7948889 0.3393902 0.5682347 0.7496157 0.3060421 -0.0706197 0.9493951 0.1336917 -0.5110359 0.8490989 0.03922182 -0.8077735 0.5881869 -0.04726636 -0.787624 0.6143406 0.01578992 -0.9378231 0.3467543 0.1338622 -0.6220232 0.7714715 0.007942497 -0.6237843 0.7815563 0.1966662 -0.9202877 0.3382207 0.268428 -0.5289464 0.8050852 0.0236476 -0.9995964 0.01574093 0.401116 -0.8415604 0.3617763 0.212704 -0.9770851 0.007866859 0.5525501 -0.7341009 0.3946951 0.3306783 -0.4408849 0.8344295 0.4094501 -0.4330555 0.8030029 0.408931 -0.9122601 0.02360385 0.2051696 -0.9389627 -0.2761425 0.02370339 -0.9630219 -0.2683788 0.1333062 -0.5959521 -0.7918779 0.01571917 -0.6111851 -0.7913316 0.1967079 -0.5743988 -0.7945893 0.3614658 -0.895613 -0.2592682 0.362345 -0.4725999 -0.8033402 0.5917266 -0.8047477 0.04733806 0.5767157 -0.774224 -0.2607226 0.7485536 -0.6224552 -0.2285103 0.4950956 -0.3536583 -0.7936033 0.6706275 -0.646954 0.3629178 0.7372823 -0.6744443 0.03923881 0.8205297 -0.5128291 -0.2524628 0.5179904 -0.3217832 -0.792554 0.8438818 -0.536297 0.0157867 0.7958206 -0.5121501 0.3230666 0.5351501 -0.3620108 0.7632578 0.8874557 -0.3298203 0.3219334 0.5978481 -0.220264 0.7707539 0.9353057 -0.3537549 0.007796347 0.9032144 -0.3534334 -0.2434924 0.5720211 -0.2429273 -0.7834401 0.9898287 -0.1413946 0.01570832 0.9310729 -0.1341304 0.3392823 0.630479 -0.07879698 0.7721964 0.9613786 -0.1103025 -0.2521598 0.6230388 -0.04734539 -0.7807568 0.6400243 0.0552777 -0.7663637 0.9346648 0.03873407 0.353414 0.6368454 0.03145402 0.7703496 0.6146101 0.1181935 0.7799262 0.999195 0.03934019 0.007865011 0.9713646 0.06318241 -0.2290387 0.6429851 0.1411902 -0.7527519 0.9192113 0.1885237 0.3457013 0.5766422 0.2369918 0.7818688 0.9786887 0.205199 0.007870316 0.9588478 0.188623 -0.2122088 0.5731489 0.321868 -0.7535924 0.8676546 0.3707318 0.3312608 0.5102819 0.3846778 0.7691785 0.8733384 0.4169941 -0.2517855 0.535243 0.3778256 -0.7554885 0.9125064 0.4090625 -3.08971e-5 0.7854804 0.56554 -0.2513669 0.4644891 0.4487023 -0.7634896 0.7584493 0.5609321 0.3318279 0.8083755 0.5886148 -0.007867753 0.6226561 0.7014963 0.3467023 0.4256007 0.4965415 0.7565122 0.6870858 0.7265335 0.007893323 0.6795429 0.6795158 -0.2765499 0.5363748 0.8439424 0.007955849 0.4876875 0.794486 0.3618744 0.3140817 0.5339455 0.785019 0.4908152 0.8233299 -0.2850062 0.3072749 0.5672267 -0.7640917 0.3545468 0.89817 -0.2599759 0.2445724 0.6153417 -0.7493591 0.363208 0.9317082 -1.61026e-6 0.3392654 0.8678665 0.3629143 0.2198054 0.5573956 0.8006221 0.1414194 0.9899187 -0.007861554 0.165329 0.9446473 -0.2833867 0.1261205 0.6226575 -0.7722638 -0.01577037 0.9611113 -0.2757111 1.22073e-5 0.5975555 -0.8018276 -0.02359735 0.999598 -0.01572167 0.1499728 0.9314441 0.3315422 -0.01564157 0.9493526 0.3138234 0.1338281 0.6220222 0.7714781 -0.0157482 0.6540111 0.7563211 -0.01570206 0.949348 0.3138338 -0.1417465 0.6299057 0.7636274 -0.0157901 0.6540251 0.7563081 -0.1882522 0.925278 0.3292748 -0.2684987 0.5843371 0.7658059 -0.02361422 0.9995973 -0.01574242 -0.3857901 0.8582199 0.3385624 -0.3787145 0.5207095 0.7651387 -0.1809391 0.9834944 3.95398e-6 -0.5437632 0.7642855 0.3466833 -0.47103 0.4317766 0.7692201 -0.4089881 0.9125061 0.007836878 -0.1656759 0.9467326 -0.2761321 -0.01577764 0.9611076 -0.2757234 -1.60541e-5 0.5975406 -0.8018386 -0.09452062 0.5986352 -0.7954257 -0.244606 0.5523967 -0.7968851 -0.38537 0.8807532 -0.2752525 -0.3301134 0.5108912 -0.793735 -0.5423957 0.793821 -0.2750546 -0.4499431 0.4025815 -0.7971697 -0.574403 0.8184215 0.01573765 -0.7104231 0.6472837 -0.2762659 -0.6749339 0.6435474 0.3609862 -0.7224373 0.691034 0.02359008 -0.7800886 0.5043044 0.3703228 -0.5198799 0.3308156 0.7875825 -0.843941 0.5362057 0.01572448 -0.5688524 0.2291118 0.7898827 -0.8262431 0.4957149 -0.2675615 -0.5344017 0.2908049 -0.7936292 -0.9316792 0.3631964 0.007897734 -0.865361 0.3382295 0.3697989 -0.8928706 0.3554828 -0.2764313 -0.5642488 0.235125 -0.7914162 -0.918575 0.141143 0.3691866 -0.6291472 0.1022206 0.7705354 -0.9886982 0.1490961 0.01569396 -0.9509558 0.1414607 -0.2750856 -0.5990599 0.08671683 -0.7959946 -0.6054311 -0.05501145 -0.7939944 -0.9983948 -0.04710501 0.03144985 -0.9618237 -0.05518555 -0.2680482 -0.5959755 -0.1333048 -0.7918605 -0.9358149 -0.2202113 -0.2752406 -0.5589715 -0.2833947 -0.7792549 -0.9348839 -0.03143042 0.3535594 -0.6540973 -4.68362e-6 0.7564105 -0.6232547 -0.118346 0.7730122 -0.8649931 -0.4246235 -0.2673612 -0.5116814 -0.3620827 -0.7791523 -0.9227133 -0.1971782 0.3312417 -0.5512909 -0.2756672 0.7874554 -0.9753205 -0.2202332 0.01573026 -0.851885 -0.4180687 0.3154529 -0.5028804 -0.3771626 0.7777273 -0.8975603 -0.4408919 4.88996e-5 -0.7670758 -0.5535883 0.3242452 -0.4570863 -0.4413439 0.7721967 -0.7908322 -0.5536064 -0.2609685 -0.8185017 -0.5745041 1.15076e-5 -0.4496434 -0.4338306 -0.7807764 -0.6710347 -0.6631394 0.3316001 -0.7149223 -0.699204 3.23644e-5 -0.6873021 -0.6716635 -0.2765576 -0.4959338 -0.8029499 0.3306375 -0.3446671 -0.540504 0.7675026 -0.5271745 -0.8497571 -1.96043e-6 -0.503812 -0.8186948 -0.2755221 -0.3224807 -0.5269195 -0.78636 -0.3537041 -0.9353573 -8.33103e-6 -0.3233867 -0.8833972 0.3391616 -0.2130306 -0.6075437 0.7651855 -0.3384489 -0.8972871 -0.2834224 -0.2127218 -0.5672589 -0.7955922 -0.1656479 -0.9860599 0.01571071 -0.1414909 -0.9275482 0.3458825 -0.09444415 -0.629628 0.7711349 -0.1733598 -0.9454649 -0.275758 -0.1102988 -0.6064429 -0.7874397 0.01577097 -0.9378228 0.346756 0.00786525 -0.623777 0.7815628 0.02360743 -0.9995974 0.01574122 0.02367204 -0.9630228 -0.2683779 0.01562476 -0.6112182 -0.7913079 0.04721683 0.9988847 2.8772e-7 0.05507063 0.998452 -0.007806658 0.05499732 0.9983634 0.01568275 0 1 -1.07698e-4 0.03924727 0.9984585 -0.03924745 0.03944933 0.9984425 0.03944921 0.015742 0.998361 -0.05502325 0.01570051 0.9983626 0.05500835 -0.015648 0.9983613 -0.05504488 -0.01562845 0.9983671 0.05494475 -0.03931516 0.9984531 -0.03931504 -0.0391094 0.9984694 0.03910899 -0.05504405 0.9984532 -0.007845461 -0.05502742 0.9983611 0.01572197 -0.04722195 0.9988845 -1.70804e-7 0.05498969 -0.9984555 -0.007925331 0.04721796 -0.9988846 -1.74187e-7 0.05496847 -0.9983655 0.01564556 0 -1 -1.07437e-4 0.03934961 -0.9984505 -0.03934955 0.03944963 -0.9984425 0.0394501 0.01578885 -0.9983609 -0.05501222 0.01573657 -0.9983601 0.05504065 -0.01564705 -0.9983613 -0.05504518 -0.01566487 -0.9983648 0.05497694 -0.03931486 -0.9984531 -0.03931492 -0.03944891 -0.9984425 0.03944998 -0.05498951 -0.9984555 -0.007925271 -0.05499744 -0.9983634 0.01568269 -0.0473122 -0.9988802 2.81201e-7 0.9659025 0.2589062 -1.65688e-7 0.9658317 0.2590486 -0.007930517 0.9657218 0.2591034 0.01571571 0.9517707 0.3068104 -1.48664e-5 0.9625403 0.2682534 -0.03945064 0.9625467 0.2682306 0.03944832 0.954811 0.2920357 -0.05523741 0.9548181 0.2920164 0.0552175 0.9449259 0.322589 -0.05524063 0.9448752 0.3227766 0.05501055 0.9371839 0.34659 -0.03951853 0.9371562 0.3466837 0.03935623 0.9316895 0.3631696 -0.007909595 0.9326428 0.360464 0.01559537 0.9353529 0.3537159 -1.65502e-7 -0.9316741 -0.3632096 -0.007888913 -0.9353538 -0.3537138 -1.71994e-7 -0.932633 -0.3604877 0.01563626 -0.9517707 -0.3068104 -1.49613e-5 -0.9372355 -0.3464807 -0.03925448 -0.9371234 -0.3467739 0.03934234 -0.944926 -0.3225885 -0.05524164 -0.9448568 -0.3228157 0.05509686 -0.9548388 -0.2919449 -0.05523836 -0.9548301 -0.2919732 0.05523788 -0.9625405 -0.2682529 -0.03945046 -0.9625465 -0.2682316 0.03944826 -0.9658064 -0.2591461 -0.007824242 -0.9657283 -0.2590814 0.01567411 -0.9658386 -0.2591447 -1.40339e-7 0.5455586 -0.8380728 0 0.5419686 -0.8403617 -0.007900834 0.5418716 -0.8403144 0.01571756 0.5886399 -0.8083953 1.55135e-6 0.5506337 -0.8338199 -0.03933066 0.5506596 -0.8338027 0.03933167 0.5737241 -0.8171985 -0.05502212 0.5737404 -0.8171925 0.05494052 0.6003004 -0.7978609 -0.05529338 0.5966057 -0.8006522 0.05493354 0.6194217 -0.7840792 -0.03919953 0.6191506 -0.7842879 0.03930813 0.628448 -0.7778124 -0.007805347 0.6284496 -0.7776919 0.01570087 0.6284686 -0.7778351 0 -0.6285358 0.7777406 -0.007890641 -0.6280903 0.7781404 0 -0.6284483 0.7776929 0.01570266 -0.5886093 0.8084176 -3.07491e-5 -0.6194127 0.784091 -0.03910547 -0.6193694 0.7841193 0.03922432 -0.6003388 0.797832 -0.05529481 -0.5965698 0.8006777 0.0549528 -0.5736865 0.8172253 -0.05501478 -0.5736365 0.8172605 0.05501598 -0.5506339 0.8338199 -0.0393303 -0.5506594 0.833803 0.03933143 -0.5419395 0.8403807 -0.007864058 -0.5419295 0.8402783 0.01564937 -0.5455551 0.8380751 0 -0.6280988 -0.7781337 0 -0.6285076 -0.7777637 -0.007863342 -0.6284486 -0.7776927 0.01570147 -0.5886703 -0.8083733 3.39284e-5 -0.619422 -0.7840789 -0.03920072 -0.6192967 -0.7841753 0.03925228 -0.6003394 -0.7978315 -0.05529481 -0.5965702 -0.8006774 0.05495256 -0.5736472 -0.8172535 -0.0550071 -0.5736709 -0.8172379 0.05499118 -0.5506339 -0.8338198 -0.03933107 -0.5505781 -0.8338568 0.03932929 -0.5419673 -0.8403625 -0.007899224 -0.5419301 -0.840278 0.01564913 -0.5455556 -0.8380746 0 0.5419411 0.8403797 -0.007866442 0.5456858 0.83799 0 0.5418726 0.8403137 0.01571673 0.5885789 0.8084399 -6.28699e-5 0.550634 0.8338198 -0.03933101 0.5506197 0.8338292 0.03933072 0.5736474 0.8172533 -0.0550071 0.5736708 0.8172379 0.054991 0.6003 0.7978613 -0.05529326 0.5966058 0.8006521 0.05493342 0.6194308 0.7840673 -0.03929346 0.6194799 0.7840342 0.03918164 0.6285665 0.7777155 -0.007920205 0.6284489 0.7776925 0.01570135 0.6285414 0.7777761 0 0 9.04592e-7 1 0 9.04717e-6 1 0 9.04623e-7 1 9.7198e-7 0 1 0 0 1 0 0 1 -5.74861e-7 0 1 -5.74932e-6 0 1 3.66576e-7 0 1 1.94396e-6 0 1 -5.74852e-7 0 1 -5.74931e-6 0 1 0.7476304 0.4328259 -0.5036969 -2.25172e-5 0.9954952 -0.0948131 0.8639035 0.4947568 -0.09426826 -3.78531e-6 0.8642979 -0.5029803 0.2527762 0.1501036 -0.9558103 0.7476422 -0.4328532 -0.5036559 0.8639023 0.4947662 -0.09423017 0.8639019 -0.4947626 -0.09425264 2.21431e-5 -0.9954982 -0.09478062 0.8638851 -0.4947919 -0.09425312 -9.44734e-6 -0.8643391 -0.5029097 0.2527769 -0.1500833 -0.9558132 1.67766e-6 -0.2920741 -0.9563958 0 0.2920727 -0.9563961 -0.2527748 -0.1501396 -0.955805 -0.2527784 0.1500582 -0.9558168 -0.7476347 0.4328359 -0.5036818 1.57952e-5 0.9954932 -0.09483307 -0.8639058 0.4947561 -0.09425139 -0.7476367 -0.4328401 -0.5036753 -2.12035e-5 -0.9954929 -0.09483635 -0.8639003 -0.4947611 -0.0942766 -0.8638993 0.4947676 -0.09425103 -0.8639035 -0.4947635 -0.09423416 0.7476452 0.4328603 -0.5036454 -3.99242e-6 0.8643299 -0.5029253 0.2527762 0.1501035 -0.9558102 0.7476423 -0.4328532 -0.5036558 2.21431e-5 -0.9954982 -0.09478056 -9.3424e-6 -0.8643075 -0.5029639 0.2527772 -0.1500839 -0.955813 -7.06059e-7 -0.2925353 -0.9562548 2.57326e-7 0.2920727 -0.9563961 -0.252777 -0.1500859 -0.9558128 -0.2527751 0.1501119 -0.9558092 -0.7476348 0.4328359 -0.5036819 1.5378e-5 0.9954932 -0.09483313 -0.7476223 -0.4328051 -0.5037267 -2.16048e-5 -0.995493 -0.09483605 0.747645 0.4328601 -0.5036458 -1.9344e-5 0.9954951 -0.09481436 0.8639037 0.4947566 -0.09426814 -2.45849e-6 0.8643614 -0.5028712 0.252776 0.1501044 -0.9558102 0.7476423 -0.4328538 -0.5036552 0.8639023 0.4947662 -0.09423106 2.15471e-5 -0.9954982 -0.09478032 0.8639059 -0.4947553 -0.09425431 -8.82556e-6 -0.8643389 -0.5029099 0.2527768 -0.1500848 -0.955813 2.46349e-7 -0.2923815 -0.9563018 2.72463e-7 0.2920718 -0.9563964 -0.252777 -0.1500853 -0.9558128 -0.252778 0.1500583 -0.9558168 -0.7476344 0.4328349 -0.5036833 1.5229e-5 0.9954932 -0.09483331 -0.863906 0.4947559 -0.09425097 -0.7476363 -0.432839 -0.503677 -2.10009e-5 -0.9954929 -0.09483659 -0.8639034 -0.4947686 -0.09420704 -0.8638993 0.4947676 -0.09425061 -0.8639035 -0.4947635 -0.09423398 0.7476307 0.4328257 -0.5036966 -2.67976e-6 0.8643293 -0.5029264 0.2527759 0.1501042 -0.9558101 0.7476425 -0.4328536 -0.5036551 2.17557e-5 -0.9954982 -0.09478068 0.8639062 -0.4947548 -0.09425437 -8.45741e-6 -0.8643389 -0.50291 0.2527773 -0.1500845 -0.9558129 2.56568e-6 -0.2920756 -0.9563953 4.38968e-7 0.2920718 -0.9563964 -0.2527794 -0.1500319 -0.9558206 -0.2527757 0.150112 -0.955809 -0.7476344 0.4328348 -0.5036833 1.48714e-5 0.9954932 -0.09483337 -0.7476362 -0.4328391 -0.5036768 -2.10913e-5 -0.9954928 -0.0948373 1.33449e-7 0 1 -2.7438e-6 0 1 1.43698e-6 5.96931e-7 1 4.89836e-7 2.43807e-7 1 0 0 1 2.00905e-7 0 1 2.28631e-7 0 1 1.3719e-6 0 1 -2.42516e-7 0 1 0 -3.68087e-7 1 0 0 1 4.0181e-7 2.24334e-7 1 3.01362e-7 2.60272e-7 1 0 2.24334e-7 1 -3.42942e-7 0 1 -2.05782e-6 -3.68075e-7 1 -4.53236e-7 0 1 -1.37191e-6 0 1 1.26539e-7 0 1 -1.25803e-7 0 1 -2.00908e-7 0 1 -2.28629e-7 0 1 -1.37189e-6 0 1 -1.93976e-7 2.8541e-7 1 -1.37192e-6 2.24536e-7 1 -2.2863e-7 3.20506e-7 1 2.00906e-7 2.95856e-7 1 -2.51136e-7 2.10565e-7 1 -2.98963e-7 3.40503e-7 1 5.91941e-7 6.05923e-7 1 -1.33936e-7 3.04604e-7 1 0 9.35276e-7 1 9.47109e-7 0 1 9.14599e-7 0 1 4.01819e-7 2.10564e-7 1 0 2.95855e-7 1 -4.57259e-7 3.20506e-7 1 -2.74379e-6 2.24533e-7 1 0.9955018 0.09474313 5.37932e-6 0.9677534 -0.2517774 0.007849693 0.975457 0.2201902 1.21777e-5 0.966307 -0.2514497 0.05498915 0.7777045 -0.6284329 0.01575034 0.9795726 -0.1421812 0.1422043 0.7958384 -0.5752208 0.189109 0.4247072 -0.9044761 0.03933137 0.9878113 -0.06320679 0.1422458 0.4403911 -0.8493425 0.2909862 0 -0.9988868 0.04717373 0.8275966 -0.3468697 0.4413223 0.8506063 -0.1496577 0.5040552 0.4733223 -0.5522106 0.6863158 0.9997186 -0.02372431 1.65522e-4 0.9955048 0.09471178 -9.69507e-7 0.487216 -0.2357611 0.8408551 0.9902571 -0.03923112 0.133611 0.999498 -0.03168416 -5.19916e-5 0.859728 -0.078808 0.5046357 0.990286 -0.03927057 0.1333845 0.9992315 -0.03919768 2.10563e-5 0.4968839 -0.118304 0.8597154 0.9902561 -0.03930598 0.1335968 0.9992233 -0.03940784 0 0.9912655 -0.03933775 0.1258784 0.8606243 -0.06316101 0.5053086 0.8634287 -0.04712843 0.5022648 0.8670929 -0.0394032 0.4965859 0.4965754 -0.039406 0.8670987 0.496279 -0.0550853 0.8664138 -1.82523e-7 -0.03956943 0.9992169 0.4951446 -0.08640724 0.8645032 0 -0.05492585 0.9984905 0 -0.09481704 0.9954947 -0.496246 -0.05512201 0.8664304 -0.4966623 -0.03942841 0.8670479 -0.4951445 -0.08640778 0.8645032 1.31447e-7 -0.1337023 0.9910216 -0.4968841 -0.1183037 0.8597154 0 -0.2757765 0.9612218 -0.4872164 -0.2357612 0.8408548 9.49354e-7 -0.628506 0.7778047 -0.4733224 -0.5522108 0.6863157 2.07278e-7 -0.9414078 0.3372706 -0.440391 -0.8493427 0.2909857 -0.4247074 -0.904476 0.03933066 -0.8275926 -0.3467863 0.4413954 -0.7958375 -0.5752221 0.1891089 -0.7776955 -0.6284453 0.01569926 -0.8506065 -0.1496569 0.5040552 -0.9795776 -0.1420918 0.1422601 -0.96632 -0.2514002 0.05498987 -0.9677484 -0.2517999 0.007744908 -0.9955016 0.09474468 -1.69186e-6 -0.9754574 0.2201883 8.51319e-5 -0.9878113 -0.06320691 0.1422451 -0.8597024 -0.07882887 0.5046761 -0.9997186 -0.02372425 1.65651e-4 -0.9955047 0.09471142 2.31341e-6 -0.9902585 -0.03918111 0.1336153 -0.9995169 -0.03108167 1.02406e-4 -0.8606235 -0.06316167 0.5053097 -0.9902588 -0.03929281 0.1335802 -0.9992316 -0.03919762 2.15565e-5 -0.990253 -0.03926908 0.1336302 -0.9992232 -0.03940778 2.26944e-7 -0.9912655 -0.03933805 0.1258783 -0.863497 -0.04718828 0.5021418 -0.8670433 -0.0394532 0.4966685 0.5121903 -9.05097e-5 -0.8588721 2.10619e-6 1 -3.30383e-7 0.3467705 -7.9304e-5 -0.93795 -0.04710412 0.9969145 0.06279301 0.7417225 -9.34303e-5 -0.670707 -0.4876764 -4.7413e-7 0.8730245 -0.3468056 1.46457e-7 0.937937 -0.04715853 0.9969141 0.06275695 0.7226157 -9.90033e-5 -0.69125 -0.04709863 -0.9969143 0.06279778 1.37653e-6 -1 -3.85429e-7 0.346863 8.22812e-5 -0.9379158 0.5121642 6.83069e-5 -0.8588876 0.7417015 8.91686e-5 -0.6707302 -0.04710102 -0.9969144 0.06279617 -0.7598356 2.86305e-7 0.6501153 0.06307166 -0.9935128 -0.09462714 0.7226354 8.21054e-5 -0.6912294 0.2902428 7.10785e-5 -0.9569531 -0.6869918 1.65287e-7 0.7266653 0.06306082 -0.9935124 -0.09463971 0.0784657 8.32975e-5 -0.9969169 1.15168e-5 -1 -1.42742e-4 -0.3370313 1.54096e-6 0.9414935 -0.07859069 0 0.9969071 1.50288e-5 1 -1.41954e-4 0.06306028 0.9935123 -0.09464055 0.07866299 -8.17715e-5 -0.9969013 0.2902156 -1.20968e-4 -0.9569613 0.06309485 0.9935133 -0.09460741 0.4023953 -0.9154661 1.34483e-6 0.06285119 -0.9979921 0.007846951 0.5120832 -0.858936 1.22444e-5 0.06276893 -0.9965152 0.05493289 -0.3536418 -0.9352492 0.0156967 0.1728938 -0.9747176 0.1415394 -0.298727 -0.935504 0.1886652 -0.7336328 -0.6784002 0.03944718 0.2512068 -0.9575631 0.1413086 -0.6685805 -0.684327 0.291027 -0.9507224 -0.3064411 0.04712462 -0.07067054 -0.8953073 0.4398075 -0.8952823 -0.2905688 0.3376972 -0.3781839 -0.622314 0.6853483 -0.9437235 0.1572421 0.2909654 -0.9922184 0.1181193 0.03937458 -0.5970756 -0.1964069 0.7777694 -0.07080757 -0.5350257 0.8418633 -0.2674106 -0.08651876 0.9596907 0.1264183 -0.8534017 0.5056916 -0.6700888 0.2838104 0.685881 0.2830055 -0.9591184 -1.72455e-6 0.4024055 -0.9154616 6.03776e-6 -0.5848769 0.6797206 0.4426048 0.2680005 -0.9540465 0.1340568 0.2758623 -0.9611972 3.02226e-6 0.1891068 -0.8427248 0.5040373 0.2681103 -0.9540269 0.1339765 0.2684581 -0.9632914 1.7389e-7 0.204149 -0.8401257 0.5025058 0.0395773 -0.5059316 0.8616653 0.07082533 -0.4957439 0.865576 -0.1258368 -0.03939008 0.9912687 -0.08693093 -0.03152638 0.9957154 -0.3764985 0.3922023 0.8393011 -0.2682811 0.4339737 0.8600535 -0.4018527 0.7643339 0.5042897 -0.2353597 0.4471641 0.8629311 -0.3384712 0.794843 0.5036485 -0.05501788 -0.01572799 0.9983616 0.1024323 -0.4884684 0.8665485 -0.2045882 0.4568012 0.865723 0.2205907 -0.8350076 0.5040854 -0.0393238 -0.01570665 0.9991031 0.1179414 -0.4875866 0.8650718 -0.1888196 0.464162 0.8653907 0.2289307 -0.836791 0.4973647 -0.3152114 0.8039023 0.504364 -0.3073666 0.81177 0.4965432 -0.3465957 0.9295084 0.126038 0.2680496 -0.9540421 0.13399 0.2683517 -0.9550086 0.1262776 0.2686206 -0.9632461 3.80096e-6 -0.3462719 0.9285406 0.1338221 -0.3467957 0.9379407 0 -0.3465974 0.938014 8.58428e-6 -0.3223844 0.8018425 0.5031071 -0.3462103 0.9285718 0.1337646 -0.337397 0.9413625 6.29461e-6 -0.3461995 0.9285736 0.1337795 -0.3303324 0.9438647 -6.09737e-6 -0.3622018 0.9212589 0.1417461 -0.220312 0.9754295 4.46662e-6 -0.4332236 0.8900687 0.1417579 -0.2203289 0.9754257 -4.01831e-6 -0.7892593 0.5841138 0.189423 -0.8379806 0.5454716 0.01579338 -0.5355525 0.8426995 0.05514633 -0.5363319 0.8439701 0.007906496 -0.09488564 0.9954882 1.19873e-5 -0.7492118 -0.6623305 3.11434e-6 -0.9316788 -0.3631975 0.007893919 -0.6624687 -0.7490896 1.20085e-5 -0.9302908 -0.3626512 0.0551657 -0.9987609 0.04720896 0.01574891 -0.8741002 -0.4645916 0.141787 -0.9820512 -0.007779598 0.1884544 -0.8723645 0.4872739 0.03929901 -0.8332057 -0.5345497 0.1415095 -0.8572762 0.4247311 0.2910003 -0.5879892 0.8074991 0.04705303 -0.8738928 -0.204702 0.4409179 -0.5506808 0.7630929 0.3382897 -0.7746866 -0.3794569 0.5058394 -0.1418952 0.9459383 0.2916617 -0.1884129 0.9813051 0.03925585 -0.3703425 0.5042771 0.7800968 -0.7089013 0.1654658 0.6856239 0.06310069 0.725139 0.6857053 -0.5339767 -0.0942462 0.8402301 -0.1651765 0.2281047 0.9595234 0.3081784 0.9322627 0.1895059 0.2591269 0.9657148 0.01576036 0.2514702 0.4793468 0.8408267 0.63141 0.7734786 0.0552482 0.6370654 0.7707697 0.007866442 0.4632418 0.7694633 0.4396967 0.7116694 0.6879421 0.142346 0.8623093 0.5063818 1.15772e-6 0.9195107 0.3930651 1.22287e-5 0.7636842 0.6298456 0.1417071 0.7951449 0.6064196 9.15638e-5 0.8622911 0.5064131 6.55651e-6 0.6016782 0.6174941 0.5066403 0.7782886 0.613418 0.1341095 0.7885376 0.6149865 1.89293e-6 0.3315201 0.3867346 0.8605409 0.7784526 0.6132981 0.1337056 0.7847625 0.6197966 0 0.6481761 0.5691362 0.5059167 0.7784064 0.6133741 0.133626 0.7846609 0.6199253 0 0.7792304 0.6139515 0.1259508 0.6600456 0.5579958 0.5029718 0.6702746 0.5441178 0.5046464 0.6772212 0.5433489 0.4961284 0.3784844 0.3232966 0.8673114 0.3697599 0.3382604 0.8653657 -0.02356874 0.03169184 0.9992198 0.3530695 0.3608686 0.8632009 -0.03141826 0.04722607 0.9983901 -0.05532997 0.07113718 0.9959308 -0.4328585 -0.2517199 0.8656042 -0.4255328 -0.2600452 0.8667747 -0.4487782 -0.2204754 0.8660189 -0.07869952 0.1023166 0.9916339 -0.4666424 -0.1977019 0.8620666 -0.7415438 -0.4417608 0.5049358 -0.7327471 -0.4569764 0.5042365 -0.8246007 -0.549736 0.1335071 -0.822205 -0.5691915 8.94925e-6 -0.7492026 -0.6623409 6.35535e-6 -0.8283978 -0.5601403 -5.01601e-7 -0.8245862 -0.5497655 0.133475 -0.8308495 -0.5564972 2.69672e-7 -0.7236937 -0.472006 0.5034657 -0.7264916 -0.4739133 0.4976105 -0.8246243 -0.5497114 0.133463 -0.8344694 -0.5510543 0 -0.8254392 -0.5503057 0.1257539 -0.8623086 0.5063831 -2.76044e-6 -0.6370376 0.770793 0.007832765 -0.9195112 0.3930637 1.22867e-5 -0.6314108 0.7734781 0.05524748 -0.2591279 0.9657144 0.01576226 -0.7116684 0.6879437 0.1423434 -0.3081538 0.9322616 0.189551 0.1884135 0.981305 0.03925746 -0.7636891 0.6298295 0.1417533 0.141896 0.9459383 0.2916614 0.5879895 0.8074989 0.0470544 -0.4632434 0.7694632 0.4396955 -0.06304776 0.7251278 0.6857221 0.5506818 0.7630935 0.3382869 -0.7952224 0.6063178 2.43892e-5 -0.8622913 0.5064128 1.88034e-6 0.857277 0.42473 0.2909995 0.8723663 0.487271 0.03929704 0.3703419 0.5042756 0.7800981 0.9820343 -0.007847309 0.1885395 0.9987609 0.04720914 0.01574897 0.7089015 0.1654657 0.6856237 0.1651498 0.2280594 0.9595387 0.9302913 -0.3626496 0.05516815 0.9316784 -0.3631985 0.007891416 0.7492104 -0.6623321 -4.25798e-6 0.6624705 -0.7490881 1.19518e-5 0.8741037 -0.4645699 0.1418364 0.8331784 -0.534586 0.1415336 0.8738916 -0.2047027 0.4409201 0.7746653 -0.37942 0.5058994 0.5339774 -0.09424608 0.8402298 0.8222301 -0.5691554 2.61177e-5 0.7492026 -0.6623409 8.32416e-6 0.07869946 0.1023159 0.991634 0.8245447 -0.5498186 0.1335126 0.8283709 -0.56018 1.26581e-6 0.7415432 -0.4417598 0.5049377 0.4666422 -0.1977018 0.8620669 0.8245697 -0.5497984 0.133441 0.8308495 -0.5564972 2.85119e-7 0.7327467 -0.4569765 0.5042369 0.4487987 -0.2205159 0.865998 0.8246036 -0.5497325 0.1335031 0.8344426 -0.5510948 -1.64877e-5 0.8254392 -0.5503055 0.1257541 0.7265629 -0.4738619 0.4975554 0.7236936 -0.4720064 0.5034656 0.4255723 -0.260064 0.8667497 0.432832 -0.2517639 0.8656048 0.02361744 0.03138446 0.9992284 0.0314179 0.04722648 0.99839 0.05528223 0.0712288 0.9959269 -0.3697893 0.3382188 0.8653693 -0.378484 0.3232964 0.8673115 -0.3531063 0.3609523 0.8631508 -0.3315191 0.3867326 0.8605423 -0.6702651 0.5440907 0.5046881 -0.6772221 0.5433497 0.4961265 -0.7792306 0.6139514 0.1259499 -0.6601614 0.5579106 0.5029143 -0.7784285 0.6133397 0.1336542 -0.7846311 0.6199629 2.84712e-7 -0.7847625 0.6197967 2.48327e-6 -0.7784033 0.6133965 0.1335412 -0.7885082 0.6150243 2.40081e-7 -0.6482032 0.569143 0.5058743 -0.7782888 0.6134183 0.1341066 -0.601678 0.6174948 0.5066397 -0.2514706 0.4793472 0.8408264 0.2203282 0.9754258 3.60422e-6 0.536363 0.8439508 0.00787121 0.09487915 0.9954888 1.20441e-5 0.535553 0.8426991 0.0551477 0.8379802 0.545472 0.01579529 0.4332138 0.890066 0.1418038 0.7893184 0.5840296 0.1894361 0.9922189 0.1181151 0.03937745 0.3622018 0.9212592 0.1417448 0.94371 0.1572949 0.2909807 0.9507219 -0.3064435 0.04712015 0.5848782 0.6797215 0.4426017 0.8952821 -0.2905696 0.3376972 0.3303756 0.9438496 8.54238e-6 0.2203121 0.9754294 -1.50874e-7 0.6685816 -0.6843253 0.2910286 0.7336291 -0.6784044 0.03944468 0.3462463 0.9285569 0.1337748 0.3373525 0.9413785 2.05619e-6 0.2986706 -0.935539 0.1885809 0.3536413 -0.9352495 0.01569688 0.3462104 0.9285718 0.1337644 0.3466874 0.9379807 3.25714e-6 0.4018217 0.7643677 0.5042634 0.3384721 0.7948428 0.5036482 0.3462463 0.9285559 0.133782 0.3467957 0.9379407 1.2135e-7 0.3465958 0.9295084 0.1260376 0.3223364 0.8018535 0.5031207 0.3152434 0.8038731 0.5043904 0.3073672 0.8117706 0.4965421 0.1888203 0.4641615 0.8653907 0.204611 0.4567109 0.8657653 0.03934347 -0.01575553 0.9991016 0.2353604 0.4471643 0.8629309 0.05492979 -0.01578027 0.9983656 0.2682332 0.4339686 0.860071 0.08693069 -0.03152573 0.9957154 -0.1023899 -0.4883869 0.8665996 -0.1179411 -0.4875865 0.8650719 -0.0708242 -0.4957432 0.8655765 -0.220568 -0.8349877 0.5041284 -0.2289182 -0.8367672 0.4974104 -0.2041493 -0.8401257 0.5025057 -0.2680718 -0.9540297 0.1340328 -0.2683294 -0.9550089 0.1263232 -0.2681589 -0.9633748 -7.55987e-6 -0.2685045 -0.9632785 4.30089e-7 -0.2680593 -0.9540292 0.1340618 -0.2757706 -0.9612235 3.62837e-7 -0.2680471 -0.9540352 0.1340441 -0.2830058 -0.9591182 -1.40481e-6 -0.1890088 -0.8427295 0.5040663 -0.2512481 -0.9575482 0.1413368 -0.4024057 -0.9154615 9.52557e-6 -0.03952652 -0.5059328 0.8616669 -0.1264777 -0.8533197 0.5058152 0.1258074 -0.03943192 0.9912707 0.07082945 -0.5349844 0.8418878 -0.1729257 -0.9747177 0.1415003 -0.4023963 -0.9154657 4.98876e-6 0.07066994 -0.8953071 0.4398078 -0.06284874 -0.9979923 0.007844924 -0.5120791 -0.8589383 1.22274e-4 -0.06277012 -0.996515 0.05493324 0.3781841 -0.6223137 0.6853484 0.26741 -0.0865187 0.9596909 0.5970761 -0.1964072 0.7777689 0.3764983 0.3922024 0.8393011 0.6701294 0.2838026 0.6858446 0.09482902 -0.987423 0.1265051 0.08643984 -0.9901624 0.11003 0.11009 -0.9908055 0.07864308 0.05513674 -0.9846741 0.1654597 0.07849532 -0.9967907 0.01571047 0 -0.9861848 0.1656494 0.0947802 -0.9952155 0.0237239 0 -0.98348 0.1810171 0.05500936 -0.9982094 -0.02349841 -0.05514425 -0.9846816 0.1654127 -0.007866799 -0.9996902 -0.02361452 -0.08694052 -0.9881555 0.126452 2.0978e-7 -0.9995039 -0.03149938 -0.08695465 -0.9881505 0.1264814 -0.0550149 -0.9982079 -0.02354371 -0.1101604 -0.9913897 0.0707907 -0.08692312 -0.9957138 0.03159737 -0.09481441 -0.9953683 0.01588732 -0.2367351 0.9074177 0.3472028 -0.6692549 0.6614176 0.3385626 -0.3848508 0.68331 0.6204654 0 0.6912162 0.7226481 -0.4181697 0.8916256 0.1736027 -0.7700484 0.6362464 -0.04707479 0 0.9095425 0.415611 -0.4806221 0.8746511 -0.06315016 -0.4162663 0.856094 -0.3063098 -0.668249 0.6053765 -0.4323918 -0.3858623 0.5906044 -0.7087289 0.2367348 0.9074175 0.3472031 0.3848438 0.6832767 0.6205065 0.6692275 0.6614543 0.3385453 -0.2366492 0.8440647 -0.4811984 -3.00963e-7 0.5798797 -0.8147022 0.4181253 0.8916414 0.1736289 0 0.840425 -0.5419281 0.7698874 0.6364344 -0.04716759 0.236646 0.8440644 -0.4812005 0.3858636 0.5906059 -0.7087272 0.4162643 0.8560985 -0.3062993 0.6682496 0.6053756 -0.4323921 0.4806544 0.8746407 -0.06304723 -0.3300593 0.5108357 -0.7937934 -0.2355803 0.2041578 -0.9501693 -0.4498919 0.4025292 -0.7972249 -0.5343444 0.2907686 -0.7936812 -0.1729797 0.2830333 -0.9433825 -0.2445824 0.5523092 -0.796953 -0.2995787 0.1734392 -0.9381746 -0.1341691 0.3392446 -0.9310811 -0.09450513 0.598571 -0.7954757 -0.1578328 0.181508 -0.9706408 -0.1412827 0.2197483 -0.965272 -0.06312376 0.3787846 -0.9233297 8.41357e-6 0.5974217 -0.8019273 -0.1100977 0.2595056 -0.9594454 -0.0628001 0.3061619 -0.9499059 -0.007861077 0.4090332 -0.9124857 1.31328e-5 -1.25847e-5 -1 -0.0158047 0.3397936 -0.9403672 0.07876479 0.448976 -0.8900656 0.1260858 0.6225891 -0.7723245 0.2445189 0.615237 -0.7494625 0.04709571 0.3532919 -0.934327 3.90573e-6 3.82448e-6 -1 0.1256855 0.3534949 -0.9269545 0.1806704 0.4398823 -0.8796941 0.1964343 0.3614372 -0.9114695 0.307242 0.5671867 -0.7641347 0.1733182 0.2757378 -0.9454784 0.4644274 0.4486759 -0.7635425 0.1961767 0.2118726 -0.9574052 0.283936 0.2602785 -0.922841 0.5351509 0.3777148 -0.755609 0.2444078 0.1734602 -0.9540316 0.3472182 0.2367361 -0.9074115 0.2915382 0.1891 -0.9376816 0.5730913 0.3218378 -0.7536491 0.2276591 0.1255996 -0.9656066 0.2676028 0.07870382 -0.9603096 0.6429902 0.1411423 -0.7527566 0.6399746 0.05527919 -0.7664051 0.2050959 0.03154754 -0.9782334 0.2995378 0.023651 -0.9537913 0.2052211 0.007902264 -0.9786838 0.2757284 -0.007882893 -0.9612032 0.6230364 -0.0473414 -0.7807589 0.571955 -0.2428953 -0.7834982 0.2049788 -0.04730045 -0.9776229 0.2988419 -0.1415599 -0.9437448 0.5179157 -0.32174 -0.7926203 1.39389e-5 1.31113e-5 -1 0.23574 -0.1021476 -0.966433 0.260143 -0.149778 -0.9538827 0.3152626 -0.1891443 -0.9299646 0.2822219 -0.1881432 -0.9407195 0.4950123 -0.3536086 -0.7936775 0.2047171 -0.1417295 -0.9685059 0.1813142 -0.2049698 -0.9618277 0.3623021 -0.4725567 -0.8033851 0.1966812 -0.5743216 -0.7946516 0.1182435 -0.1734439 -0.9777197 0.1022498 -0.3145892 -0.9437047 0.1332707 -0.5958881 -0.791932 0.08670383 -0.2601199 -0.9616757 0.08685195 -0.3714045 -0.9244001 0.01566261 -0.6111187 -0.7913841 0.03948909 -0.2922461 -0.9555276 0.007898926 -0.363201 -0.9316774 -0.1102434 -0.6063615 -0.7875101 3.98979e-6 -0.2924286 -0.9562875 -0.06276255 -0.3530163 -0.9335097 -0.2127289 -0.5671729 -0.7956515 -0.0471155 -0.2827019 -0.95805 -0.1254716 -0.3371503 -0.9330523 -0.3224451 -0.5268731 -0.7864058 -0.09471231 -0.2526323 -0.9629157 -0.007789254 -6.86661e-5 -0.9999697 -0.1569222 -0.2431922 -0.9572007 -0.1887988 -0.2988985 -0.9354223 -0.4495768 -0.4337628 -0.7808526 -0.2040266 -0.2040398 -0.9574659 -0.2600615 -0.2600697 -0.9299096 -0.5115408 -0.3620267 -0.7792707 -0.3155111 -0.2208549 -0.922863 -0.5589042 -0.28337 -0.7793124 -0.2444118 -0.1734529 -0.9540321 -0.3311218 -0.157672 -0.9303215 -0.595886 -0.1332535 -0.7919365 -0.2683316 -0.1262655 -0.9550158 -0.3457896 -0.07856798 -0.935017 -0.2752034 -0.06295251 -0.9593228 -0.6053461 -0.0550301 -0.7940578 -0.2683176 -0.03156775 -0.9628131 -0.353427 -0.03926509 -0.9346378 -0.3370912 0.03919392 -0.9406559 -0.598991 0.08669894 -0.7960485 -0.5641732 0.2350801 -0.7914835 -0.2443115 0.02363616 -0.9694088 -0.3454589 0.149154 -0.9265049 -0.283181 0.1179949 -0.9517803 -0.2590649 0.1256155 -0.9576566 -0.5687007 0.229045 0.7900114 -0.628991 0.1022117 0.7706641 -0.2514179 0.05499809 0.9663149 -0.6539735 -1.85519e-5 0.7565175 -0.2282681 0.1023321 0.9682055 -0.5197938 0.3307517 0.7876661 -0.236923 0.01579284 0.9714001 -0.212681 0.126016 0.9689617 -0.1883351 -0.04707705 0.9809759 -0.623107 -0.1183336 0.7731332 0.01579439 0.007874488 0.9998443 0.00785917 0.007885098 0.9999381 -0.1494829 -0.1022849 0.9834595 -0.5512406 -0.2756211 0.7875068 0.01576244 -4.4043e-5 0.9998759 -0.1581335 -0.1186093 0.9802682 -0.5027412 -0.3770856 0.7778548 -0.1574411 -0.1495689 0.976136 -0.4569881 -0.4412579 0.7723039 0.01574766 0.01573413 0.9997523 -0.1183718 -0.1734849 0.9776968 -0.344582 -0.5403882 0.7676222 -0.2129744 -0.6074117 0.7653058 -0.06291031 -0.2123199 0.9751731 -0.09441941 -0.6294698 0.7712671 0.01576399 0.0235998 0.9995973 -0.02367305 -0.2051641 0.9784413 0.007896304 -0.6236482 0.7816653 0.007619261 -3.14979e-6 0.999971 -2.07664e-5 0.02362155 0.999721 -0.0078547 -0.1885244 0.9820371 0.04730433 -0.2049838 0.9776216 0.1338239 -0.6218611 0.7716087 0.268356 -0.5287892 0.8052124 -0.00787121 0.007948696 0.9999375 0.1176725 -0.1569153 0.9805768 0.3305869 -0.4407742 0.8345242 0.09477686 -0.1263701 0.9874452 -0.0157454 -0.007872402 0.9998451 0.1182918 -0.173481 0.9777072 0.4093586 -0.4329588 0.8031017 0.180921 -0.1258566 0.9754115 0.5350403 -0.3619204 0.7633777 -0.02363401 0.02363681 0.9994413 0.1971358 -0.07096982 0.9778041 0.5976998 -0.2202044 0.7708859 0.2127022 -0.01567965 0.9769913 0.6303251 -0.07876372 0.7723255 0.6367099 0.03144526 0.770462 -0.03146922 0.0157293 0.999381 0.2127363 0.01575458 0.9769827 0.1974841 0.03949737 0.9795101 0.6144574 0.1181834 0.7800479 -0.03142458 -0.007883369 0.999475 0.1653328 0.06297558 0.9842252 0.5765181 0.2369403 0.7819759 0.1569087 0.1176701 0.9805781 0.5101453 0.3845756 0.7693201 -0.01574498 -0.02360647 0.9995973 0.1414868 0.1729424 0.9747166 0.4255003 0.4964365 0.7566376 0.09472519 0.181564 0.9788063 0.3139935 0.5338256 0.7851359 0.01569324 -0.01571184 0.9997534 0.09484404 0.1738748 0.9801899 0.2197923 0.5572852 0.8007025 0.07868498 0.2045714 0.975684 0.1338216 0.6218627 0.7716078 8.15363e-5 -0.02348214 0.9997243 -0.007883191 0.2443898 0.9696451 -0.01577013 0.6538758 0.7564375 -0.05525547 0.2290729 0.9718397 -0.1417096 0.6297682 0.7637476 -0.2684392 0.5842171 0.7659183 0.007842898 -0.01578283 0.9998448 -0.09430921 0.2043117 0.9743524 -0.3786253 0.5206028 0.7652555 1.51878e-5 -0.007878601 0.999969 -0.1412945 0.1805378 0.9733663 -0.4709327 0.4316851 0.7693312 -0.1891301 0.1576061 0.9692215</float_array>
          <technique_common>
            <accessor source="#SM_Chair_01a-mesh-normals-array" count="2269" stride="3">
              <param name="X" type="float"/>
              <param name="Y" type="float"/>
              <param name="Z" type="float"/>
            </accessor>
          </technique_common>
        </source>
        <source id="SM_Chair_01a-mesh-map-0">
          <float_array id="SM_Chair_01a-mesh-map-0-array" count="16752">0.2944336 0.4238281 0.2944336 0.5617676 0.2902832 0.5617676 0.2944336 0.4238281 0.2902832 0.5617676 0.2902832 0.4238281 0.2780762 0.1284179 0.2780762 0.2666016 0.2739258 0.2666016 0.2780762 0.1284179 0.2739258 0.2666016 0.2739258 0.1284179 0.008544921 0.1015625 0.008544921 0.1430664 0.002119064 0.1430664 0.008544921 0.1015625 0.002119064 0.1430664 0.002119064 0.1015625 0.001529693 0.4702149 0.03817749 0.4702149 0.001818656 0.4760742 0.001818656 0.4760742 0.03817749 0.4702149 0.03787231 0.4760742 0.002155303 0.3139649 0.007919311 0.277832 0.007919311 0.3144531 0.007919311 0.277832 0.002155303 0.3139649 0.002155303 0.277832 0.5107422 0.8320313 0.6274414 0.8178711 0.5039063 0.8178711 0.6274414 0.8178711 0.5107422 0.8320313 0.6337891 0.8320313 0.0014925 0.465332 0.0014925 0.3417969 0.03997802 0.465332 0.03997802 0.465332 0.0014925 0.3417969 0.03997802 0.3417969 0.2700195 0.1342773 0.2558594 0.2509766 0.2700195 0.2578125 0.2558594 0.2509766 0.2700195 0.1342773 0.2558594 0.1279296 0.03787231 0.4760742 0.001818656 0.4760742 0.03817749 0.4702149 0.03817749 0.4702149 0.001818656 0.4760742 0.001529693 0.4702149 0.002155303 0.3139649 0.002155303 0.277832 0.007919311 0.277832 0.007919311 0.277832 0.007919311 0.3144531 0.002155303 0.3139649 0.03817749 0.4702149 0.001818656 0.4760742 0.001529693 0.4702149 0.001818656 0.4760742 0.03817749 0.4702149 0.03787231 0.4760742 0.007919311 0.277832 0.002155303 0.3139649 0.002155303 0.277832 0.002155303 0.3139649 0.007919311 0.277832 0.007919311 0.3144531 0.001529693 0.4702149 0.03817749 0.4702149 0.001818656 0.4760742 0.03787231 0.4760742 0.001818656 0.4760742 0.03817749 0.4702149 0.007919311 0.277832 0.007919311 0.3144531 0.002155303 0.3139649 0.007919311 0.277832 0.002155303 0.3139649 0.002155303 0.277832 0.03817749 0.4702149 0.001818656 0.4760742 0.001529693 0.4702149 0.001818656 0.4760742 0.03817749 0.4702149 0.03787231 0.4760742 0.002155303 0.3139649 0.002155303 0.277832 0.007919311 0.277832 0.002155303 0.3139649 0.007919311 0.277832 0.007919311 0.3144531 0.3813477 0.06884765 0.3771973 0.06347656 0.3879395 0.07177734 0.3879395 0.07177734 0.3771973 0.06347656 0.3759766 0.05664062 0.3945313 0.07177734 0.3879395 0.07177734 0.3759766 0.05664062 0.4052734 0.06347656 0.4011231 0.06933593 0.3945313 0.07177734 0.4052734 0.06347656 0.3945313 0.07177734 0.3759766 0.05664062 0.3759766 0.05664062 0.3774414 0.04980468 0.3818359 0.04443359 0.3759766 0.05664062 0.3947754 0.04199218 0.4052734 0.06347656 0.3818359 0.04443359 0.3947754 0.04199218 0.3759766 0.05664062 0.3818359 0.04443359 0.3879395 0.0415039 0.3947754 0.04199218 0.4067383 0.0571289 0.4052734 0.06347656 0.3947754 0.04199218 0.3947754 0.04199218 0.4008789 0.04443359 0.4067383 0.0571289 0.4055176 0.04980468 0.4067383 0.0571289 0.4008789 0.04443359 0.8056641 0.7719727 0.8056641 0.9237061 0.8183594 0.9237061 0.8183594 0.9237061 0.8183594 0.7719727 0.8056641 0.7719727 0.8183594 0.7719727 0.8183594 0.9237061 0.8310547 0.9237061 0.8310547 0.9237061 0.8310547 0.7719727 0.8183594 0.7719727 0.8310547 0.9237061 0.8432617 0.7719727 0.8310547 0.7719727 0.8432617 0.7719727 0.8310547 0.9237061 0.8432617 0.9237061 0.8432617 0.7719727 0.8432617 0.9237061 0.855957 0.9237061 0.855957 0.9237061 0.855957 0.7719727 0.8432617 0.7719727 0.855957 0.9237061 0.8686524 0.7719727 0.855957 0.7719727 0.8686524 0.7719727 0.855957 0.9237061 0.8686524 0.9237061 0.8686524 0.9237061 0.8813477 0.7719727 0.8686524 0.7719727 0.8813477 0.7719727 0.8686524 0.9237061 0.8813477 0.9237061 0.8813477 0.7719727 0.8813477 0.9237061 0.894043 0.9237061 0.894043 0.9237061 0.894043 0.7719727 0.8813477 0.7719727 0.894043 0.7719727 0.894043 0.9237061 0.90625 0.9237061 0.90625 0.9237061 0.90625 0.7719727 0.894043 0.7719727 0.90625 0.9237061 0.9189453 0.7719727 0.90625 0.7719727 0.9189453 0.7719727 0.90625 0.9237061 0.9189453 0.9237061 0.9189453 0.7719727 0.9189453 0.9237061 0.9316406 0.9237061 0.9316406 0.9237061 0.9316406 0.7719727 0.9189453 0.7719727 0.9316406 0.9237061 0.9443359 0.7719727 0.9316406 0.7719727 0.9443359 0.7719727 0.9316406 0.9237061 0.9443359 0.9237061 0.9443359 0.9237061 0.9570313 0.7719727 0.9443359 0.7719727 0.9570313 0.7719727 0.9443359 0.9237061 0.956543 0.9237061 0.3312988 0.7346192 0.2946777 0.7346192 0.2946777 0.7202149 0.3312988 0.7346192 0.2946777 0.7202149 0.3312988 0.7202149 0.3312988 0.7202149 0.2946777 0.7202149 0.2946777 0.7058106 0.2946777 0.7058106 0.3312988 0.7058106 0.3312988 0.7202149 0.2946777 0.7058106 0.3312988 0.6914063 0.3312988 0.7058106 0.3312988 0.6914063 0.2946777 0.7058106 0.2946777 0.6914063 0.3312988 0.6914063 0.2946777 0.6914063 0.2946777 0.677002 0.2946777 0.677002 0.3312988 0.677002 0.3312988 0.6914063 0.2946777 0.6625977 0.3312988 0.677002 0.2946777 0.677002 0.2946777 0.6625977 0.3312988 0.6625977 0.3312988 0.677002 0.2922363 0.597168 0.3051758 0.605957 0.2917481 0.6252442 0.3051758 0.605957 0.3051758 0.6445313 0.2917481 0.6252442 0.2922363 0.6533203 0.2917481 0.6252442 0.3051758 0.6445313 0.3813477 0.06884765 0.3771973 0.06347656 0.3879395 0.07177734 0.3879395 0.07177734 0.3771973 0.06347656 0.3759766 0.05664062 0.3945313 0.07177734 0.3879395 0.07177734 0.3759766 0.05664062 0.4052734 0.06347656 0.4011231 0.06933593 0.3945313 0.07177734 0.4052734 0.06347656 0.3945313 0.07177734 0.3759766 0.05664062 0.3759766 0.05664062 0.3774414 0.04980468 0.3818359 0.04443359 0.3759766 0.05664062 0.3947754 0.04199218 0.4052734 0.06347656 0.3818359 0.04443359 0.3947754 0.04199218 0.3759766 0.05664062 0.3818359 0.04443359 0.3879395 0.0415039 0.3947754 0.04199218 0.4067383 0.0571289 0.4052734 0.06347656 0.3947754 0.04199218 0.3947754 0.04199218 0.4008789 0.04443359 0.4067383 0.0571289 0.4055176 0.04980468 0.4067383 0.0571289 0.4008789 0.04443359 0.6459961 0.1850585 0.6040039 0.1850585 0.605957 0.1411132 0.644043 0.1411132 0.6459961 0.1850585 0.605957 0.1411132 0.6074219 0.09228515 0.644043 0.1411132 0.605957 0.1411132 0.644043 0.1411132 0.6074219 0.09228515 0.6425781 0.09228515 0.6074219 0.09228515 0.6411133 0.04736328 0.6425781 0.09228515 0.6411133 0.04736328 0.6074219 0.09228515 0.6088867 0.04736328 0.637207 0.008789062 0.6401367 0.002441406 0.6411133 0.04736328 0.6318359 0.01269531 0.637207 0.008789062 0.6411133 0.04736328 0.625 0.01464843 0.6318359 0.01269531 0.6411133 0.04736328 0.6411133 0.04736328 0.6088867 0.04736328 0.625 0.01464843 0.6181641 0.01269531 0.625 0.01464843 0.6088867 0.04736328 0.6088867 0.04736328 0.612793 0.008789062 0.6181641 0.01269531 0.6088867 0.04736328 0.609375 0.002441406 0.612793 0.008789062 0.3813477 0.06884765 0.3771973 0.06347656 0.3879395 0.07177734 0.3879395 0.07177734 0.3771973 0.06347656 0.3759766 0.05664062 0.3945313 0.07177734 0.3879395 0.07177734 0.3759766 0.05664062 0.4052734 0.06347656 0.4011231 0.06933593 0.3945313 0.07177734 0.4052734 0.06347656 0.3945313 0.07177734 0.3759766 0.05664062 0.3759766 0.05664062 0.3774414 0.04980468 0.3818359 0.04443359 0.3759766 0.05664062 0.3947754 0.04199218 0.4052734 0.06347656 0.3818359 0.04443359 0.3947754 0.04199218 0.3759766 0.05664062 0.3818359 0.04443359 0.3879395 0.0415039 0.3947754 0.04199218 0.4067383 0.0571289 0.4052734 0.06347656 0.3947754 0.04199218 0.3947754 0.04199218 0.4008789 0.04443359 0.4067383 0.0571289 0.4055176 0.04980468 0.4067383 0.0571289 0.4008789 0.04443359 0.3813477 0.06884765 0.3771973 0.06347656 0.3879395 0.07177734 0.3879395 0.07177734 0.3771973 0.06347656 0.3759766 0.05664062 0.3945313 0.07177734 0.3879395 0.07177734 0.3759766 0.05664062 0.4052734 0.06347656 0.4011231 0.06933593 0.3945313 0.07177734 0.4052734 0.06347656 0.3945313 0.07177734 0.3759766 0.05664062 0.3759766 0.05664062 0.3774414 0.04980468 0.3818359 0.04443359 0.3759766 0.05664062 0.3947754 0.04199218 0.4052734 0.06347656 0.3818359 0.04443359 0.3947754 0.04199218 0.3759766 0.05664062 0.3818359 0.04443359 0.3879395 0.0415039 0.3947754 0.04199218 0.4067383 0.0571289 0.4052734 0.06347656 0.3947754 0.04199218 0.3947754 0.04199218 0.4008789 0.04443359 0.4067383 0.0571289 0.4055176 0.04980468 0.4067383 0.0571289 0.4008789 0.04443359 0.3813477 0.06884765 0.3771973 0.06347656 0.3879395 0.07177734 0.3879395 0.07177734 0.3771973 0.06347656 0.3759766 0.05664062 0.3945313 0.07177734 0.3879395 0.07177734 0.3759766 0.05664062 0.4052734 0.06347656 0.4011231 0.06933593 0.3945313 0.07177734 0.4052734 0.06347656 0.3945313 0.07177734 0.3759766 0.05664062 0.3759766 0.05664062 0.3774414 0.04980468 0.3818359 0.04443359 0.3759766 0.05664062 0.3947754 0.04199218 0.4052734 0.06347656 0.3818359 0.04443359 0.3947754 0.04199218 0.3759766 0.05664062 0.3818359 0.04443359 0.3879395 0.0415039 0.3947754 0.04199218 0.4067383 0.0571289 0.4052734 0.06347656 0.3947754 0.04199218 0.3947754 0.04199218 0.4008789 0.04443359 0.4067383 0.0571289 0.4055176 0.04980468 0.4067383 0.0571289 0.4008789 0.04443359 0.2946777 0.6625977 0.3312988 0.6625977 0.3312988 0.677002 0.2946777 0.6625977 0.3312988 0.677002 0.2946777 0.677002 0.3312988 0.6914063 0.2946777 0.677002 0.3312988 0.677002 0.2946777 0.677002 0.3312988 0.6914063 0.2946777 0.6914063 0.3312988 0.6914063 0.2946777 0.7058106 0.2946777 0.6914063 0.2946777 0.7058106 0.3312988 0.6914063 0.3312988 0.7058106 0.3312988 0.7058106 0.2946777 0.7202149 0.2946777 0.7058106 0.2946777 0.7202149 0.3312988 0.7058106 0.3312988 0.7202149 0.2946777 0.7202149 0.3312988 0.7202149 0.3312988 0.7346192 0.3312988 0.7346192 0.2946777 0.7346192 0.2946777 0.7202149 0.9882813 0.5239258 0.984375 0.5358887 0.9882813 0.5358887 0.984375 0.5358887 0.9882813 0.5239258 0.984375 0.5239258 0.9882813 0.5151367 0.984375 0.5239258 0.9882813 0.5239258 0.984375 0.5239258 0.9882813 0.5151367 0.984375 0.5151367 0.9882813 0.5 0.984375 0.5151367 0.9882813 0.5151367 0.984375 0.5151367 0.9882813 0.5 0.984375 0.5 0.9882813 0.4853516 0.984375 0.5 0.9882813 0.5 0.984375 0.5 0.9882813 0.4853516 0.984375 0.4853516 0.984375 0.4550781 0.984375 0.4853516 0.9882813 0.4853516 0.984375 0.4550781 0.9882813 0.4853516 0.9882813 0.4550781 0.984375 0.4360352 0.984375 0.4550781 0.9882813 0.4550781 0.9882813 0.4550781 0.9882813 0.4360352 0.984375 0.4360352 0.9882813 0.4360352 0.9882813 0.3759766 0.984375 0.4360352 0.984375 0.3759766 0.984375 0.4360352 0.9882813 0.3759766 0.9882813 0.3759766 0.9882813 0.3569336 0.984375 0.3759766 0.984375 0.3759766 0.9882813 0.3569336 0.984375 0.3569336 0.984375 0.3266602 0.984375 0.3569336 0.9882813 0.3569336 0.984375 0.3266602 0.9882813 0.3569336 0.9882813 0.3266602 0.9882813 0.3120117 0.984375 0.3266602 0.9882813 0.3266602 0.984375 0.3266602 0.9882813 0.3120117 0.984375 0.3120117 0.9882813 0.296875 0.984375 0.3120117 0.9882813 0.3120117 0.984375 0.3120117 0.9882813 0.296875 0.984375 0.296875 0.9882813 0.2875977 0.984375 0.296875 0.9882813 0.296875 0.984375 0.296875 0.9882813 0.2875977 0.984375 0.2875977 0.9882813 0.2758789 0.984375 0.2875977 0.9882813 0.2875977 0.984375 0.2875977 0.9882813 0.2758789 0.984375 0.2758789 0.9873047 0.2539063 0.9829102 0.265625 0.9873047 0.265625 0.9829102 0.265625 0.9873047 0.2539063 0.9829102 0.2539063 0.9873047 0.2451171 0.9829102 0.2539063 0.9873047 0.2539063 0.9829102 0.2539063 0.9873047 0.2451171 0.9829102 0.2451171 0.9873047 0.2294921 0.9829102 0.2451171 0.9873047 0.2451171 0.9829102 0.2451171 0.9873047 0.2294921 0.9829102 0.2294921 0.9873047 0.215332 0.9829102 0.2294921 0.9873047 0.2294921 0.9829102 0.2294921 0.9873047 0.215332 0.9829102 0.215332 0.9873047 0.215332 0.9873047 0.1845703 0.9829102 0.215332 0.9829102 0.1845703 0.9829102 0.215332 0.9873047 0.1845703 0.9873047 0.1655273 0.9829102 0.1845703 0.9873047 0.1845703 0.9829102 0.1845703 0.9873047 0.1655273 0.9829102 0.1655273 0.9873047 0.1655273 0.9829102 0.1054687 0.9829102 0.1655273 0.9873047 0.1655273 0.9873047 0.1054687 0.9829102 0.1054687 0.9829102 0.08642578 0.9829102 0.1054687 0.9873047 0.1054687 0.9873047 0.1054687 0.9873047 0.08642578 0.9829102 0.08642578 0.9873047 0.08642578 0.9829102 0.05615234 0.9829102 0.08642578 0.9873047 0.08642578 0.9873047 0.05615234 0.9829102 0.05615234 0.9873047 0.0415039 0.9829102 0.05615234 0.9873047 0.05615234 0.9829102 0.05615234 0.9873047 0.0415039 0.9829102 0.0415039 0.9873047 0.02636718 0.9829102 0.0415039 0.9873047 0.0415039 0.9829102 0.0415039 0.9873047 0.02636718 0.9829102 0.02636718 0.9873047 0.02636718 0.9829102 0.01757812 0.9829102 0.02636718 0.9873047 0.01757812 0.9829102 0.01757812 0.9873047 0.02636718 0.9873047 0.005371093 0.9829102 0.01757812 0.9873047 0.01757812 0.9829102 0.01757812 0.9873047 0.005371093 0.9829102 0.005371093 0.1229248 0.004882812 0.1115722 0.01367187 0.1189575 0.002441406 0.1115722 0.01367187 0.1229248 0.004882812 0.1141357 0.01855468 0.1141357 0.01855468 0.07202148 0.01367187 0.1115722 0.01367187 0.07202148 0.01367187 0.1141357 0.01855468 0.069458 0.01855468 0.069458 0.01855468 0.06069946 0.004882812 0.07202148 0.01367187 0.07202148 0.01367187 0.06069946 0.004882812 0.06463623 0.002441406 0.267334 0.5344238 0.2761231 0.5231934 0.2648926 0.5305176 0.2761231 0.5231934 0.267334 0.5344238 0.2810059 0.5256348 0.2810059 0.5256348 0.2761231 0.4838867 0.2761231 0.5231934 0.2761231 0.4838867 0.2810059 0.5256348 0.2810059 0.4814453 0.267334 0.4726563 0.2761231 0.4838867 0.2810059 0.4814453 0.2761231 0.4838867 0.267334 0.4726563 0.2648926 0.4765625 0.1586914 0.1284179 0.1663818 0.2700195 0.1586914 0.2700195 0.1663818 0.2700195 0.1586914 0.1284179 0.1663818 0.1284179 0.1663818 0.1284179 0.1741943 0.2700195 0.1663818 0.2700195 0.1741943 0.1284179 0.1741943 0.2700195 0.1663818 0.1284179 0.1741943 0.1284179 0.1818847 0.2700195 0.1741943 0.2700195 0.1818847 0.2700195 0.1741943 0.1284179 0.1818847 0.1284179 0.1818847 0.1284179 0.1896972 0.2700195 0.1818847 0.2700195 0.1896972 0.1284179 0.1896972 0.2700195 0.1818847 0.1284179 0.1896972 0.1284179 0.1973876 0.2700195 0.1896972 0.2700195 0.1973876 0.1284179 0.1973876 0.2700195 0.1896972 0.1284179 0.1973876 0.1284179 0.2052001 0.2700195 0.1973876 0.2700195 0.2052001 0.2700195 0.1973876 0.1284179 0.2052001 0.1284179 0.2052001 0.1284179 0.2128906 0.2700195 0.2052001 0.2700195 0.2128906 0.2700195 0.2052001 0.1284179 0.2128906 0.1284179 0.2128906 0.1284179 0.2207031 0.2700195 0.2128906 0.2700195 0.2207031 0.1284179 0.2207031 0.2700195 0.2128906 0.1284179 0.2207031 0.1284179 0.2283935 0.2700195 0.2207031 0.2700195 0.2283935 0.2700195 0.2207031 0.1284179 0.2283935 0.1284179 0.2283935 0.1284179 0.236206 0.2700195 0.2283935 0.2700195 0.236206 0.1284179 0.236206 0.2700195 0.2283935 0.1284179 0.236206 0.1284179 0.2440185 0.2700195 0.236206 0.2700195 0.2440185 0.1284179 0.2440185 0.2700195 0.236206 0.1284179 0.2440185 0.1284179 0.251709 0.2700195 0.2440185 0.2700195 0.251709 0.2700195 0.2440185 0.1284179 0.251709 0.1284179 0.5957031 0.06005859 0.581543 0.08935546 0.6030274 0.08251953 0.581543 0.08935546 0.5957031 0.06005859 0.574707 0.06689453 0.5698242 0.0961914 0.581543 0.08935546 0.574707 0.06689453 0.5610352 0.06835937 0.5698242 0.0961914 0.574707 0.06689453 0.5698242 0.0961914 0.5610352 0.06835937 0.5620117 0.1069335 0.5478516 0.06445312 0.5620117 0.1069335 0.5610352 0.06835937 0.5620117 0.1069335 0.5478516 0.06445312 0.546875 0.08789062 0.5488281 0.1020507 0.5620117 0.1069335 0.546875 0.08789062 0.546875 0.08789062 0.5478516 0.06445312 0.5405274 0.07519531 0.546875 0.1162109 0.5620117 0.1069335 0.5488281 0.1020507 0.5620117 0.1069335 0.546875 0.1162109 0.5576172 0.1201171 0.546875 0.08789062 0.5185547 0.05908203 0.5488281 0.1020507 0.546875 0.08789062 0.5405274 0.07519531 0.5185547 0.05908203 0.546875 0.1162109 0.5488281 0.1020507 0.5185547 0.05908203 0.5532227 0.1328125 0.5576172 0.1201171 0.546875 0.1162109 0.5405274 0.07519531 0.5478516 0.06445312 0.5302734 0.0649414 0.5302734 0.0649414 0.5185547 0.05908203 0.5405274 0.07519531 0.5478516 0.06445312 0.5366211 0.05664062 0.5302734 0.0649414 0.5366211 0.05664062 0.5258789 0.04833984 0.5302734 0.0649414 0.5185547 0.05908203 0.5302734 0.0649414 0.5258789 0.04833984 0.5532227 0.1328125 0.546875 0.1162109 0.5405274 0.1289062 0.546875 0.1162109 0.5185547 0.05908203 0.5405274 0.1289062 0.5405274 0.1289062 0.5302734 0.1386718 0.5532227 0.1328125 0.5302734 0.1386718 0.5405274 0.1289062 0.5185547 0.05908203 0.5302734 0.1386718 0.5170899 0.1591796 0.5532227 0.1328125 0.5532227 0.1328125 0.5170899 0.1591796 0.5537109 0.1464843 0.5302734 0.1386718 0.5185547 0.05908203 0.503418 0.05664062 0.5185547 0.05908203 0.5258789 0.04833984 0.503418 0.05664062 0.5537109 0.1464843 0.5170899 0.1591796 0.5302734 0.1635742 0.5537109 0.1464843 0.5302734 0.1635742 0.559082 0.1591796 0.5400391 0.1728515 0.559082 0.1591796 0.5302734 0.1635742 0.5400391 0.1728515 0.5722656 0.177246 0.559082 0.1591796 0.5722656 0.177246 0.5400391 0.1728515 0.5532227 0.1909179 0.5175781 0.1455078 0.5170899 0.1591796 0.5302734 0.1386718 0.5175781 0.1455078 0.5302734 0.1386718 0.503418 0.05664062 0.503418 0.1479492 0.5170899 0.1591796 0.5175781 0.1455078 0.503418 0.1479492 0.5175781 0.1455078 0.503418 0.05664062 0.5170899 0.1591796 0.503418 0.1479492 0.503418 0.1591796 0.503418 0.1479492 0.4899902 0.1591796 0.503418 0.1591796 0.489502 0.1455078 0.503418 0.1479492 0.503418 0.05664062 0.4899902 0.1591796 0.503418 0.1479492 0.489502 0.1455078 0.4768067 0.1386718 0.489502 0.1455078 0.503418 0.05664062 0.4768067 0.1386718 0.4899902 0.1591796 0.489502 0.1455078 0.5258789 0.04833984 0.4812012 0.04833984 0.503418 0.05664062 0.5180664 0.03710937 0.4812012 0.04833984 0.5258789 0.04833984 0.4812012 0.04833984 0.5180664 0.03710937 0.4890137 0.03710937 0.5151367 0.02392578 0.4890137 0.03710937 0.5180664 0.03710937 0.4890137 0.03710937 0.5151367 0.02392578 0.4919434 0.02392578 0.5151367 0.001953125 0.4919434 0.02392578 0.5151367 0.02392578 0.4919434 0.02392578 0.5151367 0.001953125 0.4919434 0.001953125 0.503418 0.05664062 0.4812012 0.04833984 0.4885254 0.05908203 0.503418 0.05664062 0.4885254 0.05908203 0.4768067 0.1386718 0.4812012 0.04833984 0.4768067 0.0649414 0.4885254 0.05908203 0.4768067 0.0649414 0.4812012 0.04833984 0.4702149 0.05664062 0.4592285 0.06445312 0.4768067 0.0649414 0.4702149 0.05664062 0.4768067 0.0649414 0.4667969 0.07519531 0.4885254 0.05908203 0.4768067 0.0649414 0.4592285 0.06445312 0.4667969 0.07519531 0.4667969 0.07519531 0.4592285 0.06445312 0.4604492 0.08789062 0.4885254 0.05908203 0.4667969 0.07519531 0.4604492 0.08789062 0.4592285 0.06445312 0.4453125 0.1069335 0.4604492 0.08789062 0.4462891 0.06835937 0.4453125 0.1069335 0.4592285 0.06445312 0.4604492 0.08789062 0.4580078 0.1020507 0.4885254 0.05908203 0.4604492 0.08789062 0.4453125 0.1069335 0.4580078 0.1020507 0.4453125 0.1069335 0.4462891 0.06835937 0.4370117 0.0961914 0.4326172 0.06689453 0.4370117 0.0961914 0.4462891 0.06835937 0.4370117 0.0961914 0.4326172 0.06689453 0.425293 0.08935546 0.4326172 0.06689453 0.4042969 0.08251953 0.425293 0.08935546 0.4042969 0.08251953 0.4326172 0.06689453 0.411377 0.06005859 0.4580078 0.1020507 0.4453125 0.1069335 0.4599609 0.1162109 0.4580078 0.1020507 0.4599609 0.1162109 0.4885254 0.05908203 0.4453125 0.1069335 0.449707 0.1201171 0.4599609 0.1162109 0.4538574 0.1328125 0.4599609 0.1162109 0.449707 0.1201171 0.4599609 0.1162109 0.4667969 0.1289062 0.4885254 0.05908203 0.4599609 0.1162109 0.4538574 0.1328125 0.4667969 0.1289062 0.4885254 0.05908203 0.4667969 0.1289062 0.4768067 0.1386718 0.4667969 0.1289062 0.4538574 0.1328125 0.4768067 0.1386718 0.4538574 0.1328125 0.4899902 0.1591796 0.4768067 0.1386718 0.4533692 0.1464843 0.4899902 0.1591796 0.4538574 0.1328125 0.4899902 0.1591796 0.4533692 0.1464843 0.4770508 0.1635742 0.4479981 0.1591796 0.4770508 0.1635742 0.4533692 0.1464843 0.4770508 0.1635742 0.4479981 0.1591796 0.4667969 0.1728515 0.4348145 0.177246 0.4667969 0.1728515 0.4479981 0.1591796 0.4667969 0.1728515 0.4348145 0.177246 0.4538574 0.1909179 0.605957 0.1411132 0.6459961 0.1850585 0.6040039 0.1850585 0.605957 0.1411132 0.644043 0.1411132 0.6459961 0.1850585 0.6074219 0.09228515 0.644043 0.1411132 0.605957 0.1411132 0.644043 0.1411132 0.6074219 0.09228515 0.6425781 0.09228515 0.6074219 0.09228515 0.6411133 0.04736328 0.6425781 0.09228515 0.6411133 0.04736328 0.6074219 0.09228515 0.6088867 0.04736328 0.637207 0.008789062 0.6401367 0.002441406 0.6411133 0.04736328 0.6318359 0.01269531 0.637207 0.008789062 0.6411133 0.04736328 0.625 0.01464843 0.6318359 0.01269531 0.6411133 0.04736328 0.6411133 0.04736328 0.6088867 0.04736328 0.625 0.01464843 0.6181641 0.01269531 0.625 0.01464843 0.6088867 0.04736328 0.6088867 0.04736328 0.612793 0.008789062 0.6181641 0.01269531 0.6088867 0.04736328 0.609375 0.002441406 0.612793 0.008789062 0.6049805 0.01269531 0.5961914 0.00390625 0.6049805 0.00390625 0.6049805 0.01269531 0.5961914 0.01269531 0.5961914 0.00390625 0.5961914 0.01269531 0.5878906 0.00390625 0.5961914 0.00390625 0.5961914 0.01269531 0.5878906 0.01318359 0.5878906 0.00390625 0.5878906 0.01318359 0.5791016 0.00390625 0.5878906 0.00390625 0.5878906 0.01318359 0.5791016 0.01318359 0.5791016 0.00390625 0.5703125 0.01318359 0.5791016 0.00390625 0.5791016 0.01318359 0.5791016 0.00390625 0.5703125 0.01318359 0.5703125 0.00390625 0.5620117 0.01269531 0.5703125 0.00390625 0.5703125 0.01318359 0.5703125 0.00390625 0.5620117 0.01269531 0.5620117 0.00390625 0.5620117 0.01269531 0.5527344 0.00390625 0.5620117 0.00390625 0.5620117 0.01269531 0.5527344 0.01269531 0.5527344 0.00390625 0.7182617 0.001953125 0.7182617 0.0180664 0.7119141 0.001953125 0.7119141 0.0180664 0.7119141 0.001953125 0.7182617 0.0180664 0.7182617 0.0180664 0.7182617 0.02978515 0.7119141 0.0180664 0.7182617 0.02978515 0.7119141 0.02978515 0.7119141 0.0180664 0.7119141 0.02978515 0.7182617 0.02978515 0.7182617 0.04101562 0.7119141 0.02978515 0.7182617 0.04101562 0.7119141 0.04101562 0.7182617 0.05273437 0.7119141 0.04101562 0.7182617 0.04101562 0.7119141 0.04101562 0.7182617 0.05273437 0.7119141 0.05273437 0.7182617 0.06445312 0.7119141 0.05273437 0.7182617 0.05273437 0.7119141 0.06445312 0.7119141 0.05273437 0.7182617 0.06445312 0.7182617 0.06445312 0.7119141 0.1625976 0.7119141 0.06445312 0.7119141 0.1625976 0.7182617 0.06445312 0.7182617 0.1625976 0.7182617 0.1625976 0.7119141 0.1679687 0.7119141 0.1625976 0.7119141 0.1679687 0.7182617 0.1625976 0.7182617 0.1679687 0.7182617 0.1679687 0.7119141 0.2197265 0.7119141 0.1679687 0.7119141 0.2197265 0.7182617 0.1679687 0.7182617 0.2197265 0.7182617 0.2250976 0.7119141 0.2197265 0.7182617 0.2197265 0.7182617 0.2250976 0.7119141 0.2250976 0.7119141 0.2197265 0.7182617 0.4042969 0.7119141 0.2250976 0.7182617 0.2250976 0.7119141 0.2250976 0.7182617 0.4042969 0.7119141 0.4042969 0.9985352 0.9341431 0.8398438 0.9341431 0.9985352 0.9757996 0.9985352 0.9757996 0.8398438 0.9341431 0.8398438 0.9758148 0.8398438 0.9758148 0.8398438 0.9341431 0.8349609 0.9341431 0.8398438 0.9758148 0.8349609 0.9341431 0.8349609 0.9758148 0.7880859 0.9341431 0.8349609 0.9758148 0.8349609 0.9341431 0.8349609 0.9758148 0.7880859 0.9341431 0.7880859 0.9758301 0.7880859 0.9341431 0.7832031 0.9758301 0.7880859 0.9758301 0.7832031 0.9758301 0.7880859 0.9341431 0.7832031 0.9341431 0.6958008 0.9341431 0.7832031 0.9758301 0.7832031 0.9341431 0.7832031 0.9758301 0.6958008 0.9341431 0.6958008 0.9758301 0.6958008 0.9341431 0.684082 0.9758301 0.6958008 0.9758301 0.684082 0.9758301 0.6958008 0.9341431 0.684082 0.9341431 0.684082 0.9341431 0.6723633 0.9758301 0.684082 0.9758301 0.6723633 0.9758301 0.684082 0.9341431 0.6723633 0.9341431 0.6723633 0.9341431 0.6611328 0.9758148 0.6723633 0.9758301 0.6611328 0.9758148 0.6723633 0.9341431 0.6611328 0.9341431 0.6611328 0.9341431 0.6494141 0.9758148 0.6611328 0.9758148 0.6494141 0.9758148 0.6611328 0.9341431 0.6494141 0.9341431 0.6347656 0.9341431 0.6494141 0.9758148 0.6494141 0.9341431 0.6347656 0.9341431 0.6347656 0.9758148 0.6494141 0.9758148 0.5058594 0.763794 0.3447266 0.8054199 0.5058594 0.8054199 0.3447266 0.8054199 0.5058594 0.763794 0.3447266 0.763794 0.3447266 0.763794 0.3400879 0.8054199 0.3447266 0.8054199 0.3400879 0.8054199 0.3447266 0.763794 0.3400879 0.763794 0.3400879 0.763794 0.2946777 0.8054199 0.3400879 0.8054199 0.2946777 0.8054199 0.3400879 0.763794 0.2946777 0.763794 0.2946777 0.8054199 0.2946777 0.763794 0.2902832 0.763794 0.2946777 0.8054199 0.2902832 0.763794 0.2902832 0.8054199 0.7294922 0.1811523 0.7294922 0.001953125 0.7231445 0.001953125 0.7231445 0.001953125 0.7231445 0.1811523 0.7294922 0.1811523 0.7231445 0.1811523 0.7294922 0.1865234 0.7294922 0.1811523 0.7294922 0.1865234 0.7231445 0.1811523 0.7231445 0.1865234 0.7231445 0.2382812 0.7294922 0.1865234 0.7231445 0.1865234 0.7294922 0.1865234 0.7231445 0.2382812 0.7294922 0.2382812 0.7294922 0.2382812 0.7231445 0.2382812 0.7231445 0.243164 0.7294922 0.2382812 0.7231445 0.243164 0.7294922 0.243164 0.7231445 0.3417969 0.7294922 0.243164 0.7231445 0.243164 0.7294922 0.243164 0.7231445 0.3417969 0.7294922 0.3417969 0.7231445 0.3417969 0.7294922 0.3530274 0.7294922 0.3417969 0.7294922 0.3530274 0.7231445 0.3417969 0.7231445 0.3530274 0.7231445 0.3530274 0.7294922 0.3647461 0.7294922 0.3530274 0.7294922 0.3647461 0.7231445 0.3530274 0.7231445 0.3647461 0.7231445 0.3647461 0.7294922 0.3764649 0.7294922 0.3647461 0.7294922 0.3764649 0.7231445 0.3647461 0.7231445 0.3764649 0.7231445 0.3764649 0.7294922 0.3876953 0.7294922 0.3764649 0.7294922 0.3876953 0.7231445 0.3764649 0.7231445 0.3876953 0.7231445 0.3876953 0.7294922 0.4042969 0.7294922 0.3876953 0.7294922 0.4042969 0.7231445 0.3876953 0.7231445 0.4042969 0.2308349 0.970108 0.2199707 0.9785462 0.2308349 0.9785462 0.2199707 0.9785462 0.2308349 0.970108 0.2199707 0.969101 0.2199707 0.969101 0.2091064 0.9785462 0.2199707 0.9785462 0.2091064 0.9785462 0.2199707 0.969101 0.2091064 0.9651184 0.2091064 0.9651184 0.1983642 0.9785462 0.2091064 0.9785462 0.1983642 0.9785462 0.2091064 0.9651184 0.1983642 0.9572754 0.1983642 0.9572754 0.1875 0.9785462 0.1983642 0.9785462 0.1875 0.9785462 0.1983642 0.9572754 0.1875 0.9524231 0.1875 0.9785462 0.1875 0.9524231 0.1766357 0.9572754 0.1875 0.9785462 0.1766357 0.9572754 0.1766357 0.9785462 0.1766357 0.9785462 0.1766357 0.9572754 0.1657714 0.9651184 0.1766357 0.9785462 0.1657714 0.9651184 0.1657714 0.9785462 0.1549072 0.969101 0.1657714 0.9785462 0.1657714 0.9651184 0.1657714 0.9785462 0.1549072 0.969101 0.1549072 0.9785462 0.1440429 0.970108 0.1549072 0.9785462 0.1549072 0.969101 0.1549072 0.9785462 0.1440429 0.970108 0.1440429 0.9785462 0.6303711 0.9837952 0.621582 0.9973545 0.628418 0.991005 0.6303711 0.9837952 0.612793 0.998745 0.621582 0.9973545 0.612793 0.998745 0.6303711 0.9837952 0.6298828 0.9754181 0.5864258 0.9980812 0.612793 0.998745 0.6298828 0.9754181 0.6298828 0.9754181 0.6206055 0.9330444 0.5864258 0.9980812 0.6206055 0.9330444 0.5546875 0.8735352 0.5864258 0.9980812 0.6118164 0.9007568 0.5546875 0.8735352 0.6206055 0.9330444 0.6118164 0.9007568 0.6064453 0.8842774 0.5546875 0.8735352 0.6025391 0.8762817 0.5546875 0.8735352 0.6064453 0.8842774 0.5546875 0.8735352 0.6025391 0.8762817 0.5966797 0.8682861 0.5546875 0.8735352 0.5966797 0.8682861 0.5874024 0.8609619 0.5776367 0.855957 0.5546875 0.8735352 0.5874024 0.8609619 0.5366211 0.9971199 0.5864258 0.9980812 0.5546875 0.8735352 0.5776367 0.855957 0.5527344 0.8497315 0.5546875 0.8735352 0.5151367 0.8730469 0.5366211 0.9971199 0.5546875 0.8735352 0.5527344 0.8497315 0.5151367 0.8730469 0.5546875 0.8735352 0.5151367 0.8730469 0.46875 0.9964981 0.5366211 0.9971199 0.5151367 0.8730469 0.5527344 0.8497315 0.5170899 0.8426514 0.46875 0.9964981 0.5151367 0.8730469 0.46875 0.873169 0.4763184 0.8371582 0.5151367 0.8730469 0.5170899 0.8426514 0.5151367 0.8730469 0.4763184 0.8371582 0.46875 0.873169 0.4406738 0.8354492 0.46875 0.873169 0.4763184 0.8371582 0.46875 0.873169 0.4406738 0.8354492 0.4406738 0.873169 0.4406738 0.8354492 0.4125977 0.873169 0.4406738 0.873169 0.4406738 0.8354492 0.4047852 0.8371582 0.4125977 0.873169 0.4047852 0.8371582 0.3662109 0.8730469 0.4125977 0.873169 0.3662109 0.8730469 0.4047852 0.8371582 0.3642578 0.8426514 0.3662109 0.8730469 0.4125977 0.9964981 0.4125977 0.873169 0.3286133 0.8497315 0.3662109 0.8730469 0.3642578 0.8426514 0.4125977 0.9964981 0.3662109 0.8730469 0.3444824 0.9971199 0.3662109 0.8730469 0.3286133 0.8497315 0.3266602 0.8735352 0.3266602 0.8735352 0.3444824 0.9971199 0.3662109 0.8730469 0.3034668 0.855957 0.3266602 0.8735352 0.3286133 0.8497315 0.3034668 0.855957 0.293457 0.8609619 0.3266602 0.8735352 0.3266602 0.8735352 0.293457 0.8609619 0.2844238 0.8682861 0.3266602 0.8735352 0.2844238 0.8682861 0.2785645 0.8762817 0.3266602 0.8735352 0.2785645 0.8762817 0.2749024 0.8842774 0.2749024 0.8842774 0.2692871 0.9007568 0.3266602 0.8735352 0.3266602 0.8735352 0.2692871 0.9007568 0.2604981 0.9330444 0.3444824 0.9971199 0.3266602 0.8735352 0.2949219 0.9980812 0.2949219 0.9980812 0.3266602 0.8735352 0.2604981 0.9330444 0.2604981 0.9330444 0.2509766 0.9754181 0.2949219 0.9980812 0.2685547 0.998745 0.2949219 0.9980812 0.2509766 0.9754181 0.2509766 0.9754181 0.2507324 0.9837952 0.2685547 0.998745 0.2507324 0.9837952 0.2595215 0.9973545 0.2685547 0.998745 0.2507324 0.9837952 0.2529297 0.991005 0.2595215 0.9973545 0.4228516 0.2998047 0.4543457 0.3046875 0.4543457 0.2998047 0.4543457 0.3046875 0.4228516 0.2998047 0.4228516 0.3046875 0.4543457 0.3046875 0.4228516 0.3046875 0.4543457 0.309082 0.4228516 0.309082 0.4543457 0.309082 0.4228516 0.3046875 0.4228516 0.309082 0.4543457 0.3134766 0.4543457 0.309082 0.4228516 0.3134766 0.4543457 0.3134766 0.4228516 0.309082 0.4228516 0.3183594 0.4543457 0.3134766 0.4228516 0.3134766 0.4543457 0.3134766 0.4228516 0.3183594 0.4543457 0.3183594 0.4228516 0.3227539 0.4543457 0.3183594 0.4228516 0.3183594 0.4543457 0.3183594 0.4228516 0.3227539 0.4543457 0.3227539 0.4228516 0.3276367 0.4543457 0.3227539 0.4228516 0.3227539 0.4543457 0.3227539 0.4228516 0.3276367 0.4543457 0.3276367 0.166748 0.2924805 0.1566162 0.2763672 0.1566162 0.2924805 0.1566162 0.2763672 0.166748 0.2924805 0.166748 0.2763672 0.1768798 0.2924805 0.166748 0.2763672 0.166748 0.2924805 0.166748 0.2763672 0.1768798 0.2924805 0.1768798 0.2763672 0.1768798 0.2763672 0.1768798 0.2924805 0.1870117 0.2763672 0.1870117 0.2924805 0.1870117 0.2763672 0.1768798 0.2924805 0.1870117 0.2763672 0.1870117 0.2924805 0.1970214 0.2763672 0.1970214 0.2924805 0.1970214 0.2763672 0.1870117 0.2924805 0.2071533 0.2924805 0.1970214 0.2763672 0.1970214 0.2924805 0.1970214 0.2763672 0.2071533 0.2924805 0.2071533 0.2763672 0.2172851 0.2924805 0.2071533 0.2763672 0.2071533 0.2924805 0.2071533 0.2763672 0.2172851 0.2924805 0.2172851 0.2763672 0.2172851 0.2763672 0.2172851 0.2924805 0.2274169 0.2763672 0.2274169 0.2763672 0.2172851 0.2924805 0.2274169 0.2924805 0.2274169 0.2924805 0.2375488 0.2763672 0.2274169 0.2763672 0.2375488 0.2763672 0.2274169 0.2924805 0.2375488 0.2924805 0.2476806 0.2924805 0.2375488 0.2763672 0.2375488 0.2924805 0.2375488 0.2763672 0.2476806 0.2924805 0.2476806 0.2763672 0.2578125 0.2924805 0.2476806 0.2763672 0.2476806 0.2924805 0.2476806 0.2763672 0.2578125 0.2924805 0.2578125 0.2763672 0.2578125 0.2924805 0.2678223 0.2763672 0.2578125 0.2763672 0.2678223 0.2763672 0.2578125 0.2924805 0.2678223 0.2924805 0.2678223 0.2924805 0.2780762 0.2763672 0.2678223 0.2763672 0.2678223 0.2924805 0.2780762 0.2924805 0.2780762 0.2763672 0.8061524 0.7321777 0.8203125 0.7319336 0.8061524 0.7243652 0.8203125 0.7246094 0.8061524 0.7243652 0.8203125 0.7319336 0.8793945 0.7302246 0.8203125 0.7246094 0.8203125 0.7319336 0.8203125 0.7246094 0.8793945 0.7302246 0.8793945 0.7263184 0.8847656 0.7302246 0.8793945 0.7263184 0.8793945 0.7302246 0.8793945 0.7263184 0.8847656 0.7302246 0.8847656 0.7263184 0.9033203 0.7302246 0.8847656 0.7263184 0.8847656 0.7302246 0.8847656 0.7263184 0.9033203 0.7302246 0.9033203 0.7263184 0.9033203 0.7302246 0.9091797 0.7263184 0.9033203 0.7263184 0.9091797 0.7263184 0.9033203 0.7302246 0.9091797 0.7302246 0.9091797 0.7302246 0.9677734 0.7246094 0.9091797 0.7263184 0.9091797 0.7302246 0.9677734 0.7319336 0.9677734 0.7246094 0.9677734 0.7319336 0.9824219 0.7243652 0.9677734 0.7246094 0.9677734 0.7319336 0.9824219 0.7321777 0.9824219 0.7243652 0.605957 0.1411132 0.6459961 0.1850585 0.6040039 0.1850585 0.6459961 0.1850585 0.605957 0.1411132 0.644043 0.1411132 0.6074219 0.09228515 0.644043 0.1411132 0.605957 0.1411132 0.644043 0.1411132 0.6074219 0.09228515 0.6425781 0.09228515 0.6074219 0.09228515 0.6411133 0.04736328 0.6425781 0.09228515 0.6411133 0.04736328 0.6074219 0.09228515 0.6088867 0.04736328 0.637207 0.008789062 0.6401367 0.002441406 0.6411133 0.04736328 0.6318359 0.01269531 0.637207 0.008789062 0.6411133 0.04736328 0.625 0.01464843 0.6318359 0.01269531 0.6411133 0.04736328 0.6411133 0.04736328 0.6088867 0.04736328 0.625 0.01464843 0.6181641 0.01269531 0.625 0.01464843 0.6088867 0.04736328 0.6088867 0.04736328 0.612793 0.008789062 0.6181641 0.01269531 0.6088867 0.04736328 0.609375 0.002441406 0.612793 0.008789062 0.6049805 0.01269531 0.5961914 0.00390625 0.6049805 0.00390625 0.6049805 0.01269531 0.5961914 0.01269531 0.5961914 0.00390625 0.5961914 0.01269531 0.5878906 0.00390625 0.5961914 0.00390625 0.5961914 0.01269531 0.5878906 0.01318359 0.5878906 0.00390625 0.5878906 0.01318359 0.5791016 0.00390625 0.5878906 0.00390625 0.5878906 0.01318359 0.5791016 0.01318359 0.5791016 0.00390625 0.5703125 0.01318359 0.5791016 0.00390625 0.5791016 0.01318359 0.5791016 0.00390625 0.5703125 0.01318359 0.5703125 0.00390625 0.5620117 0.01269531 0.5703125 0.00390625 0.5703125 0.01318359 0.5703125 0.00390625 0.5620117 0.01269531 0.5620117 0.00390625 0.5620117 0.01269531 0.5527344 0.00390625 0.5620117 0.00390625 0.5620117 0.01269531 0.5527344 0.01269531 0.5527344 0.00390625 0.2308349 0.970108 0.2199707 0.9785462 0.2308349 0.9785462 0.2199707 0.9785462 0.2308349 0.970108 0.2199707 0.969101 0.2199707 0.969101 0.2091064 0.9785462 0.2199707 0.9785462 0.2091064 0.9785462 0.2199707 0.969101 0.2091064 0.9651184 0.2091064 0.9651184 0.1983642 0.9785462 0.2091064 0.9785462 0.1983642 0.9785462 0.2091064 0.9651184 0.1983642 0.9572754 0.1983642 0.9572754 0.1875 0.9785462 0.1983642 0.9785462 0.1875 0.9785462 0.1983642 0.9572754 0.1875 0.9524231 0.1875 0.9785462 0.1875 0.9524231 0.1766357 0.9572754 0.1875 0.9785462 0.1766357 0.9572754 0.1766357 0.9785462 0.1766357 0.9785462 0.1766357 0.9572754 0.1657714 0.9651184 0.1766357 0.9785462 0.1657714 0.9651184 0.1657714 0.9785462 0.1549072 0.969101 0.1657714 0.9785462 0.1657714 0.9651184 0.1657714 0.9785462 0.1549072 0.969101 0.1549072 0.9785462 0.1440429 0.970108 0.1549072 0.9785462 0.1549072 0.969101 0.1549072 0.9785462 0.1440429 0.970108 0.1440429 0.9785462 0.6049805 0.01269531 0.5961914 0.00390625 0.6049805 0.00390625 0.6049805 0.01269531 0.5961914 0.01269531 0.5961914 0.00390625 0.5961914 0.01269531 0.5878906 0.00390625 0.5961914 0.00390625 0.5961914 0.01269531 0.5878906 0.01318359 0.5878906 0.00390625 0.5878906 0.01318359 0.5791016 0.00390625 0.5878906 0.00390625 0.5878906 0.01318359 0.5791016 0.01318359 0.5791016 0.00390625 0.5703125 0.01318359 0.5791016 0.00390625 0.5791016 0.01318359 0.5791016 0.00390625 0.5703125 0.01318359 0.5703125 0.00390625 0.5620117 0.01269531 0.5703125 0.00390625 0.5703125 0.01318359 0.5703125 0.00390625 0.5620117 0.01269531 0.5620117 0.00390625 0.5620117 0.01269531 0.5527344 0.00390625 0.5620117 0.00390625 0.5620117 0.01269531 0.5527344 0.01269531 0.5527344 0.00390625 0.2946777 0.7346192 0.3312988 0.7202149 0.3312988 0.7346192 0.3312988 0.7202149 0.2946777 0.7346192 0.2946777 0.7202149 0.2946777 0.7202149 0.3312988 0.7058106 0.3312988 0.7202149 0.3312988 0.7058106 0.2946777 0.7202149 0.2946777 0.7058106 0.2946777 0.7058106 0.3312988 0.6914063 0.3312988 0.7058106 0.3312988 0.6914063 0.2946777 0.7058106 0.2946777 0.6914063 0.2946777 0.677002 0.3312988 0.6914063 0.2946777 0.6914063 0.2946777 0.677002 0.3312988 0.677002 0.3312988 0.6914063 0.2946777 0.677002 0.3312988 0.6625977 0.3312988 0.677002 0.3312988 0.6625977 0.2946777 0.677002 0.2946777 0.6625977 0.6191406 0.8005371 0.6362305 0.7641602 0.6362305 0.8005371 0.6191406 0.8005371 0.6191406 0.7641602 0.6362305 0.7641602 0.6015625 0.8005371 0.6191406 0.7641602 0.6191406 0.8005371 0.6015625 0.8005371 0.6015625 0.7641602 0.6191406 0.7641602 0.5839844 0.8005371 0.6015625 0.7641602 0.6015625 0.8005371 0.6015625 0.7641602 0.5839844 0.8005371 0.5839844 0.7641602 0.5839844 0.7641602 0.5839844 0.8005371 0.5727539 0.7822266 0.5839844 0.7641602 0.5727539 0.7822266 0.5688477 0.7724609 0.5727539 0.7822266 0.5839844 0.8005371 0.5688477 0.7921143 0.5839844 0.7641602 0.5688477 0.7724609 0.565918 0.7642822 0.5688477 0.7921143 0.5839844 0.8005371 0.565918 0.800293 0.565918 0.7642822 0.5688477 0.7724609 0.5581055 0.7684326 0.5688477 0.7921143 0.565918 0.800293 0.5581055 0.7960205 0.565918 0.7642822 0.5581055 0.7684326 0.5488281 0.7644043 0.5581055 0.7960205 0.565918 0.800293 0.5488281 0.8000488 0.5488281 0.7644043 0.5581055 0.7684326 0.5458984 0.7724609 0.5488281 0.8000488 0.5458984 0.7918701 0.5581055 0.7960205 0.5395508 0.7821045 0.5488281 0.7644043 0.5458984 0.7724609 0.5395508 0.7821045 0.5458984 0.7918701 0.5488281 0.8000488 0.5395508 0.7821045 0.53125 0.7642822 0.5488281 0.7644043 0.5488281 0.8000488 0.5307617 0.7999268 0.5395508 0.7821045 0.5307617 0.7999268 0.53125 0.7642822 0.5395508 0.7821045 0.53125 0.7642822 0.5307617 0.7999268 0.5136719 0.7999268 0.53125 0.7642822 0.5136719 0.7999268 0.5141602 0.7642822 0.2308349 0.970108 0.2199707 0.9785462 0.2308349 0.9785462 0.2199707 0.9785462 0.2308349 0.970108 0.2199707 0.969101 0.2199707 0.969101 0.2091064 0.9785462 0.2199707 0.9785462 0.2091064 0.9785462 0.2199707 0.969101 0.2091064 0.9651184 0.2091064 0.9651184 0.1983642 0.9785462 0.2091064 0.9785462 0.1983642 0.9785462 0.2091064 0.9651184 0.1983642 0.9572754 0.1983642 0.9572754 0.1875 0.9785462 0.1983642 0.9785462 0.1875 0.9785462 0.1983642 0.9572754 0.1875 0.9524231 0.1875 0.9785462 0.1875 0.9524231 0.1766357 0.9572754 0.1875 0.9785462 0.1766357 0.9572754 0.1766357 0.9785462 0.1766357 0.9785462 0.1766357 0.9572754 0.1657714 0.9651184 0.1766357 0.9785462 0.1657714 0.9651184 0.1657714 0.9785462 0.1657714 0.9785462 0.1657714 0.9651184 0.1549072 0.969101 0.1657714 0.9785462 0.1549072 0.969101 0.1549072 0.9785462 0.1440429 0.970108 0.1549072 0.9785462 0.1549072 0.969101 0.1549072 0.9785462 0.1440429 0.970108 0.1440429 0.9785462 0.605957 0.1411132 0.6459961 0.1850585 0.6040039 0.1850585 0.6459961 0.1850585 0.605957 0.1411132 0.644043 0.1411132 0.6074219 0.09228515 0.644043 0.1411132 0.605957 0.1411132 0.644043 0.1411132 0.6074219 0.09228515 0.6425781 0.09228515 0.6074219 0.09228515 0.6411133 0.04736328 0.6425781 0.09228515 0.6411133 0.04736328 0.6074219 0.09228515 0.6088867 0.04736328 0.637207 0.008789062 0.6401367 0.002441406 0.6411133 0.04736328 0.6318359 0.01269531 0.637207 0.008789062 0.6411133 0.04736328 0.625 0.01464843 0.6318359 0.01269531 0.6411133 0.04736328 0.6411133 0.04736328 0.6088867 0.04736328 0.625 0.01464843 0.6181641 0.01269531 0.625 0.01464843 0.6088867 0.04736328 0.6088867 0.04736328 0.612793 0.008789062 0.6181641 0.01269531 0.6088867 0.04736328 0.609375 0.002441406 0.612793 0.008789062 0.6049805 0.01269531 0.5961914 0.00390625 0.6049805 0.00390625 0.6049805 0.01269531 0.5961914 0.01269531 0.5961914 0.00390625 0.5961914 0.01269531 0.5878906 0.00390625 0.5961914 0.00390625 0.5961914 0.01269531 0.5878906 0.01318359 0.5878906 0.00390625 0.5878906 0.01318359 0.5791016 0.00390625 0.5878906 0.00390625 0.5878906 0.01318359 0.5791016 0.01318359 0.5791016 0.00390625 0.5703125 0.01318359 0.5791016 0.00390625 0.5791016 0.01318359 0.5791016 0.00390625 0.5703125 0.01318359 0.5703125 0.00390625 0.5620117 0.01269531 0.5703125 0.00390625 0.5703125 0.01318359 0.5703125 0.00390625 0.5620117 0.01269531 0.5620117 0.00390625 0.5620117 0.01269531 0.5527344 0.00390625 0.5620117 0.00390625 0.5620117 0.01269531 0.5527344 0.01269531 0.5527344 0.00390625 0.2946777 0.7346192 0.3312988 0.7202149 0.3312988 0.7346192 0.3312988 0.7202149 0.2946777 0.7346192 0.2946777 0.7202149 0.2946777 0.7202149 0.3312988 0.7058106 0.3312988 0.7202149 0.3312988 0.7058106 0.2946777 0.7202149 0.2946777 0.7058106 0.2946777 0.7058106 0.3312988 0.6914063 0.3312988 0.7058106 0.3312988 0.6914063 0.2946777 0.7058106 0.2946777 0.6914063 0.3312988 0.6914063 0.2946777 0.6914063 0.2946777 0.677002 0.3312988 0.6914063 0.2946777 0.677002 0.3312988 0.677002 0.2946777 0.677002 0.3312988 0.6625977 0.3312988 0.677002 0.3312988 0.6625977 0.2946777 0.677002 0.2946777 0.6625977 0.6191406 0.8005371 0.6362305 0.7641602 0.6362305 0.8005371 0.6191406 0.8005371 0.6191406 0.7641602 0.6362305 0.7641602 0.6191406 0.7641602 0.6191406 0.8005371 0.6015625 0.8005371 0.6015625 0.8005371 0.6015625 0.7641602 0.6191406 0.7641602 0.6015625 0.7641602 0.6015625 0.8005371 0.5839844 0.7641602 0.5839844 0.8005371 0.5839844 0.7641602 0.6015625 0.8005371 0.5839844 0.7641602 0.5839844 0.8005371 0.5727539 0.7822266 0.5839844 0.7641602 0.5727539 0.7822266 0.5688477 0.7724609 0.5727539 0.7822266 0.5839844 0.8005371 0.5688477 0.7921143 0.5839844 0.7641602 0.5688477 0.7724609 0.565918 0.7642822 0.5688477 0.7921143 0.5839844 0.8005371 0.565918 0.800293 0.565918 0.7642822 0.5688477 0.7724609 0.5581055 0.7684326 0.5688477 0.7921143 0.565918 0.800293 0.5581055 0.7960205 0.565918 0.7642822 0.5581055 0.7684326 0.5488281 0.7644043 0.565918 0.800293 0.5488281 0.8000488 0.5581055 0.7960205 0.5488281 0.7644043 0.5581055 0.7684326 0.5458984 0.7724609 0.5458984 0.7918701 0.5581055 0.7960205 0.5488281 0.8000488 0.5395508 0.7821045 0.5488281 0.7644043 0.5458984 0.7724609 0.5395508 0.7821045 0.5458984 0.7918701 0.5488281 0.8000488 0.5395508 0.7821045 0.53125 0.7642822 0.5488281 0.7644043 0.5488281 0.8000488 0.5307617 0.7999268 0.5395508 0.7821045 0.5307617 0.7999268 0.53125 0.7642822 0.5395508 0.7821045 0.5307617 0.7999268 0.5136719 0.7999268 0.53125 0.7642822 0.53125 0.7642822 0.5136719 0.7999268 0.5141602 0.7642822 0.2308349 0.970108 0.2199707 0.9785462 0.2308349 0.9785462 0.2199707 0.9785462 0.2308349 0.970108 0.2199707 0.969101 0.2199707 0.969101 0.2091064 0.9785462 0.2199707 0.9785462 0.2091064 0.9785462 0.2199707 0.969101 0.2091064 0.9651184 0.2091064 0.9651184 0.1983642 0.9785462 0.2091064 0.9785462 0.1983642 0.9785462 0.2091064 0.9651184 0.1983642 0.9572754 0.1983642 0.9572754 0.1875 0.9785462 0.1983642 0.9785462 0.1875 0.9785462 0.1983642 0.9572754 0.1875 0.9524231 0.1875 0.9785462 0.1875 0.9524231 0.1766357 0.9572754 0.1875 0.9785462 0.1766357 0.9572754 0.1766357 0.9785462 0.1766357 0.9785462 0.1766357 0.9572754 0.1657714 0.9651184 0.1766357 0.9785462 0.1657714 0.9651184 0.1657714 0.9785462 0.1657714 0.9785462 0.1657714 0.9651184 0.1549072 0.969101 0.1657714 0.9785462 0.1549072 0.969101 0.1549072 0.9785462 0.1440429 0.970108 0.1549072 0.9785462 0.1549072 0.969101 0.1549072 0.9785462 0.1440429 0.970108 0.1440429 0.9785462 0.6040039 0.1850585 0.605957 0.1411132 0.6459961 0.1850585 0.6459961 0.1850585 0.605957 0.1411132 0.644043 0.1411132 0.6074219 0.09228515 0.644043 0.1411132 0.605957 0.1411132 0.644043 0.1411132 0.6074219 0.09228515 0.6425781 0.09228515 0.6074219 0.09228515 0.6411133 0.04736328 0.6425781 0.09228515 0.6411133 0.04736328 0.6074219 0.09228515 0.6088867 0.04736328 0.637207 0.008789062 0.6401367 0.002441406 0.6411133 0.04736328 0.6318359 0.01269531 0.637207 0.008789062 0.6411133 0.04736328 0.625 0.01464843 0.6318359 0.01269531 0.6411133 0.04736328 0.6411133 0.04736328 0.6088867 0.04736328 0.625 0.01464843 0.6181641 0.01269531 0.625 0.01464843 0.6088867 0.04736328 0.6088867 0.04736328 0.612793 0.008789062 0.6181641 0.01269531 0.6088867 0.04736328 0.609375 0.002441406 0.612793 0.008789062 0.6049805 0.01269531 0.5961914 0.00390625 0.6049805 0.00390625 0.6049805 0.01269531 0.5961914 0.01269531 0.5961914 0.00390625 0.5961914 0.01269531 0.5878906 0.00390625 0.5961914 0.00390625 0.5961914 0.01269531 0.5878906 0.01318359 0.5878906 0.00390625 0.5878906 0.01318359 0.5791016 0.00390625 0.5878906 0.00390625 0.5878906 0.01318359 0.5791016 0.01318359 0.5791016 0.00390625 0.5703125 0.01318359 0.5791016 0.00390625 0.5791016 0.01318359 0.5791016 0.00390625 0.5703125 0.01318359 0.5703125 0.00390625 0.5620117 0.01269531 0.5703125 0.00390625 0.5703125 0.01318359 0.5703125 0.00390625 0.5620117 0.01269531 0.5620117 0.00390625 0.5620117 0.01269531 0.5527344 0.00390625 0.5620117 0.00390625 0.5620117 0.01269531 0.5527344 0.01269531 0.5527344 0.00390625 0.2308349 0.970108 0.2199707 0.9785462 0.2308349 0.9785462 0.2199707 0.9785462 0.2308349 0.970108 0.2199707 0.969101 0.2199707 0.969101 0.2091064 0.9785462 0.2199707 0.9785462 0.2091064 0.9785462 0.2199707 0.969101 0.2091064 0.9651184 0.2091064 0.9651184 0.1983642 0.9785462 0.2091064 0.9785462 0.1983642 0.9785462 0.2091064 0.9651184 0.1983642 0.9572754 0.1983642 0.9572754 0.1875 0.9785462 0.1983642 0.9785462 0.1875 0.9785462 0.1983642 0.9572754 0.1875 0.9524231 0.1875 0.9785462 0.1875 0.9524231 0.1766357 0.9572754 0.1875 0.9785462 0.1766357 0.9572754 0.1766357 0.9785462 0.1766357 0.9785462 0.1766357 0.9572754 0.1657714 0.9651184 0.1766357 0.9785462 0.1657714 0.9651184 0.1657714 0.9785462 0.1549072 0.969101 0.1657714 0.9785462 0.1657714 0.9651184 0.1657714 0.9785462 0.1549072 0.969101 0.1549072 0.9785462 0.1440429 0.970108 0.1549072 0.9785462 0.1549072 0.969101 0.1549072 0.9785462 0.1440429 0.970108 0.1440429 0.9785462 0.3591309 0.03515625 0.3430176 0.03515625 0.3430176 0.002441406 0.3591309 0.002441406 0.3591309 0.03515625 0.3430176 0.002441406 0.4038086 0.002441406 0.3591309 0.03515625 0.3591309 0.002441406 0.3591309 0.03515625 0.4038086 0.002441406 0.4038086 0.03564453 0.4038086 0.002441406 0.4199219 0.03564453 0.4038086 0.03564453 0.4199219 0.002441406 0.4199219 0.03564453 0.4038086 0.002441406 0.6323242 0.9169922 0.6323242 0.9049683 0.6396484 0.9256592 0.6396484 0.9256592 0.6323242 0.9049683 0.6362305 0.8991089 0.6362305 0.8991089 0.6445313 0.8946533 0.6396484 0.9256592 0.6635742 0.9260864 0.6396484 0.9256592 0.6445313 0.8946533 0.6635742 0.9260864 0.6445313 0.8946533 0.6650391 0.8391113 0.6655274 0.8110352 0.6650391 0.8391113 0.6445313 0.8946533 0.6655274 0.8110352 0.6445313 0.8946533 0.6445313 0.7553711 0.6635742 0.9260864 0.6650391 0.8391113 0.6777344 0.8538818 0.6445313 0.7553711 0.6635742 0.723877 0.6655274 0.8110352 0.6635742 0.9260864 0.6777344 0.8538818 0.6835938 0.8602295 0.6835938 0.8602295 0.6826172 0.9264526 0.6635742 0.9260864 0.6391602 0.7243652 0.6635742 0.723877 0.6445313 0.7553711 0.6445313 0.7553711 0.6362305 0.7508545 0.6391602 0.7243652 0.6362305 0.7508545 0.6323242 0.7451172 0.6391602 0.7243652 0.6323242 0.7451172 0.6318359 0.7331543 0.6391602 0.7243652 0.7485352 0.8594971 0.6826172 0.9264526 0.6835938 0.8602295 0.6826172 0.9264526 0.7485352 0.8594971 0.7485352 0.9266358 0.7485352 0.8594971 0.7675781 0.9265747 0.7485352 0.9266358 0.6835938 0.8602295 0.7548828 0.8533936 0.7485352 0.8594971 0.7675781 0.9265747 0.7485352 0.8594971 0.7548828 0.8533936 0.6777344 0.8538818 0.7548828 0.8533936 0.6835938 0.8602295 0.7548828 0.7961426 0.7675781 0.9265747 0.7548828 0.8533936 0.7548828 0.8533936 0.6777344 0.8538818 0.6889649 0.8386231 0.7548828 0.8533936 0.6889649 0.8116455 0.7548828 0.7961426 0.7548828 0.8533936 0.6889649 0.8386231 0.6889649 0.8116455 0.6777344 0.8538818 0.6777344 0.8400879 0.6889649 0.8386231 0.6777344 0.8400879 0.6777344 0.8538818 0.6650391 0.8391113 0.6889649 0.8386231 0.6777344 0.8400879 0.6811524 0.8286133 0.6733399 0.8291016 0.6777344 0.8400879 0.6650391 0.8391113 0.6777344 0.8400879 0.6733399 0.8291016 0.6811524 0.8286133 0.6650391 0.8391113 0.6655274 0.8110352 0.6733399 0.8291016 0.6811524 0.8214111 0.6889649 0.8386231 0.6811524 0.8286133 0.6733399 0.8291016 0.6811524 0.8214111 0.6811524 0.8286133 0.6889649 0.8116455 0.6889649 0.8386231 0.6811524 0.8214111 0.6811524 0.8214111 0.6733399 0.8291016 0.6733399 0.8210449 0.6733399 0.8291016 0.6655274 0.8110352 0.6733399 0.8210449 0.6733399 0.8210449 0.6777344 0.8100586 0.6811524 0.8214111 0.6733399 0.8210449 0.6655274 0.8110352 0.6777344 0.8100586 0.6777344 0.8100586 0.6889649 0.8116455 0.6811524 0.8214111 0.6655274 0.8110352 0.6777344 0.7963867 0.6777344 0.8100586 0.6777344 0.8100586 0.6777344 0.7963867 0.6889649 0.8116455 0.6777344 0.7963867 0.6655274 0.8110352 0.6635742 0.723877 0.6777344 0.7963867 0.7548828 0.7961426 0.6889649 0.8116455 0.6777344 0.7963867 0.6635742 0.723877 0.6835938 0.7900391 0.7548828 0.7961426 0.6777344 0.7963867 0.6835938 0.7900391 0.6835938 0.7900391 0.6635742 0.723877 0.6826172 0.7233887 0.6835938 0.7900391 0.6826172 0.7233887 0.7485352 0.7229004 0.7485352 0.7900391 0.6835938 0.7900391 0.7485352 0.7229004 0.7548828 0.7961426 0.6835938 0.7900391 0.7485352 0.7900391 0.7680664 0.7231445 0.7485352 0.7900391 0.7485352 0.7229004 0.7485352 0.7900391 0.7680664 0.7231445 0.7548828 0.7961426 0.7675781 0.9265747 0.7548828 0.7961426 0.7680664 0.7231445 0.7675781 0.9265747 0.7680664 0.7231445 0.7880859 0.8943482 0.7924805 0.9266358 0.7675781 0.9265747 0.7880859 0.8943482 0.7880859 0.8943482 0.7680664 0.7231445 0.7880859 0.755249 0.7880859 0.8943482 0.796875 0.8991699 0.7924805 0.9266358 0.7880859 0.755249 0.7680664 0.7231445 0.7929688 0.7231445 0.796875 0.8991699 0.8007813 0.9053345 0.7924805 0.9266358 0.8007813 0.9053345 0.8007813 0.9177857 0.7924805 0.9266358 0.7929688 0.7231445 0.796875 0.7504883 0.7880859 0.755249 0.8007813 0.7443848 0.796875 0.7504883 0.7929688 0.7231445 0.7929688 0.7231445 0.8007813 0.7319336 0.8007813 0.7443848 0.53125 0.7642822 0.5136719 0.7999268 0.5141602 0.7642822 0.5136719 0.7999268 0.53125 0.7642822 0.5307617 0.7999268 0.5307617 0.7999268 0.53125 0.7642822 0.5395508 0.7821045 0.5488281 0.8000488 0.5307617 0.7999268 0.5395508 0.7821045 0.5395508 0.7821045 0.53125 0.7642822 0.5488281 0.7644043 0.5395508 0.7821045 0.5458984 0.7918701 0.5488281 0.8000488 0.5395508 0.7821045 0.5488281 0.7644043 0.5458984 0.7724609 0.5458984 0.7918701 0.5581055 0.7960205 0.5488281 0.8000488 0.5488281 0.7644043 0.5581055 0.7684326 0.5458984 0.7724609 0.565918 0.800293 0.5488281 0.8000488 0.5581055 0.7960205 0.565918 0.7642822 0.5581055 0.7684326 0.5488281 0.7644043 0.5688477 0.7921143 0.565918 0.800293 0.5581055 0.7960205 0.565918 0.7642822 0.5688477 0.7724609 0.5581055 0.7684326 0.5688477 0.7921143 0.5839844 0.8005371 0.565918 0.800293 0.5839844 0.7641602 0.5688477 0.7724609 0.565918 0.7642822 0.5727539 0.7822266 0.5839844 0.8005371 0.5688477 0.7921143 0.5839844 0.7641602 0.5727539 0.7822266 0.5688477 0.7724609 0.5839844 0.7641602 0.5839844 0.8005371 0.5727539 0.7822266 0.6015625 0.7641602 0.5839844 0.8005371 0.5839844 0.7641602 0.5839844 0.8005371 0.6015625 0.7641602 0.6015625 0.8005371 0.6015625 0.7641602 0.6191406 0.8005371 0.6015625 0.8005371 0.6191406 0.8005371 0.6015625 0.7641602 0.6191406 0.7641602 0.6191406 0.8005371 0.6191406 0.7641602 0.6362305 0.7641602 0.6191406 0.8005371 0.6362305 0.7641602 0.6362305 0.8005371 0.4023438 0.7299805 0.3986817 0.7528076 0.4023438 0.7487793 0.3986817 0.7528076 0.4023438 0.7299805 0.3986817 0.7255859 0.3410645 0.7392578 0.3986817 0.7528076 0.3986817 0.7255859 0.340332 0.7590332 0.3986817 0.7528076 0.3410645 0.7392578 0.3376465 0.7448731 0.340332 0.7590332 0.3410645 0.7392578 0.3410645 0.7392578 0.3986817 0.7255859 0.340332 0.7194824 0.3376465 0.7336426 0.3410645 0.7392578 0.340332 0.7194824 0.08215332 0.4726563 0.08209228 0.4589844 0.07623291 0.4619141 0.08215332 0.4726563 0.07623291 0.4619141 0.07629394 0.4726563 0.07629394 0.4726563 0.07623291 0.4619141 0.06860351 0.4726563 0.07623291 0.4619141 0.06860351 0.4619141 0.06860351 0.4726563 0.06860351 0.4619141 0.06274414 0.4726563 0.06860351 0.4726563 0.06274414 0.4726563 0.06860351 0.4619141 0.06274414 0.4589844 0.0569458 0.4619141 0.06274414 0.4726563 0.06274414 0.4589844 0.06274414 0.4726563 0.0569458 0.4619141 0.0569458 0.4726563 0.0493164 0.4619141 0.0569458 0.4726563 0.0569458 0.4619141 0.04925537 0.4726563 0.0569458 0.4726563 0.0493164 0.4619141 0.0493164 0.4619141 0.04342651 0.4726563 0.04925537 0.4726563 0.04342651 0.4726563 0.0493164 0.4619141 0.04348754 0.4589844 0.01239013 0.3295899 0.007080078 0.3198242 0.01239013 0.3222656 0.007080078 0.3320313 0.007080078 0.3198242 0.01239013 0.3295899 0.001775741 0.3295899 0.007080078 0.3198242 0.007080078 0.3320313 0.007080078 0.3198242 0.001775741 0.3295899 0.001775741 0.3222656 0.2253417 0.4365234 0.2218017 0.4594727 0.2218017 0.4404297 0.2253417 0.4365234 0.2253417 0.4633789 0.2218017 0.4594727 0.282959 0.449707 0.2253417 0.4633789 0.2253417 0.4365234 0.282959 0.449707 0.2253417 0.4365234 0.2836914 0.4301758 0.286377 0.4443359 0.282959 0.449707 0.2836914 0.4301758 0.2836914 0.4697266 0.2253417 0.4633789 0.282959 0.449707 0.286377 0.4555664 0.2836914 0.4697266 0.282959 0.449707 0.3312988 0.7346192 0.2946777 0.7346192 0.2946777 0.7202149 0.3312988 0.7346192 0.2946777 0.7202149 0.3312988 0.7202149 0.2946777 0.7202149 0.3312988 0.7058106 0.3312988 0.7202149 0.3312988 0.7058106 0.2946777 0.7202149 0.2946777 0.7058106 0.2946777 0.7058106 0.3312988 0.6914063 0.3312988 0.7058106 0.3312988 0.6914063 0.2946777 0.7058106 0.2946777 0.6914063 0.2946777 0.677002 0.3312988 0.6914063 0.2946777 0.6914063 0.3312988 0.6914063 0.2946777 0.677002 0.3312988 0.677002 0.2946777 0.677002 0.3312988 0.6625977 0.3312988 0.677002 0.3312988 0.6625977 0.2946777 0.677002 0.2946777 0.6625977 0.53125 0.7642822 0.5136719 0.7999268 0.5141602 0.7642822 0.53125 0.7642822 0.5307617 0.7999268 0.5136719 0.7999268 0.5307617 0.7999268 0.53125 0.7642822 0.5395508 0.7821045 0.5488281 0.8000488 0.5307617 0.7999268 0.5395508 0.7821045 0.5395508 0.7821045 0.53125 0.7642822 0.5488281 0.7644043 0.5395508 0.7821045 0.5458984 0.7918701 0.5488281 0.8000488 0.5395508 0.7821045 0.5488281 0.7644043 0.5458984 0.7724609 0.5458984 0.7918701 0.5581055 0.7960205 0.5488281 0.8000488 0.5488281 0.7644043 0.5581055 0.7684326 0.5458984 0.7724609 0.565918 0.800293 0.5488281 0.8000488 0.5581055 0.7960205 0.565918 0.7642822 0.5581055 0.7684326 0.5488281 0.7644043 0.5688477 0.7921143 0.565918 0.800293 0.5581055 0.7960205 0.565918 0.7642822 0.5688477 0.7724609 0.5581055 0.7684326 0.5688477 0.7921143 0.5839844 0.8005371 0.565918 0.800293 0.5839844 0.7641602 0.5688477 0.7724609 0.565918 0.7642822 0.5727539 0.7822266 0.5839844 0.8005371 0.5688477 0.7921143 0.5839844 0.7641602 0.5727539 0.7822266 0.5688477 0.7724609 0.5839844 0.7641602 0.5839844 0.8005371 0.5727539 0.7822266 0.6015625 0.7641602 0.5839844 0.8005371 0.5839844 0.7641602 0.5839844 0.8005371 0.6015625 0.7641602 0.6015625 0.8005371 0.6015625 0.7641602 0.6191406 0.8005371 0.6015625 0.8005371 0.6191406 0.8005371 0.6015625 0.7641602 0.6191406 0.7641602 0.6191406 0.8005371 0.6191406 0.7641602 0.6362305 0.7641602 0.6191406 0.8005371 0.6362305 0.7641602 0.6362305 0.8005371 0.53125 0.7642822 0.5136719 0.7999268 0.5141602 0.7642822 0.5307617 0.7999268 0.5136719 0.7999268 0.53125 0.7642822 0.5307617 0.7999268 0.53125 0.7642822 0.5395508 0.7821045 0.5488281 0.8000488 0.5307617 0.7999268 0.5395508 0.7821045 0.5395508 0.7821045 0.53125 0.7642822 0.5488281 0.7644043 0.5395508 0.7821045 0.5458984 0.7918701 0.5488281 0.8000488 0.5395508 0.7821045 0.5488281 0.7644043 0.5458984 0.7724609 0.5581055 0.7960205 0.5488281 0.8000488 0.5458984 0.7918701 0.5488281 0.7644043 0.5581055 0.7684326 0.5458984 0.7724609 0.565918 0.800293 0.5488281 0.8000488 0.5581055 0.7960205 0.565918 0.7642822 0.5581055 0.7684326 0.5488281 0.7644043 0.5688477 0.7921143 0.565918 0.800293 0.5581055 0.7960205 0.565918 0.7642822 0.5688477 0.7724609 0.5581055 0.7684326 0.5688477 0.7921143 0.5839844 0.8005371 0.565918 0.800293 0.5839844 0.7641602 0.5688477 0.7724609 0.565918 0.7642822 0.5727539 0.7822266 0.5839844 0.8005371 0.5688477 0.7921143 0.5839844 0.7641602 0.5727539 0.7822266 0.5688477 0.7724609 0.5839844 0.7641602 0.5839844 0.8005371 0.5727539 0.7822266 0.5839844 0.7641602 0.6015625 0.8005371 0.5839844 0.8005371 0.6015625 0.8005371 0.5839844 0.7641602 0.6015625 0.7641602 0.6015625 0.7641602 0.6191406 0.8005371 0.6015625 0.8005371 0.6191406 0.8005371 0.6015625 0.7641602 0.6191406 0.7641602 0.6191406 0.8005371 0.6191406 0.7641602 0.6362305 0.7641602 0.6191406 0.8005371 0.6362305 0.7641602 0.6362305 0.8005371 0.06185913 0.9137573 0.07525634 0.9234619 0.08679199 0.9588623 0.06185913 0.9137573 0.08679199 0.9588623 0.05154418 0.9965057 0.08679199 0.9588623 0.08166503 0.9746399 0.05154418 0.9965057 0.05154418 0.9965057 0.0246582 0.9137573 0.06185913 0.9137573 0.01124572 0.9234619 0.0246582 0.9137573 0.05154418 0.9965057 0.05154418 0.9965057 -2.48671e-4 0.9588623 0.01124572 0.9234619 0.004871368 0.9746399 -2.48671e-4 0.9588623 0.05154418 0.9965057 0.05154418 0.9965057 0.03497314 0.9965057 0.004871368 0.9746399 0.06695556 0.04345703 0.06140136 0.04199218 0.06695556 0.0258789 0.06140136 0.04199218 0.03451538 0.03466796 0.06695556 0.0258789 0.03451538 0.03466796 0.06140136 0.04199218 0.05419921 0.0546875 0.05828857 0.01123046 0.06695556 0.0258789 0.03451538 0.03466796 0.05419921 0.0546875 0.04171752 0.06152343 0.03451538 0.03466796 0.04321289 0.002441406 0.05828857 0.01123046 0.03451538 0.03466796 0.03451538 0.03466796 0.04171752 0.06152343 0.02731323 0.06152343 0.02581787 0.002441406 0.04321289 0.002441406 0.03451538 0.03466796 0.03451538 0.03466796 0.02731323 0.06152343 0.01483154 0.0546875 0.03451538 0.03466796 0.01073455 0.01123046 0.02581787 0.002441406 0.03451538 0.03466796 0.01483154 0.0546875 0.007625579 0.04199218 0.002044677 0.0258789 0.01073455 0.01123046 0.03451538 0.03466796 0.002044677 0.0258789 0.03451538 0.03466796 0.007625579 0.04199218 0.00203514 0.04345703 0.002044677 0.0258789 0.007625579 0.04199218 0.08392333 0.3959961 0.08538818 0.390625 0.06799316 0.390625 0.07666015 0.4228516 0.08392333 0.3959961 0.06799316 0.390625 0.09637451 0.4033203 0.08392333 0.3959961 0.07666015 0.4228516 0.06799316 0.390625 0.05291748 0.3994141 0.07666015 0.4228516 0.09637451 0.4033203 0.07666015 0.4228516 0.1035766 0.4160156 0.05291748 0.3994141 0.04421997 0.4145508 0.07666015 0.4228516 0.1035766 0.4301758 0.1035766 0.4160156 0.07666015 0.4228516 0.04421997 0.4145508 0.04421997 0.4316406 0.07666015 0.4228516 0.09637451 0.4428711 0.1035766 0.4301758 0.07666015 0.4228516 0.04421997 0.4316406 0.05291748 0.4467774 0.07666015 0.4228516 0.08392333 0.4501953 0.09637451 0.4428711 0.07666015 0.4228516 0.05291748 0.4467774 0.06799316 0.4555664 0.07666015 0.4228516 0.06799316 0.4555664 0.08392333 0.4501953 0.07666015 0.4228516 0.06799316 0.4555664 0.08538818 0.4555664 0.08392333 0.4501953 0.2592774 0.496582 0.2469482 0.5100098 0.2705078 0.5 0.2469482 0.5100098 0.2592774 0.496582 0.2348632 0.5061035 0.2469482 0.5100098 0.2348632 0.5061035 0.2386474 0.5241699 0.2478027 0.4912109 0.2348632 0.5061035 0.2592774 0.496582 0.2348632 0.5061035 0.2274169 0.5175781 0.2386474 0.5241699 0.2348632 0.5061035 0.2478027 0.4912109 0.2238769 0.501709 0.2348632 0.5061035 0.2238769 0.501709 0.2274169 0.5175781 0.2390136 0.4853516 0.2238769 0.501709 0.2478027 0.4912109 0.2274169 0.5175781 0.2315673 0.5319824 0.2386474 0.5241699 0.2238769 0.501709 0.2390136 0.4853516 0.2150878 0.4975586 0.2320556 0.4799805 0.2150878 0.4975586 0.2390136 0.4853516 0.2238769 0.501709 0.2167968 0.5119629 0.2274169 0.5175781 0.2167968 0.5119629 0.2238769 0.501709 0.2150878 0.4975586 0.2315673 0.5319824 0.2274169 0.5175781 0.2213134 0.5244141 0.2167968 0.5119629 0.2213134 0.5244141 0.2274169 0.5175781 0.2150878 0.4975586 0.2320556 0.4799805 0.2073974 0.4936524 0.2178955 0.4692383 0.2073974 0.4936524 0.2320556 0.4799805 0.2150878 0.4975586 0.2092285 0.5083008 0.2167968 0.5119629 0.2092285 0.5083008 0.2150878 0.4975586 0.2073974 0.4936524 0.2213134 0.5244141 0.2167968 0.5119629 0.2121582 0.5178223 0.2092285 0.5083008 0.2121582 0.5178223 0.2167968 0.5119629 0.2143554 0.5327149 0.2315673 0.5319824 0.2213134 0.5244141 0.2315673 0.5319824 0.2143554 0.5327149 0.2216796 0.5410156 0.2027587 0.5461426 0.2216796 0.5410156 0.2143554 0.5327149 0.2213134 0.5244141 0.2060546 0.5263672 0.2143554 0.5327149 0.2060546 0.5263672 0.2213134 0.5244141 0.2121582 0.5178223 0.2060546 0.5263672 0.2027587 0.5461426 0.2143554 0.5327149 0.2121582 0.5178223 0.2092285 0.5083008 0.2043457 0.5146484 0.2043457 0.5146484 0.2060546 0.5263672 0.2121582 0.5178223 0.2073974 0.4936524 0.1998291 0.5043945 0.2092285 0.5083008 0.2092285 0.5083008 0.1998291 0.5043945 0.2043457 0.5146484 0.2073974 0.4936524 0.2178955 0.4692383 0.1914062 0.4858399 0.1914062 0.4858399 0.1998291 0.5043945 0.2073974 0.4936524 0.1883544 0.4501953 0.1914062 0.4858399 0.2178955 0.4692383 0.2043457 0.5146484 0.1939697 0.5217285 0.2060546 0.5263672 0.1939697 0.5217285 0.2027587 0.5461426 0.2060546 0.5263672 0.1914062 0.4858399 0.1883544 0.4501953 0.1585693 0.4716797 0.1480712 0.4282227 0.1585693 0.4716797 0.1883544 0.4501953 0.1939697 0.5217285 0.2043457 0.5146484 0.196289 0.5117188 0.2043457 0.5146484 0.1998291 0.5043945 0.196289 0.5117188 0.1998291 0.5043945 0.1914062 0.4858399 0.1846923 0.4990234 0.1998291 0.5043945 0.1846923 0.4990234 0.196289 0.5117188 0.1914062 0.4858399 0.1585693 0.4716797 0.1846923 0.4990234 0.196289 0.5117188 0.1766357 0.5163574 0.1939697 0.5217285 0.1766357 0.5163574 0.2027587 0.5461426 0.1939697 0.5217285 0.1846923 0.4990234 0.1798095 0.5063477 0.196289 0.5117188 0.1766357 0.5163574 0.196289 0.5117188 0.1798095 0.5063477 0.1585693 0.4716797 0.1520996 0.4868164 0.1846923 0.4990234 0.1520996 0.4868164 0.1798095 0.5063477 0.1846923 0.4990234 0.1585693 0.4716797 0.1480712 0.4282227 0.1151123 0.4545899 0.1151123 0.4545899 0.1520996 0.4868164 0.1585693 0.4716797 0.1408691 0.4238281 0.1151123 0.4545899 0.1480712 0.4282227 0.1798095 0.5063477 0.1520996 0.4868164 0.1486816 0.4960938 0.1151123 0.4545899 0.1408691 0.4238281 0.1066284 0.4511719 0.135498 0.418457 0.1066284 0.4511719 0.1408691 0.4238281 0.1066284 0.4511719 0.135498 0.418457 0.09967041 0.4467774 0.09075927 0.4658203 0.1066284 0.4511719 0.09967041 0.4467774 0.1520996 0.4868164 0.1151123 0.4545899 0.1080322 0.4711914 0.1066284 0.4511719 0.1080322 0.4711914 0.1151123 0.4545899 0.1066284 0.4511719 0.09075927 0.4658203 0.09918212 0.4682617 0.1080322 0.4711914 0.1066284 0.4511719 0.09918212 0.4682617 0.0928955 0.4794922 0.09918212 0.4682617 0.09075927 0.4658203 0.1074829 0.4819336 0.1520996 0.4868164 0.1080322 0.4711914 0.1520996 0.4868164 0.1074829 0.4819336 0.1486816 0.4960938 0.09991455 0.4804688 0.1080322 0.4711914 0.09918212 0.4682617 0.09918212 0.4682617 0.0928955 0.4794922 0.09991455 0.4804688 0.1080322 0.4711914 0.09991455 0.4804688 0.1074829 0.4819336 0.09814453 0.4946289 0.09991455 0.4804688 0.0928955 0.4794922 0.09814453 0.4946289 0.1074829 0.4819336 0.09991455 0.4804688 0.1123046 0.4951172 0.1486816 0.4960938 0.1074829 0.4819336 0.1074829 0.4819336 0.09814453 0.4946289 0.1123046 0.4951172 0.1486816 0.4960938 0.1123046 0.4951172 0.1481933 0.5070801 0.1481933 0.5070801 0.1798095 0.5063477 0.1486816 0.4960938 0.1798095 0.5063477 0.1481933 0.5070801 0.1766357 0.5163574 0.1117553 0.5175781 0.1481933 0.5070801 0.1123046 0.4951172 0.1117553 0.5175781 0.1123046 0.4951172 0.09814453 0.4946289 0.1547851 0.5339356 0.1766357 0.5163574 0.1481933 0.5070801 0.1481933 0.5070801 0.1117553 0.5175781 0.1547851 0.5339356 0.1766357 0.5163574 0.1547851 0.5339356 0.2027587 0.5461426 0.09259033 0.5070801 0.1117553 0.5175781 0.09814453 0.4946289 0.1582031 0.5595703 0.2027587 0.5461426 0.1547851 0.5339356 0.112976 0.5446777 0.1547851 0.5339356 0.1117553 0.5175781 0.1547851 0.5339356 0.112976 0.5446777 0.1582031 0.5595703 0.09002685 0.5361328 0.1117553 0.5175781 0.09259033 0.5070801 0.1117553 0.5175781 0.09002685 0.5361328 0.112976 0.5446777 0.2027587 0.5461426 0.1582031 0.5595703 0.2087402 0.5705567 0.2087402 0.5705567 0.2208251 0.5454102 0.2027587 0.5461426 0.112854 0.592041 0.1582031 0.5595703 0.112976 0.5446777 0.2208251 0.5454102 0.2087402 0.5705567 0.2266845 0.5708008 0.1623535 0.6005859 0.2087402 0.5705567 0.1582031 0.5595703 0.1582031 0.5595703 0.112854 0.592041 0.1623535 0.6005859 0.2155761 0.6086426 0.2266845 0.5708008 0.2087402 0.5705567 0.2087402 0.5705567 0.1623535 0.6005859 0.2155761 0.6086426 0.2392578 0.5695801 0.2208251 0.5454102 0.2266845 0.5708008 0.2208251 0.5454102 0.2392578 0.5695801 0.2324218 0.5412598 0.2392578 0.5695801 0.2419433 0.5393067 0.2324218 0.5412598 0.2266845 0.5708008 0.2155761 0.6086426 0.2346191 0.609375 0.2346191 0.609375 0.2392578 0.5695801 0.2266845 0.5708008 0.2419433 0.5393067 0.2392578 0.5695801 0.2492675 0.5683594 0.2419433 0.5393067 0.2492675 0.5683594 0.2570801 0.5371094 0.2392578 0.5695801 0.2346191 0.609375 0.2474365 0.6091309 0.2474365 0.6091309 0.2492675 0.5683594 0.2392578 0.5695801 0.263916 0.5661621 0.2570801 0.5371094 0.2492675 0.5683594 0.263916 0.5661621 0.2746582 0.5539551 0.2570801 0.5371094 0.2746582 0.5539551 0.263916 0.5661621 0.2790527 0.579834 0.2570801 0.6086426 0.263916 0.5661621 0.2492675 0.5683594 0.2492675 0.5683594 0.2474365 0.6091309 0.2570801 0.6086426 0.2717285 0.6069336 0.2790527 0.579834 0.263916 0.5661621 0.263916 0.5661621 0.2570801 0.6086426 0.2717285 0.6069336 0.2790527 0.579834 0.2717285 0.6069336 0.2841797 0.6159668 0.2766113 0.6530762 0.2841797 0.6159668 0.2717285 0.6069336 0.2841797 0.6159668 0.2766113 0.6530762 0.2875977 0.6572266 0.2570801 0.6086426 0.262207 0.6542969 0.2717285 0.6069336 0.2766113 0.6530762 0.2717285 0.6069336 0.262207 0.6542969 0.2780762 0.6936035 0.2875977 0.6572266 0.2766113 0.6530762 0.262207 0.6542969 0.2780762 0.6936035 0.2766113 0.6530762 0.2875977 0.6572266 0.2780762 0.6936035 0.2883301 0.6936035 0.2875977 0.7299805 0.2883301 0.6936035 0.2780762 0.6936035 0.2570801 0.6086426 0.2526856 0.654541 0.262207 0.6542969 0.2526856 0.654541 0.2570801 0.6086426 0.2474365 0.6091309 0.2780762 0.6936035 0.2766113 0.7341309 0.2875977 0.7299805 0.2766113 0.7341309 0.2841797 0.7711182 0.2875977 0.7299805 0.2780762 0.6936035 0.262207 0.6542969 0.263916 0.6936035 0.2841797 0.7711182 0.2766113 0.7341309 0.2717285 0.7801514 0.2717285 0.7801514 0.2790527 0.8073731 0.2841797 0.7711182 0.2780762 0.6936035 0.262207 0.732666 0.2766113 0.7341309 0.2717285 0.7801514 0.2766113 0.7341309 0.262207 0.732666 0.262207 0.732666 0.2780762 0.6936035 0.263916 0.6936035 0.2790527 0.8073731 0.2717285 0.7801514 0.263916 0.8209229 0.263916 0.8209229 0.2746582 0.8331299 0.2790527 0.8073731 0.2746582 0.8331299 0.263916 0.8209229 0.2570801 0.8500977 0.263916 0.6936035 0.262207 0.6542969 0.2543945 0.6936035 0.262207 0.732666 0.263916 0.6936035 0.2543945 0.6936035 0.2526856 0.654541 0.2543945 0.6936035 0.262207 0.6542969 0.2717285 0.7801514 0.262207 0.732666 0.2570801 0.7785645 0.263916 0.8209229 0.2717285 0.7801514 0.2570801 0.7785645 0.262207 0.732666 0.2543945 0.6936035 0.2526856 0.732666 0.2570801 0.7785645 0.262207 0.732666 0.2526856 0.732666 0.2570801 0.8500977 0.263916 0.8209229 0.2492675 0.8186035 0.263916 0.8209229 0.2570801 0.7785645 0.2492675 0.8186035 0.2570801 0.8500977 0.2492675 0.8186035 0.2419433 0.8479004 0.2492675 0.8186035 0.2570801 0.7785645 0.2474365 0.7780762 0.2570801 0.7785645 0.2526856 0.732666 0.2474365 0.7780762 0.2419433 0.8479004 0.2492675 0.8186035 0.2392578 0.817627 0.2492675 0.8186035 0.2474365 0.7780762 0.2392578 0.817627 0.2419433 0.8479004 0.2392578 0.817627 0.2324218 0.8459473 0.2392578 0.817627 0.2208251 0.8416748 0.2324218 0.8459473 0.2474365 0.7780762 0.2526856 0.732666 0.2406005 0.7324219 0.2208251 0.8416748 0.2392578 0.817627 0.2266845 0.8162842 0.2346191 0.77771 0.2392578 0.817627 0.2474365 0.7780762 0.2392578 0.817627 0.2346191 0.77771 0.2266845 0.8162842 0.2474365 0.7780762 0.2406005 0.7324219 0.2346191 0.77771 0.2087402 0.8164063 0.2208251 0.8416748 0.2266845 0.8162842 0.2208251 0.8416748 0.2087402 0.8164063 0.2027587 0.8409424 0.2155761 0.7785645 0.2266845 0.8162842 0.2346191 0.77771 0.2266845 0.8162842 0.2155761 0.7785645 0.2087402 0.8164063 0.2192382 0.7324219 0.2346191 0.77771 0.2406005 0.7324219 0.2346191 0.77771 0.2192382 0.7324219 0.2155761 0.7785645 0.2526856 0.732666 0.2426757 0.6936035 0.2406005 0.7324219 0.2526856 0.732666 0.2543945 0.6936035 0.2426757 0.6936035 0.2543945 0.6936035 0.2526856 0.654541 0.2426757 0.6936035 0.2198486 0.6936035 0.2406005 0.7324219 0.2426757 0.6936035 0.2406005 0.7324219 0.2198486 0.6936035 0.2192382 0.7324219 0.2406005 0.6547852 0.2426757 0.6936035 0.2526856 0.654541 0.2406005 0.6547852 0.2198486 0.6936035 0.2426757 0.6936035 0.2474365 0.6091309 0.2406005 0.6547852 0.2526856 0.654541 0.2406005 0.6547852 0.2474365 0.6091309 0.2346191 0.609375 0.2346191 0.609375 0.2192382 0.6547852 0.2406005 0.6547852 0.2198486 0.6936035 0.2406005 0.6547852 0.2192382 0.6547852 0.2192382 0.6547852 0.2346191 0.609375 0.2155761 0.6086426 0.2192382 0.6547852 0.1634521 0.6936035 0.2198486 0.6936035 0.2192382 0.7324219 0.2198486 0.6936035 0.1634521 0.6936035 0.2192382 0.6547852 0.2155761 0.6086426 0.1639404 0.6518555 0.1634521 0.6936035 0.2192382 0.6547852 0.1639404 0.6518555 0.2155761 0.6086426 0.1623535 0.6005859 0.1639404 0.6518555 0.2192382 0.7324219 0.1634521 0.6936035 0.1639404 0.7353516 0.2192382 0.7324219 0.1639404 0.7353516 0.2155761 0.7785645 0.1639404 0.6518555 0.1110839 0.6936035 0.1634521 0.6936035 0.1110839 0.6936035 0.1639404 0.7353516 0.1634521 0.6936035 0.1623535 0.6005859 0.1118164 0.6472168 0.1639404 0.6518555 0.1110839 0.6936035 0.1639404 0.6518555 0.1118164 0.6472168 0.1118164 0.6472168 0.1623535 0.6005859 0.112854 0.592041 0.2155761 0.7785645 0.1639404 0.7353516 0.1623535 0.786499 0.1623535 0.786499 0.2087402 0.8164063 0.2155761 0.7785645 0.1639404 0.7353516 0.1110839 0.6936035 0.1118164 0.7399902 0.1118164 0.7399902 0.1623535 0.786499 0.1639404 0.7353516 0.1118164 0.6472168 0.08605957 0.6936035 0.1110839 0.6936035 0.08605957 0.6936035 0.1118164 0.7399902 0.1110839 0.6936035 0.2087402 0.8164063 0.1623535 0.786499 0.1582031 0.8275147 0.1582031 0.8275147 0.2027587 0.8409424 0.2087402 0.8164063 0.1623535 0.786499 0.1118164 0.7399902 0.112854 0.795044 0.112854 0.795044 0.1582031 0.8275147 0.1623535 0.786499 0.1118164 0.7399902 0.08605957 0.6936035 0.08569335 0.7419434 0.112854 0.795044 0.1118164 0.7399902 0.08569335 0.7419434 0.08605957 0.6936035 0.1118164 0.6472168 0.08569335 0.6452637 0.112854 0.592041 0.08569335 0.6452637 0.1118164 0.6472168 0.08569335 0.7419434 0.08605957 0.6936035 0.07159423 0.6936035 0.08605957 0.6936035 0.08569335 0.6452637 0.07159423 0.6936035 0.08569335 0.6452637 0.112854 0.592041 0.0871582 0.5871582 0.112976 0.5446777 0.0871582 0.5871582 0.112854 0.592041 0.0871582 0.5871582 0.112976 0.5446777 0.09002685 0.5361328 0.0871582 0.5871582 0.07104492 0.644043 0.08569335 0.6452637 0.07104492 0.644043 0.07159423 0.6936035 0.08569335 0.6452637 0.09002685 0.5361328 0.07342529 0.5842285 0.0871582 0.5871582 0.07104492 0.644043 0.0871582 0.5871582 0.07342529 0.5842285 0.07342529 0.5842285 0.09002685 0.5361328 0.07757568 0.5310059 0.09259033 0.5070801 0.07757568 0.5310059 0.09002685 0.5361328 0.07104492 0.644043 0.07342529 0.5842285 0.06005859 0.5844727 0.07757568 0.5310059 0.09259033 0.5070801 0.08105468 0.5009766 0.09259033 0.5070801 0.09814453 0.4946289 0.08105468 0.5009766 0.07342529 0.5842285 0.07757568 0.5310059 0.06506347 0.5292969 0.08105468 0.5009766 0.06506347 0.5292969 0.07757568 0.5310059 0.07342529 0.5842285 0.06506347 0.5292969 0.06005859 0.5844727 0.08105468 0.5009766 0.09814453 0.4946289 0.08331298 0.4887695 0.08331298 0.4887695 0.09814453 0.4946289 0.08709716 0.4833984 0.07409667 0.4780274 0.08331298 0.4887695 0.08709716 0.4833984 0.08105468 0.5009766 0.08331298 0.4887695 0.06921386 0.4975586 0.06506347 0.5292969 0.08105468 0.5009766 0.06921386 0.4975586 0.08331298 0.4887695 0.07409667 0.4780274 0.07135009 0.4863281 0.08331298 0.4887695 0.07135009 0.4863281 0.06921386 0.4975586 0.0533142 0.4790039 0.07135009 0.4863281 0.07409667 0.4780274 0.05340576 0.4887695 0.06921386 0.4975586 0.07135009 0.4863281 0.07135009 0.4863281 0.0533142 0.4790039 0.05340576 0.4887695 0.01582336 0.5083008 0.0533142 0.4790039 0.01401519 0.4995117 0.0533142 0.4790039 0.01582336 0.5083008 0.05340576 0.4887695 0.06921386 0.4975586 0.05340576 0.4887695 0.05111694 0.4975586 0.05340576 0.4887695 0.01582336 0.5083008 0.05111694 0.4975586 0.05111694 0.4975586 0.06506347 0.5292969 0.06921386 0.4975586 0.05111694 0.4975586 0.01582336 0.5083008 0.01390075 0.5170899 0.05111694 0.4975586 0.01390075 0.5170899 0.04458618 0.5239258 0.06506347 0.5292969 0.05111694 0.4975586 0.04458618 0.5239258 0.04458618 0.5239258 0.01390075 0.5170899 0.00843048 0.5439453 0.06506347 0.5292969 0.04458618 0.5239258 0.03674316 0.579834 0.03674316 0.579834 0.04458618 0.5239258 0.00843048 0.5439453 0.06005859 0.5844727 0.06506347 0.5292969 0.03674316 0.579834 0.00843048 0.5439453 0.002799987 0.5949707 0.03674316 0.579834 0.002799987 0.5949707 0.03405761 0.6455078 0.03674316 0.579834 0.03674316 0.579834 0.03405761 0.6455078 0.06005859 0.5844727 0.03405761 0.6455078 0.002799987 0.5949707 7.36713e-4 0.6650391 0.0142517 0.6738281 0.03405761 0.6455078 7.36713e-4 0.6650391 0.05786132 0.6447754 0.06005859 0.5844727 0.03405761 0.6455078 0.07104492 0.644043 0.06005859 0.5844727 0.05786132 0.6447754 0.07159423 0.6936035 0.07104492 0.644043 0.05786132 0.6447754 0.03405761 0.6455078 0.0142517 0.6738281 0.03384399 0.6936035 0.0142517 0.7133789 0.03384399 0.6936035 0.0142517 0.6738281 0.03405761 0.6455078 0.05801391 0.6936035 0.05786132 0.6447754 0.05801391 0.6936035 0.03405761 0.6455078 0.03384399 0.6936035 0.07159423 0.6936035 0.05786132 0.6447754 0.05801391 0.6936035 0.0142517 0.7133789 0.03405761 0.7416992 0.03384399 0.6936035 0.03405761 0.7416992 0.05801391 0.6936035 0.03384399 0.6936035 0.0142517 0.7133789 7.36713e-4 0.722168 0.03405761 0.7416992 0.002799987 0.7921143 0.03405761 0.7416992 7.36713e-4 0.722168 0.05801391 0.6936035 0.05786132 0.7424317 0.07159423 0.6936035 0.05801391 0.6936035 0.03405761 0.7416992 0.05786132 0.7424317 0.07104492 0.7431641 0.07159423 0.6936035 0.05786132 0.7424317 0.08569335 0.7419434 0.07159423 0.6936035 0.07104492 0.7431641 0.03405761 0.7416992 0.06005859 0.8027344 0.05786132 0.7424317 0.06005859 0.8027344 0.07104492 0.7431641 0.05786132 0.7424317 0.03405761 0.7416992 0.002799987 0.7921143 0.03674316 0.807251 0.06005859 0.8027344 0.03405761 0.7416992 0.03674316 0.807251 0.00843048 0.8431397 0.03674316 0.807251 0.002799987 0.7921143 0.07104492 0.7431641 0.0871582 0.7999268 0.08569335 0.7419434 0.112854 0.795044 0.08569335 0.7419434 0.0871582 0.7999268 0.04458618 0.8632813 0.03674316 0.807251 0.00843048 0.8431397 0.04458618 0.8632813 0.00843048 0.8431397 0.01390075 0.8701172 0.0871582 0.7999268 0.112976 0.8422852 0.112854 0.795044 0.1582031 0.8275147 0.112854 0.795044 0.112976 0.8422852 0.01390075 0.8701172 0.05111694 0.8895874 0.04458618 0.8632813 0.05111694 0.8895874 0.01390075 0.8701172 0.01582336 0.8788452 0.06506347 0.8577881 0.03674316 0.807251 0.04458618 0.8632813 0.05111694 0.8895874 0.06506347 0.8577881 0.04458618 0.8632813 0.03674316 0.807251 0.06506347 0.8577881 0.06005859 0.8027344 0.01582336 0.8788452 0.05340576 0.8984375 0.05111694 0.8895874 0.0533142 0.9083252 0.01582336 0.8788452 0.01401519 0.8878784 0.01582336 0.8788452 0.0533142 0.9083252 0.05340576 0.8984375 0.05340576 0.8984375 0.06921386 0.8896484 0.05111694 0.8895874 0.06506347 0.8577881 0.05111694 0.8895874 0.06921386 0.8896484 0.0533142 0.9083252 0.07135009 0.9008789 0.05340576 0.8984375 0.06921386 0.8896484 0.05340576 0.8984375 0.07135009 0.9008789 0.07135009 0.9008789 0.0533142 0.9083252 0.07409667 0.9091187 0.07409667 0.9091187 0.08331298 0.8985596 0.07135009 0.9008789 0.08331298 0.8985596 0.06921386 0.8896484 0.07135009 0.9008789 0.08331298 0.8985596 0.07409667 0.9091187 0.08709716 0.9038696 0.08331298 0.8985596 0.08709716 0.9038696 0.09814453 0.8927002 0.06921386 0.8896484 0.08331298 0.8985596 0.08105468 0.8859863 0.06506347 0.8577881 0.06921386 0.8896484 0.08105468 0.8859863 0.08105468 0.8859863 0.08331298 0.8985596 0.09814453 0.8927002 0.08105468 0.8859863 0.07757568 0.8562012 0.06506347 0.8577881 0.06005859 0.8027344 0.06506347 0.8577881 0.07342529 0.8028565 0.07342529 0.8028565 0.06506347 0.8577881 0.07757568 0.8562012 0.07104492 0.7431641 0.06005859 0.8027344 0.07342529 0.8028565 0.0871582 0.7999268 0.07104492 0.7431641 0.07342529 0.8028565 0.09259033 0.8798828 0.07757568 0.8562012 0.08105468 0.8859863 0.09259033 0.8798828 0.08105468 0.8859863 0.09814453 0.8927002 0.09002685 0.8510742 0.07342529 0.8028565 0.07757568 0.8562012 0.07342529 0.8028565 0.09002685 0.8510742 0.0871582 0.7999268 0.07757568 0.8562012 0.09259033 0.8798828 0.09002685 0.8510742 0.112976 0.8422852 0.0871582 0.7999268 0.09002685 0.8510742 0.09002685 0.8510742 0.09259033 0.8798828 0.1117553 0.8693848 0.1117553 0.8693848 0.112976 0.8422852 0.09002685 0.8510742 0.09259033 0.8798828 0.09814453 0.8927002 0.1117553 0.8693848 0.1547851 0.8532715 0.112976 0.8422852 0.1117553 0.8693848 0.112976 0.8422852 0.1547851 0.8532715 0.1582031 0.8275147 0.2027587 0.8409424 0.1582031 0.8275147 0.1547851 0.8532715 0.1117553 0.8693848 0.09814453 0.8927002 0.1123046 0.8920288 0.1117553 0.8693848 0.1481933 0.880127 0.1547851 0.8532715 0.1481933 0.880127 0.1117553 0.8693848 0.1123046 0.8920288 0.1547851 0.8532715 0.1766357 0.8708496 0.2027587 0.8409424 0.1766357 0.8708496 0.1547851 0.8532715 0.1481933 0.880127 0.09814453 0.8927002 0.1074829 0.9050903 0.1123046 0.8920288 0.1123046 0.8920288 0.1486816 0.8912964 0.1481933 0.880127 0.1486816 0.8912964 0.1123046 0.8920288 0.1074829 0.9050903 0.1481933 0.880127 0.1486816 0.8912964 0.1798095 0.8807983 0.1766357 0.8708496 0.1481933 0.880127 0.1798095 0.8807983 0.1074829 0.9050903 0.1520996 0.9004517 0.1486816 0.8912964 0.1520996 0.9004517 0.1798095 0.8807983 0.1486816 0.8912964 0.1074829 0.9050903 0.09814453 0.8927002 0.09991455 0.9068604 0.09814453 0.8927002 0.0928955 0.9075928 0.09991455 0.9068604 0.09991455 0.9068604 0.1080322 0.9159546 0.1074829 0.9050903 0.1520996 0.9004517 0.1074829 0.9050903 0.1080322 0.9159546 0.0928955 0.9075928 0.09918212 0.9188233 0.09991455 0.9068604 0.1080322 0.9159546 0.09991455 0.9068604 0.09918212 0.9188233 0.09918212 0.9188233 0.0928955 0.9075928 0.09075927 0.9215698 0.09075927 0.9215698 0.1066284 0.9358521 0.09918212 0.9188233 0.1080322 0.9159546 0.09918212 0.9188233 0.1066284 0.9358521 0.1066284 0.9358521 0.09075927 0.9215698 0.09967041 0.9403381 0.135498 0.9685059 0.1066284 0.9358521 0.09967041 0.9403381 0.1066284 0.9358521 0.135498 0.9685059 0.1408691 0.9631348 0.1151123 0.9323731 0.1080322 0.9159546 0.1066284 0.9358521 0.1408691 0.9631348 0.1151123 0.9323731 0.1066284 0.9358521 0.1520996 0.9004517 0.1080322 0.9159546 0.1151123 0.9323731 0.1151123 0.9323731 0.1408691 0.9631348 0.1480712 0.9588013 0.1480712 0.9588013 0.1585693 0.9157105 0.1151123 0.9323731 0.1151123 0.9323731 0.1585693 0.9157105 0.1520996 0.9004517 0.1585693 0.9157105 0.1480712 0.9588013 0.1883544 0.9371948 0.1585693 0.9157105 0.1846923 0.8881836 0.1520996 0.9004517 0.1798095 0.8807983 0.1520996 0.9004517 0.1846923 0.8881836 0.1883544 0.9371948 0.1914062 0.9011841 0.1585693 0.9157105 0.1846923 0.8881836 0.1585693 0.9157105 0.1914062 0.9011841 0.1914062 0.9011841 0.1883544 0.9371948 0.2178955 0.9180298 0.1846923 0.8881836 0.196289 0.8754273 0.1798095 0.8807983 0.1766357 0.8708496 0.1798095 0.8807983 0.196289 0.8754273 0.1998291 0.8825684 0.1846923 0.8881836 0.1914062 0.9011841 0.196289 0.8754273 0.1846923 0.8881836 0.1998291 0.8825684 0.2178955 0.9180298 0.2073974 0.8934937 0.1914062 0.9011841 0.1914062 0.9011841 0.2073974 0.8934937 0.1998291 0.8825684 0.2073974 0.8934937 0.2178955 0.9180298 0.2320556 0.9070435 0.1939697 0.8653565 0.1766357 0.8708496 0.196289 0.8754273 0.1766357 0.8708496 0.1939697 0.8653565 0.2027587 0.8409424 0.2320556 0.9070435 0.2150878 0.8894043 0.2073974 0.8934937 0.2150878 0.8894043 0.2320556 0.9070435 0.2390136 0.9017944 0.2043457 0.8724365 0.1939697 0.8653565 0.196289 0.8754273 0.2043457 0.8724365 0.196289 0.8754273 0.1998291 0.8825684 0.2073974 0.8934937 0.2092285 0.8786621 0.1998291 0.8825684 0.1998291 0.8825684 0.2092285 0.8786621 0.2043457 0.8724365 0.2092285 0.8786621 0.2073974 0.8934937 0.2150878 0.8894043 0.1939697 0.8653565 0.2043457 0.8724365 0.2060546 0.8607178 0.1939697 0.8653565 0.2060546 0.8607178 0.2027587 0.8409424 0.2092285 0.8786621 0.2121582 0.8693848 0.2043457 0.8724365 0.2043457 0.8724365 0.2121582 0.8693848 0.2060546 0.8607178 0.2150878 0.8894043 0.2167968 0.8751221 0.2092285 0.8786621 0.2121582 0.8693848 0.2092285 0.8786621 0.2167968 0.8751221 0.2390136 0.9017944 0.2238769 0.8852539 0.2150878 0.8894043 0.2167968 0.8751221 0.2150878 0.8894043 0.2238769 0.8852539 0.2238769 0.8852539 0.2390136 0.9017944 0.2478027 0.8961792 0.2167968 0.8751221 0.2213134 0.8626709 0.2121582 0.8693848 0.2213134 0.8626709 0.2060546 0.8607178 0.2121582 0.8693848 0.2167968 0.8751221 0.2238769 0.8852539 0.2274169 0.8695068 0.2213134 0.8626709 0.2167968 0.8751221 0.2274169 0.8695068 0.2478027 0.8961792 0.2348632 0.8809204 0.2238769 0.8852539 0.2348632 0.8809204 0.2274169 0.8695068 0.2238769 0.8852539 0.2348632 0.8809204 0.2478027 0.8961792 0.2592774 0.890686 0.2469482 0.8770752 0.2592774 0.890686 0.2705078 0.8870239 0.2592774 0.890686 0.2469482 0.8770752 0.2348632 0.8809204 0.2469482 0.8770752 0.2386474 0.862915 0.2348632 0.8809204 0.2348632 0.8809204 0.2386474 0.862915 0.2274169 0.8695068 0.2315673 0.8551025 0.2274169 0.8695068 0.2386474 0.862915 0.2274169 0.8695068 0.2315673 0.8551025 0.2213134 0.8626709 0.2143554 0.8543701 0.2213134 0.8626709 0.2315673 0.8551025 0.2060546 0.8607178 0.2213134 0.8626709 0.2143554 0.8543701 0.2060546 0.8607178 0.2143554 0.8543701 0.2027587 0.8409424 0.2315673 0.8551025 0.2216796 0.8459473 0.2143554 0.8543701 0.2027587 0.8409424 0.2143554 0.8543701 0.2216796 0.8459473 0.7451172 0.002441406 0.7353516 0.046875 0.7353516 0.002441406 0.7353516 0.046875 0.7451172 0.002441406 0.7451172 0.046875 0.7451172 0.046875 0.7353516 0.09033203 0.7353516 0.046875 0.7451172 0.046875 0.7451172 0.002441406 0.7900391 0.002441406 0.7353516 0.09033203 0.7451172 0.046875 0.7451172 0.09033203 0.7451172 0.046875 0.7900391 0.002441406 0.7900391 0.046875 0.7451172 0.09033203 0.7451172 0.046875 0.7900391 0.046875 0.7451172 0.09033203 0.7451172 0.1396484 0.7353516 0.09033203 0.7451172 0.1396484 0.7353516 0.1396484 0.7353516 0.09033203 0.7451172 0.1396484 0.7353516 0.1816406 0.7353516 0.1396484 0.7451172 0.09033203 0.7900391 0.046875 0.7900391 0.09033203 0.7451172 0.1396484 0.7451172 0.09033203 0.7900391 0.09033203 0.7900391 0.002441406 0.8378906 0.046875 0.7900391 0.046875 0.8378906 0.046875 0.7900391 0.002441406 0.8378906 0.002441406 0.8544922 0.046875 0.8378906 0.002441406 0.8544922 0.002441406 0.8378906 0.002441406 0.8544922 0.046875 0.8378906 0.046875 0.8544922 0.09033203 0.8378906 0.046875 0.8544922 0.046875 0.8378906 0.09033203 0.7900391 0.046875 0.8378906 0.046875 0.8378906 0.046875 0.8544922 0.09033203 0.8378906 0.09033203 0.7900391 0.046875 0.8378906 0.09033203 0.7900391 0.09033203 0.8544922 0.1396484 0.8378906 0.09033203 0.8544922 0.09033203 0.8378906 0.09033203 0.7900391 0.1396484 0.7900391 0.09033203 0.7451172 0.1396484 0.7900391 0.09033203 0.7900391 0.1396484 0.8378906 0.09033203 0.8544922 0.1396484 0.8378906 0.1396484 0.7900391 0.1396484 0.8378906 0.09033203 0.8378906 0.1396484 0.8378906 0.1816406 0.8378906 0.1396484 0.8544922 0.1396484 0.7900391 0.1396484 0.8378906 0.1396484 0.8378906 0.1816406 0.8544922 0.1396484 0.8544922 0.1816406 0.8378906 0.1816406 0.7451172 0.1816406 0.7451172 0.1396484 0.7900391 0.1396484 0.7353516 0.1816406 0.7451172 0.1396484 0.7451172 0.1816406 0.7900391 0.1816406 0.7900391 0.1396484 0.8378906 0.1816406 0.7451172 0.1816406 0.7900391 0.1396484 0.7900391 0.1816406 0.8378906 0.2255859 0.8378906 0.1816406 0.8544922 0.1816406 0.8378906 0.2255859 0.7900391 0.1816406 0.8378906 0.1816406 0.8544922 0.1816406 0.8544922 0.2255859 0.8378906 0.2255859 0.7900391 0.2255859 0.7451172 0.1816406 0.7900391 0.1816406 0.7900391 0.1816406 0.8378906 0.2255859 0.7900391 0.2255859 0.7451172 0.2255859 0.7353516 0.1816406 0.7451172 0.1816406 0.7451172 0.1816406 0.7900391 0.2255859 0.7451172 0.2255859 0.7353516 0.1816406 0.7451172 0.2255859 0.7353516 0.2255859 0.7451172 0.2709961 0.7353516 0.2255859 0.7451172 0.2255859 0.7451172 0.2709961 0.7451172 0.2255859 0.7900391 0.2255859 0.7353516 0.2255859 0.7451172 0.2709961 0.7353516 0.2709961 0.8378906 0.2255859 0.7900391 0.2709961 0.7900391 0.2255859 0.7451172 0.2709961 0.7900391 0.2255859 0.7900391 0.2709961 0.8378906 0.2709961 0.8378906 0.2255859 0.8544922 0.2255859 0.7900391 0.2709961 0.8378906 0.2255859 0.8378906 0.2709961 0.8378906 0.2709961 0.8544922 0.2255859 0.8544922 0.2709961 0.7900391 0.3183594 0.7451172 0.2709961 0.7900391 0.2709961 0.8378906 0.2709961 0.7900391 0.3183594 0.7900391 0.2709961 0.7451172 0.3183594 0.7353516 0.2709961 0.7451172 0.2709961 0.7451172 0.2709961 0.7900391 0.3183594 0.7451172 0.3183594 0.7353516 0.2709961 0.7451172 0.3183594 0.7353516 0.3183594 0.8378906 0.3183594 0.8378906 0.2709961 0.8544922 0.2709961 0.7900391 0.3183594 0.8378906 0.2709961 0.8378906 0.3183594 0.8378906 0.3183594 0.8544922 0.2709961 0.8544922 0.3183594 0.8544922 0.3623047 0.8378906 0.3183594 0.8544922 0.3183594 0.7451172 0.3623047 0.7353516 0.3183594 0.7451172 0.3183594 0.7451172 0.3623047 0.7451172 0.3183594 0.7900391 0.3183594 0.7353516 0.3183594 0.7451172 0.3623047 0.7353516 0.3623047 0.7451172 0.3623047 0.7353516 0.4067383 0.7353516 0.3623047 0.8378906 0.3183594 0.7900391 0.3623047 0.7900391 0.3183594 0.7451172 0.3623047 0.7900391 0.3183594 0.7900391 0.3623047 0.8378906 0.3183594 0.8544922 0.3623047 0.8378906 0.3623047 0.7900391 0.3623047 0.8378906 0.3183594 0.8378906 0.3623047 0.8544922 0.4067383 0.8378906 0.3623047 0.8544922 0.3623047 0.7353516 0.4067383 0.7451172 0.3623047 0.7451172 0.4067383 0.7451172 0.4067383 0.7451172 0.3623047 0.7900391 0.3623047 0.7451172 0.4067383 0.7353516 0.4501953 0.7353516 0.4067383 0.8378906 0.3623047 0.7900391 0.4067383 0.7900391 0.3623047 0.7451172 0.4067383 0.7900391 0.3623047 0.7900391 0.4067383 0.8378906 0.3623047 0.8544922 0.4067383 0.8378906 0.4067383 0.7900391 0.4067383 0.8378906 0.3623047 0.8378906 0.4067383 0.8544922 0.4501953 0.8378906 0.4067383 0.8544922 0.4067383 0.7353516 0.4501953 0.7451172 0.4067383 0.7451172 0.4501953 0.7451172 0.4501953 0.7451172 0.4067383 0.7900391 0.4067383 0.7451172 0.4501953 0.7353516 0.4931641 0.7353516 0.4501953 0.8378906 0.4067383 0.8544922 0.4501953 0.8378906 0.4501953 0.8544922 0.4931641 0.8378906 0.4501953 0.8544922 0.4501953 0.8378906 0.4067383 0.7900391 0.4501953 0.7900391 0.4067383 0.7900391 0.4501953 0.8378906 0.4067383 0.8378906 0.4501953 0.7451172 0.4501953 0.7900391 0.4067383 0.7900391 0.4501953 0.8378906 0.4501953 0.8544922 0.4931641 0.8378906 0.4931641 0.8378906 0.4931641 0.7900391 0.4501953 0.8378906 0.4501953 0.8544922 0.5383301 0.8378906 0.4931641 0.8544922 0.4931641 0.7451172 0.4931641 0.7451172 0.4501953 0.7900391 0.4501953 0.7353516 0.4931641 0.7451172 0.4501953 0.7451172 0.4931641 0.7451172 0.4931641 0.7900391 0.4501953 0.7900391 0.4931641 0.7900391 0.4501953 0.8378906 0.4931641 0.7900391 0.4931641 0.7451172 0.4931641 0.7451172 0.5383301 0.7353516 0.4931641 0.7451172 0.5383301 0.7451172 0.4931641 0.7900391 0.4931641 0.7353516 0.4931641 0.7451172 0.5383301 0.7353516 0.5383301 0.8378906 0.4931641 0.7900391 0.5383301 0.7900391 0.4931641 0.7451172 0.5383301 0.7900391 0.4931641 0.7900391 0.5383301 0.7900391 0.5383301 0.8378906 0.4931641 0.8378906 0.5383301 0.8378906 0.4931641 0.8544922 0.5383301 0.8378906 0.5383301 0.7900391 0.5842285 0.7451172 0.5383301 0.7900391 0.5383301 0.8378906 0.5383301 0.7900391 0.5842285 0.7900391 0.5383301 0.7451172 0.5842285 0.7353516 0.5383301 0.7451172 0.5383301 0.7451172 0.5383301 0.7900391 0.5842285 0.7451172 0.5842285 0.7353516 0.5383301 0.7451172 0.5842285 0.7353516 0.5842285 0.8378906 0.5842285 0.8378906 0.5383301 0.8544922 0.5383301 0.7900391 0.5842285 0.8378906 0.5383301 0.8378906 0.5842285 0.8544922 0.5383301 0.8544922 0.5842285 0.8378906 0.5842285 0.8378906 0.6298828 0.8378906 0.5842285 0.8544922 0.5842285 0.8378906 0.6298828 0.7900391 0.5842285 0.8378906 0.5842285 0.8378906 0.6298828 0.8544922 0.5842285 0.8544922 0.6298828 0.7900391 0.6298828 0.7451172 0.5842285 0.7900391 0.5842285 0.7900391 0.5842285 0.8378906 0.6298828 0.7900391 0.6298828 0.7451172 0.6298828 0.7353516 0.5842285 0.7451172 0.5842285 0.7451172 0.5842285 0.7900391 0.6298828 0.7451172 0.6298828 0.7353516 0.5842285 0.7451172 0.6298828 0.7353516 0.6298828 0.8378906 0.6298828 0.7900391 0.6713867 0.7900391 0.6298828 0.7900391 0.6713867 0.7451172 0.6298828 0.7900391 0.6298828 0.8378906 0.6713867 0.8378906 0.6298828 0.8544922 0.6298828 0.7900391 0.6713867 0.8378906 0.6298828 0.8378906 0.6713867 0.8378906 0.6713867 0.8544922 0.6298828 0.8544922 0.6713867 0.8544922 0.6713867 0.8378906 0.7175293 0.8378906 0.6713867 0.8378906 0.7175293 0.8544922 0.6713867 0.8544922 0.7175293 0.8378906 0.7175293 0.7900391 0.6713867 0.8378906 0.6713867 0.7900391 0.6713867 0.8378906 0.7175293 0.7900391 0.7175293 0.7451172 0.6298828 0.7900391 0.6713867 0.7451172 0.6713867 0.7451172 0.6713867 0.7900391 0.6713867 0.7900391 0.7175293 0.7451172 0.6713867 0.7353516 0.6298828 0.7451172 0.6298828 0.7451172 0.7175293 0.7451172 0.6713867 0.7900391 0.7175293 0.7353516 0.6298828 0.7451172 0.6713867 0.7353516 0.6713867 0.7451172 0.7175293 0.7353516 0.6713867 0.7451172 0.6713867 0.7353516 0.6713867 0.7451172 0.7175293 0.7353516 0.7175293 0.9677734 0.002441406 0.9780274 0.04492187 0.9780274 0.002441406 0.9780274 0.04492187 0.9677734 0.002441406 0.9677734 0.04492187 0.9677734 0.04492187 0.9780274 0.08789062 0.9780274 0.04492187 0.9677734 0.04492187 0.9677734 0.002441406 0.9233399 0.002441406 0.9780274 0.08789062 0.9677734 0.04492187 0.9677734 0.08789062 0.9677734 0.08789062 0.9780274 0.1362304 0.9780274 0.08789062 0.9677734 0.04492187 0.9233399 0.002441406 0.9233399 0.04492187 0.9677734 0.08789062 0.9677734 0.04492187 0.9233399 0.04492187 0.9780274 0.1362304 0.9677734 0.08789062 0.9677734 0.1362304 0.9677734 0.1362304 0.9780274 0.1831054 0.9780274 0.1362304 0.9677734 0.08789062 0.9233399 0.04492187 0.9233399 0.08789062 0.9677734 0.1362304 0.9677734 0.08789062 0.9233399 0.08789062 0.9233399 0.002441406 0.875 0.04492187 0.9233399 0.04492187 0.875 0.04492187 0.9233399 0.002441406 0.875 0.002441406 0.8588867 0.002441406 0.8588867 0.04492187 0.875 0.002441406 0.875 0.04492187 0.875 0.002441406 0.8588867 0.04492187 0.8588867 0.08789062 0.875 0.04492187 0.8588867 0.04492187 0.875 0.08789062 0.9233399 0.04492187 0.875 0.04492187 0.875 0.04492187 0.8588867 0.08789062 0.875 0.08789062 0.9233399 0.04492187 0.875 0.08789062 0.9233399 0.08789062 0.8588867 0.1362304 0.875 0.08789062 0.8588867 0.08789062 0.875 0.08789062 0.8588867 0.1362304 0.875 0.1362304 0.875 0.1362304 0.9233399 0.08789062 0.875 0.08789062 0.8588867 0.1831054 0.875 0.1362304 0.8588867 0.1362304 0.9233399 0.08789062 0.875 0.1362304 0.9233399 0.1362304 0.9677734 0.1362304 0.9233399 0.08789062 0.9233399 0.1362304 0.875 0.1362304 0.8588867 0.1831054 0.875 0.1831054 0.9677734 0.1831054 0.9677734 0.1362304 0.9233399 0.1362304 0.9780274 0.1831054 0.9677734 0.1362304 0.9677734 0.1831054 0.875 0.1362304 0.9233399 0.1831054 0.9233399 0.1362304 0.9677734 0.1831054 0.9233399 0.1362304 0.9233399 0.1831054 0.9233399 0.1831054 0.875 0.1362304 0.875 0.1831054 0.9677734 0.227539 0.9780274 0.1831054 0.9677734 0.1831054 0.9780274 0.1831054 0.9677734 0.227539 0.9780274 0.227539 0.9233399 0.227539 0.9677734 0.1831054 0.9233399 0.1831054 0.875 0.1831054 0.9233399 0.227539 0.9233399 0.1831054 0.9677734 0.1831054 0.9233399 0.227539 0.9677734 0.227539 0.9677734 0.227539 0.9780274 0.2705078 0.9780274 0.227539 0.9233399 0.227539 0.875 0.1831054 0.875 0.227539 0.875 0.227539 0.875 0.1831054 0.8588867 0.1831054 0.8588867 0.1831054 0.8588867 0.227539 0.875 0.227539 0.9233399 0.2705078 0.9677734 0.227539 0.9233399 0.227539 0.875 0.227539 0.9233399 0.2705078 0.9233399 0.227539 0.9780274 0.2705078 0.9677734 0.227539 0.9677734 0.2705078 0.9677734 0.227539 0.9233399 0.2705078 0.9677734 0.2705078 0.875 0.2705078 0.875 0.227539 0.8588867 0.227539 0.9233399 0.2705078 0.875 0.227539 0.875 0.2705078 0.875 0.2705078 0.8588867 0.227539 0.8588867 0.2705078 0.9677734 0.3198242 0.9780274 0.2705078 0.9677734 0.2705078 0.9677734 0.3198242 0.9677734 0.2705078 0.9233399 0.2705078 0.9780274 0.2705078 0.9677734 0.3198242 0.9780274 0.3198242 0.875 0.2705078 0.9233399 0.3198242 0.9233399 0.2705078 0.9677734 0.3198242 0.9233399 0.2705078 0.9233399 0.3198242 0.875 0.3198242 0.875 0.2705078 0.8588867 0.2705078 0.9233399 0.3198242 0.875 0.2705078 0.875 0.3198242 0.875 0.3198242 0.8588867 0.2705078 0.8588867 0.3198242 0.8588867 0.3598633 0.875 0.3198242 0.8588867 0.3198242 0.9233399 0.3598633 0.9677734 0.3198242 0.9233399 0.3198242 0.875 0.3198242 0.9233399 0.3598633 0.9233399 0.3198242 0.875 0.3198242 0.8588867 0.3598633 0.875 0.3598633 0.9233399 0.3598633 0.875 0.3198242 0.875 0.3598633 0.8588867 0.4057617 0.875 0.3598633 0.8588867 0.3598633 0.875 0.3598633 0.8588867 0.4057617 0.875 0.4057617 0.875 0.4057617 0.9233399 0.3598633 0.875 0.3598633 0.8588867 0.449707 0.875 0.4057617 0.8588867 0.4057617 0.9677734 0.3198242 0.9233399 0.3598633 0.9677734 0.3598633 0.9677734 0.3598633 0.9780274 0.3198242 0.9677734 0.3198242 0.9780274 0.3198242 0.9677734 0.3598633 0.9780274 0.3598633 0.9677734 0.3598633 0.9780274 0.4057617 0.9780274 0.3598633 0.875 0.4057617 0.8588867 0.449707 0.875 0.449707 0.8588867 0.496582 0.875 0.449707 0.8588867 0.449707 0.9780274 0.4057617 0.9677734 0.3598633 0.9677734 0.4057617 0.9677734 0.4057617 0.9780274 0.449707 0.9780274 0.4057617 0.9233399 0.4057617 0.9677734 0.3598633 0.9233399 0.3598633 0.9677734 0.3598633 0.9233399 0.4057617 0.9677734 0.4057617 0.9233399 0.3598633 0.875 0.4057617 0.9233399 0.4057617 0.875 0.449707 0.9233399 0.4057617 0.875 0.4057617 0.9780274 0.449707 0.9677734 0.4057617 0.9677734 0.449707 0.9677734 0.449707 0.9677734 0.4057617 0.9233399 0.4057617 0.9677734 0.449707 0.9780274 0.496582 0.9780274 0.449707 0.9233399 0.4057617 0.875 0.449707 0.9233399 0.449707 0.9677734 0.449707 0.9233399 0.4057617 0.9233399 0.449707 0.9780274 0.496582 0.9677734 0.449707 0.9677734 0.496582 0.9677734 0.496582 0.9677734 0.449707 0.9233399 0.449707 0.9677734 0.496582 0.9780274 0.5380859 0.9780274 0.496582 0.875 0.496582 0.9233399 0.449707 0.875 0.449707 0.875 0.449707 0.8588867 0.496582 0.875 0.496582 0.9677734 0.496582 0.9233399 0.449707 0.9233399 0.496582 0.9233399 0.449707 0.875 0.496582 0.9233399 0.496582 0.8588867 0.5380859 0.875 0.496582 0.8588867 0.496582 0.9677734 0.5380859 0.9677734 0.496582 0.9233399 0.496582 0.9780274 0.5380859 0.9677734 0.496582 0.9677734 0.5380859 0.875 0.496582 0.9233399 0.5380859 0.9233399 0.496582 0.9677734 0.5380859 0.9233399 0.496582 0.9233399 0.5380859 0.875 0.496582 0.8588867 0.5380859 0.875 0.5380859 0.9233399 0.5380859 0.875 0.496582 0.875 0.5380859 0.9677734 0.5844727 0.9780274 0.5380859 0.9677734 0.5380859 0.9780274 0.5380859 0.9677734 0.5844727 0.9780274 0.5844727 0.9233399 0.5844727 0.9677734 0.5380859 0.9233399 0.5380859 0.875 0.5380859 0.9233399 0.5844727 0.9233399 0.5380859 0.9677734 0.5380859 0.9233399 0.5844727 0.9677734 0.5844727 0.875 0.5844727 0.875 0.5380859 0.8588867 0.5380859 0.9233399 0.5844727 0.875 0.5380859 0.875 0.5844727 0.8588867 0.5380859 0.8588867 0.5844727 0.875 0.5844727 0.9233399 0.6276856 0.9677734 0.5844727 0.9233399 0.5844727 0.875 0.5844727 0.9233399 0.6276856 0.9233399 0.5844727 0.9677734 0.6276856 0.9780274 0.5844727 0.9677734 0.5844727 0.9677734 0.5844727 0.9233399 0.6276856 0.9677734 0.6276856 0.9780274 0.5844727 0.9677734 0.6276856 0.9780274 0.6276856 0.875 0.6276856 0.875 0.5844727 0.8588867 0.5844727 0.9233399 0.6276856 0.875 0.5844727 0.875 0.6276856 0.875 0.6276856 0.8588867 0.5844727 0.8588867 0.6276856 0.9233399 0.6730957 0.9677734 0.6276856 0.9233399 0.6276856 0.875 0.6276856 0.9233399 0.6730957 0.9233399 0.6276856 0.9677734 0.6730957 0.9780274 0.6276856 0.9677734 0.6276856 0.9677734 0.6276856 0.9233399 0.6730957 0.9677734 0.6730957 0.9780274 0.6276856 0.9677734 0.6730957 0.9780274 0.6730957 0.875 0.6730957 0.875 0.6276856 0.8588867 0.6276856 0.9233399 0.6730957 0.875 0.6276856 0.875 0.6730957 0.875 0.6730957 0.8588867 0.6276856 0.8588867 0.6730957 0.9677734 0.7172852 0.9780274 0.6730957 0.9677734 0.6730957 0.9780274 0.6730957 0.9677734 0.7172852 0.9780274 0.7172852 0.9677734 0.6730957 0.9233399 0.7172852 0.9677734 0.7172852 0.9233399 0.7172852 0.9677734 0.6730957 0.9233399 0.6730957 0.9233399 0.6730957 0.875 0.7172852 0.9233399 0.7172852 0.875 0.7172852 0.9233399 0.6730957 0.875 0.6730957 0.875 0.7172852 0.875 0.6730957 0.8588867 0.6730957 0.875 0.7172852 0.8588867 0.6730957 0.8588867 0.7172852 0.06695556 0.04345703 0.06140136 0.04199218 0.06695556 0.0258789 0.06140136 0.04199218 0.03451538 0.03466796 0.06695556 0.0258789 0.03451538 0.03466796 0.06140136 0.04199218 0.05419921 0.0546875 0.05828857 0.01123046 0.06695556 0.0258789 0.03451538 0.03466796 0.05419921 0.0546875 0.04171752 0.06152343 0.03451538 0.03466796 0.04321289 0.002441406 0.05828857 0.01123046 0.03451538 0.03466796 0.03451538 0.03466796 0.04171752 0.06152343 0.02731323 0.06152343 0.02581787 0.002441406 0.04321289 0.002441406 0.03451538 0.03466796 0.03451538 0.03466796 0.02731323 0.06152343 0.01483154 0.0546875 0.03451538 0.03466796 0.01073455 0.01123046 0.02581787 0.002441406 0.03451538 0.03466796 0.01483154 0.0546875 0.007625579 0.04199218 0.002044677 0.0258789 0.01073455 0.01123046 0.03451538 0.03466796 0.002044677 0.0258789 0.03451538 0.03466796 0.007625579 0.04199218 0.00203514 0.04345703 0.002044677 0.0258789 0.007625579 0.04199218 0.08392333 0.3959961 0.08538818 0.390625 0.06799316 0.390625 0.07666015 0.4228516 0.08392333 0.3959961 0.06799316 0.390625 0.09637451 0.4033203 0.08392333 0.3959961 0.07666015 0.4228516 0.06799316 0.390625 0.05291748 0.3994141 0.07666015 0.4228516 0.09637451 0.4033203 0.07666015 0.4228516 0.1035766 0.4160156 0.05291748 0.3994141 0.04421997 0.4145508 0.07666015 0.4228516 0.1035766 0.4301758 0.1035766 0.4160156 0.07666015 0.4228516 0.04421997 0.4145508 0.04421997 0.4316406 0.07666015 0.4228516 0.09637451 0.4428711 0.1035766 0.4301758 0.07666015 0.4228516 0.04421997 0.4316406 0.05291748 0.4467774 0.07666015 0.4228516 0.08392333 0.4501953 0.09637451 0.4428711 0.07666015 0.4228516 0.05291748 0.4467774 0.06799316 0.4555664 0.07666015 0.4228516 0.06799316 0.4555664 0.08392333 0.4501953 0.07666015 0.4228516 0.06799316 0.4555664 0.08538818 0.4555664 0.08392333 0.4501953 0.06695556 0.04345703 0.06140136 0.04199218 0.06695556 0.0258789 0.06140136 0.04199218 0.03451538 0.03466796 0.06695556 0.0258789 0.03451538 0.03466796 0.06140136 0.04199218 0.05419921 0.0546875 0.05828857 0.01123046 0.06695556 0.0258789 0.03451538 0.03466796 0.05419921 0.0546875 0.04171752 0.06152343 0.03451538 0.03466796 0.04321289 0.002441406 0.05828857 0.01123046 0.03451538 0.03466796 0.03451538 0.03466796 0.04171752 0.06152343 0.02731323 0.06152343 0.02581787 0.002441406 0.04321289 0.002441406 0.03451538 0.03466796 0.03451538 0.03466796 0.02731323 0.06152343 0.01483154 0.0546875 0.03451538 0.03466796 0.01073455 0.01123046 0.02581787 0.002441406 0.03451538 0.03466796 0.01483154 0.0546875 0.007625579 0.04199218 0.002044677 0.0258789 0.01073455 0.01123046 0.03451538 0.03466796 0.002044677 0.0258789 0.03451538 0.03466796 0.007625579 0.04199218 0.00203514 0.04345703 0.002044677 0.0258789 0.007625579 0.04199218 0.08392333 0.3959961 0.08538818 0.390625 0.06799316 0.390625 0.07666015 0.4228516 0.08392333 0.3959961 0.06799316 0.390625 0.09637451 0.4033203 0.08392333 0.3959961 0.07666015 0.4228516 0.06799316 0.390625 0.05291748 0.3994141 0.07666015 0.4228516 0.09637451 0.4033203 0.07666015 0.4228516 0.1035766 0.4160156 0.05291748 0.3994141 0.04421997 0.4145508 0.07666015 0.4228516 0.1035766 0.4301758 0.1035766 0.4160156 0.07666015 0.4228516 0.04421997 0.4145508 0.04421997 0.4316406 0.07666015 0.4228516 0.09637451 0.4428711 0.1035766 0.4301758 0.07666015 0.4228516 0.04421997 0.4316406 0.05291748 0.4467774 0.07666015 0.4228516 0.08392333 0.4501953 0.09637451 0.4428711 0.07666015 0.4228516 0.05291748 0.4467774 0.06799316 0.4555664 0.07666015 0.4228516 0.06799316 0.4555664 0.08392333 0.4501953 0.07666015 0.4228516 0.06799316 0.4555664 0.08538818 0.4555664 0.08392333 0.4501953 0.06695556 0.04345703 0.06140136 0.04199218 0.06695556 0.0258789 0.06140136 0.04199218 0.03451538 0.03466796 0.06695556 0.0258789 0.03451538 0.03466796 0.06140136 0.04199218 0.05419921 0.0546875 0.05828857 0.01123046 0.06695556 0.0258789 0.03451538 0.03466796 0.05419921 0.0546875 0.04171752 0.06152343 0.03451538 0.03466796 0.04321289 0.002441406 0.05828857 0.01123046 0.03451538 0.03466796 0.03451538 0.03466796 0.04171752 0.06152343 0.02731323 0.06152343 0.02581787 0.002441406 0.04321289 0.002441406 0.03451538 0.03466796 0.03451538 0.03466796 0.02731323 0.06152343 0.01483154 0.0546875 0.03451538 0.03466796 0.01073455 0.01123046 0.02581787 0.002441406 0.03451538 0.03466796 0.01483154 0.0546875 0.007625579 0.04199218 0.002044677 0.0258789 0.01073455 0.01123046 0.03451538 0.03466796 0.002044677 0.0258789 0.03451538 0.03466796 0.007625579 0.04199218 0.00203514 0.04345703 0.002044677 0.0258789 0.007625579 0.04199218 0.08392333 0.3959961 0.08538818 0.390625 0.06799316 0.390625 0.07666015 0.4228516 0.08392333 0.3959961 0.06799316 0.390625 0.09637451 0.4033203 0.08392333 0.3959961 0.07666015 0.4228516 0.06799316 0.390625 0.05291748 0.3994141 0.07666015 0.4228516 0.09637451 0.4033203 0.07666015 0.4228516 0.1035766 0.4160156 0.05291748 0.3994141 0.04421997 0.4145508 0.07666015 0.4228516 0.1035766 0.4301758 0.1035766 0.4160156 0.07666015 0.4228516 0.04421997 0.4145508 0.04421997 0.4316406 0.07666015 0.4228516 0.09637451 0.4428711 0.1035766 0.4301758 0.07666015 0.4228516 0.04421997 0.4316406 0.05291748 0.4467774 0.07666015 0.4228516 0.08392333 0.4501953 0.09637451 0.4428711 0.07666015 0.4228516 0.05291748 0.4467774 0.06799316 0.4555664 0.07666015 0.4228516 0.06799316 0.4555664 0.08392333 0.4501953 0.07666015 0.4228516 0.06799316 0.4555664 0.08538818 0.4555664 0.08392333 0.4501953 0.06695556 0.04345703 0.06140136 0.04199218 0.06695556 0.0258789 0.06140136 0.04199218 0.03451538 0.03466796 0.06695556 0.0258789 0.03451538 0.03466796 0.06140136 0.04199218 0.05419921 0.0546875 0.05828857 0.01123046 0.06695556 0.0258789 0.03451538 0.03466796 0.05419921 0.0546875 0.04171752 0.06152343 0.03451538 0.03466796 0.04321289 0.002441406 0.05828857 0.01123046 0.03451538 0.03466796 0.03451538 0.03466796 0.04171752 0.06152343 0.02731323 0.06152343 0.02581787 0.002441406 0.04321289 0.002441406 0.03451538 0.03466796 0.03451538 0.03466796 0.02731323 0.06152343 0.01483154 0.0546875 0.03451538 0.03466796 0.01073455 0.01123046 0.02581787 0.002441406 0.03451538 0.03466796 0.01483154 0.0546875 0.007625579 0.04199218 0.002044677 0.0258789 0.01073455 0.01123046 0.03451538 0.03466796 0.002044677 0.0258789 0.03451538 0.03466796 0.007625579 0.04199218 0.00203514 0.04345703 0.002044677 0.0258789 0.007625579 0.04199218 0.08392333 0.3959961 0.08538818 0.390625 0.06799316 0.390625 0.07666015 0.4228516 0.08392333 0.3959961 0.06799316 0.390625 0.09637451 0.4033203 0.08392333 0.3959961 0.07666015 0.4228516 0.06799316 0.390625 0.05291748 0.3994141 0.07666015 0.4228516 0.09637451 0.4033203 0.07666015 0.4228516 0.1035766 0.4160156 0.05291748 0.3994141 0.04421997 0.4145508 0.07666015 0.4228516 0.1035766 0.4301758 0.1035766 0.4160156 0.07666015 0.4228516 0.04421997 0.4145508 0.04421997 0.4316406 0.07666015 0.4228516 0.09637451 0.4428711 0.1035766 0.4301758 0.07666015 0.4228516 0.04421997 0.4316406 0.05291748 0.4467774 0.07666015 0.4228516 0.08392333 0.4501953 0.09637451 0.4428711 0.07666015 0.4228516 0.05291748 0.4467774 0.06799316 0.4555664 0.07666015 0.4228516 0.06799316 0.4555664 0.08392333 0.4501953 0.07666015 0.4228516 0.06799316 0.4555664 0.08538818 0.4555664 0.08392333 0.4501953 0.4709473 0.01953125 0.4645996 0.008789062 0.4536133 0.002441406 0.4709473 0.03222656 0.4709473 0.01953125 0.4536133 0.002441406 0.4645996 0.04296875 0.4709473 0.03222656 0.4536133 0.002441406 0.4536133 0.002441406 0.4411621 0.002441406 0.4301758 0.008789062 0.4536133 0.002441406 0.4301758 0.008789062 0.4645996 0.04296875 0.4301758 0.008789062 0.4238281 0.01953125 0.4238281 0.03222656 0.4238281 0.03222656 0.4645996 0.04296875 0.4301758 0.008789062 0.4238281 0.03222656 0.4301758 0.04296875 0.4645996 0.04296875 0.4301758 0.04296875 0.4411621 0.0493164 0.4645996 0.04296875 0.4411621 0.0493164 0.4536133 0.0493164 0.4645996 0.04296875 0.01476287 0.07373046 0.002027511 0.07910156 0.007633209 0.06933593 0.002027511 0.07910156 0.01476287 0.07373046 0.009544372 0.08300781 0.01811218 0.07958984 0.009544372 0.08300781 0.01476287 0.07373046 0.02531433 0.07373046 0.01811218 0.07958984 0.01476287 0.07373046 0.01441955 0.06542968 0.02531433 0.07373046 0.01476287 0.07373046 0.02531433 0.07373046 0.01441955 0.06542968 0.02574157 0.06542968 0.03808593 0.07910156 0.02531433 0.07373046 0.0324707 0.06933593 0.02531433 0.07373046 0.03808593 0.07910156 0.03054809 0.08300781 0.02531433 0.07373046 0.02166748 0.07958984 0.01811218 0.07958984 0.02354431 0.08300781 0.02531433 0.07373046 0.03054809 0.08300781 0.02531433 0.07373046 0.02354431 0.08300781 0.02166748 0.07958984 0.01646423 0.08300781 0.01811218 0.07958984 0.02166748 0.07958984 0.009544372 0.08300781 0.01811218 0.07958984 0.01646423 0.08300781 0.02166748 0.07958984 0.02354431 0.08300781 0.02175903 0.0859375 0.02175903 0.0859375 0.01646423 0.08300781 0.02166748 0.07958984 0.03054809 0.08300781 0.02175903 0.0859375 0.02354431 0.08300781 0.009544372 0.08300781 0.01646423 0.08300781 0.0181427 0.0859375 0.02175903 0.0859375 0.0181427 0.0859375 0.01646423 0.08300781 0.009544372 0.08300781 0.0181427 0.0859375 0.01480865 0.09228515 0.02175903 0.0859375 0.01480865 0.09228515 0.0181427 0.0859375 0.01480865 0.09228515 0.002059936 0.08691406 0.009544372 0.08300781 0.002059936 0.08691406 0.01480865 0.09228515 0.007705688 0.09667968 0.02175903 0.0859375 0.03054809 0.08300781 0.02525329 0.09228515 0.02525329 0.09228515 0.01480865 0.09228515 0.02175903 0.0859375 0.03796386 0.08691406 0.02525329 0.09228515 0.03054809 0.08300781 0.03225708 0.09667968 0.02525329 0.09228515 0.03796386 0.08691406 0.02525329 0.09228515 0.01441955 0.1005859 0.01480865 0.09228515 0.01441955 0.1005859 0.02525329 0.09228515 0.02563476 0.1005859 0.01476287 0.07373046 0.002027511 0.07910156 0.007633209 0.06933593 0.002027511 0.07910156 0.01476287 0.07373046 0.009544372 0.08300781 0.01811218 0.07958984 0.009544372 0.08300781 0.01476287 0.07373046 0.02531433 0.07373046 0.01811218 0.07958984 0.01476287 0.07373046 0.01441955 0.06542968 0.02531433 0.07373046 0.01476287 0.07373046 0.02531433 0.07373046 0.01441955 0.06542968 0.02574157 0.06542968 0.03808593 0.07910156 0.02531433 0.07373046 0.0324707 0.06933593 0.02531433 0.07373046 0.03808593 0.07910156 0.03054809 0.08300781 0.02531433 0.07373046 0.02166748 0.07958984 0.01811218 0.07958984 0.02354431 0.08300781 0.02531433 0.07373046 0.03054809 0.08300781 0.02531433 0.07373046 0.02354431 0.08300781 0.02166748 0.07958984 0.01646423 0.08300781 0.01811218 0.07958984 0.02166748 0.07958984 0.009544372 0.08300781 0.01811218 0.07958984 0.01646423 0.08300781 0.02166748 0.07958984 0.02354431 0.08300781 0.02175903 0.0859375 0.02175903 0.0859375 0.01646423 0.08300781 0.02166748 0.07958984 0.03054809 0.08300781 0.02175903 0.0859375 0.02354431 0.08300781 0.009544372 0.08300781 0.01646423 0.08300781 0.0181427 0.0859375 0.02175903 0.0859375 0.0181427 0.0859375 0.01646423 0.08300781 0.009544372 0.08300781 0.0181427 0.0859375 0.01480865 0.09228515 0.02175903 0.0859375 0.01480865 0.09228515 0.0181427 0.0859375 0.01480865 0.09228515 0.002059936 0.08691406 0.009544372 0.08300781 0.002059936 0.08691406 0.01480865 0.09228515 0.007705688 0.09667968 0.02175903 0.0859375 0.03054809 0.08300781 0.02525329 0.09228515 0.02525329 0.09228515 0.01480865 0.09228515 0.02175903 0.0859375 0.03796386 0.08691406 0.02525329 0.09228515 0.03054809 0.08300781 0.03225708 0.09667968 0.02525329 0.09228515 0.03796386 0.08691406 0.02525329 0.09228515 0.01441955 0.1005859 0.01480865 0.09228515 0.01441955 0.1005859 0.02525329 0.09228515 0.02563476 0.1005859 0.01476287 0.07373046 0.002027511 0.07910156 0.007633209 0.06933593 0.002027511 0.07910156 0.01476287 0.07373046 0.009544372 0.08300781 0.01811218 0.07958984 0.009544372 0.08300781 0.01476287 0.07373046 0.02531433 0.07373046 0.01811218 0.07958984 0.01476287 0.07373046 0.01441955 0.06542968 0.02531433 0.07373046 0.01476287 0.07373046 0.02531433 0.07373046 0.01441955 0.06542968 0.02574157 0.06542968 0.03808593 0.07910156 0.02531433 0.07373046 0.0324707 0.06933593 0.02531433 0.07373046 0.03808593 0.07910156 0.03054809 0.08300781 0.02531433 0.07373046 0.02166748 0.07958984 0.01811218 0.07958984 0.02354431 0.08300781 0.02531433 0.07373046 0.03054809 0.08300781 0.02531433 0.07373046 0.02354431 0.08300781 0.02166748 0.07958984 0.01646423 0.08300781 0.01811218 0.07958984 0.02166748 0.07958984 0.009544372 0.08300781 0.01811218 0.07958984 0.01646423 0.08300781 0.02166748 0.07958984 0.02354431 0.08300781 0.02175903 0.0859375 0.02175903 0.0859375 0.01646423 0.08300781 0.02166748 0.07958984 0.03054809 0.08300781 0.02175903 0.0859375 0.02354431 0.08300781 0.009544372 0.08300781 0.01646423 0.08300781 0.0181427 0.0859375 0.02175903 0.0859375 0.0181427 0.0859375 0.01646423 0.08300781 0.009544372 0.08300781 0.0181427 0.0859375 0.01480865 0.09228515 0.02175903 0.0859375 0.01480865 0.09228515 0.0181427 0.0859375 0.01480865 0.09228515 0.002059936 0.08691406 0.009544372 0.08300781 0.002059936 0.08691406 0.01480865 0.09228515 0.007705688 0.09667968 0.02175903 0.0859375 0.03054809 0.08300781 0.02525329 0.09228515 0.02525329 0.09228515 0.01480865 0.09228515 0.02175903 0.0859375 0.03796386 0.08691406 0.02525329 0.09228515 0.03054809 0.08300781 0.03225708 0.09667968 0.02525329 0.09228515 0.03796386 0.08691406 0.02525329 0.09228515 0.01441955 0.1005859 0.01480865 0.09228515 0.01441955 0.1005859 0.02525329 0.09228515 0.02563476 0.1005859 0.01476287 0.07373046 0.002027511 0.07910156 0.007633209 0.06933593 0.002027511 0.07910156 0.01476287 0.07373046 0.009544372 0.08300781 0.01811218 0.07958984 0.009544372 0.08300781 0.01476287 0.07373046 0.02531433 0.07373046 0.01811218 0.07958984 0.01476287 0.07373046 0.01441955 0.06542968 0.02531433 0.07373046 0.01476287 0.07373046 0.02531433 0.07373046 0.01441955 0.06542968 0.02574157 0.06542968 0.03808593 0.07910156 0.02531433 0.07373046 0.0324707 0.06933593 0.02531433 0.07373046 0.03808593 0.07910156 0.03054809 0.08300781 0.02531433 0.07373046 0.02166748 0.07958984 0.01811218 0.07958984 0.02354431 0.08300781 0.02531433 0.07373046 0.03054809 0.08300781 0.02531433 0.07373046 0.02354431 0.08300781 0.02166748 0.07958984 0.01646423 0.08300781 0.01811218 0.07958984 0.02166748 0.07958984 0.009544372 0.08300781 0.01811218 0.07958984 0.01646423 0.08300781 0.02166748 0.07958984 0.02354431 0.08300781 0.02175903 0.0859375 0.02175903 0.0859375 0.01646423 0.08300781 0.02166748 0.07958984 0.03054809 0.08300781 0.02175903 0.0859375 0.02354431 0.08300781 0.009544372 0.08300781 0.01646423 0.08300781 0.0181427 0.0859375 0.02175903 0.0859375 0.0181427 0.0859375 0.01646423 0.08300781 0.009544372 0.08300781 0.0181427 0.0859375 0.01480865 0.09228515 0.02175903 0.0859375 0.01480865 0.09228515 0.0181427 0.0859375 0.01480865 0.09228515 0.002059936 0.08691406 0.009544372 0.08300781 0.002059936 0.08691406 0.01480865 0.09228515 0.007705688 0.09667968 0.02175903 0.0859375 0.03054809 0.08300781 0.02525329 0.09228515 0.02525329 0.09228515 0.01480865 0.09228515 0.02175903 0.0859375 0.03796386 0.08691406 0.02525329 0.09228515 0.03054809 0.08300781 0.03225708 0.09667968 0.02525329 0.09228515 0.03796386 0.08691406 0.02525329 0.09228515 0.01441955 0.1005859 0.01480865 0.09228515 0.01441955 0.1005859 0.02525329 0.09228515 0.02563476 0.1005859 0.5214844 0.0234375 0.5214844 0.01269531 0.5292969 0.004882812 0.5292969 0.004882812 0.5400391 0.004882812 0.5214844 0.0234375 0.5214844 0.0234375 0.5400391 0.004882812 0.5478516 0.01269531 0.5478516 0.01269531 0.5478516 0.0234375 0.5214844 0.0234375 0.5478516 0.0234375 0.5400391 0.03125 0.5214844 0.0234375 0.5400391 0.03125 0.5292969 0.03125 0.5214844 0.0234375 0.5214844 0.0234375 0.5214844 0.01269531 0.5292969 0.004882812 0.5292969 0.004882812 0.5400391 0.004882812 0.5214844 0.0234375 0.5214844 0.0234375 0.5400391 0.004882812 0.5478516 0.01269531 0.5478516 0.01269531 0.5478516 0.0234375 0.5214844 0.0234375 0.5478516 0.0234375 0.5400391 0.03125 0.5214844 0.0234375 0.5400391 0.03125 0.5292969 0.03125 0.5214844 0.0234375 0.5214844 0.0234375 0.5214844 0.01269531 0.5292969 0.004882812 0.5292969 0.004882812 0.5400391 0.004882812 0.5214844 0.0234375 0.5214844 0.0234375 0.5400391 0.004882812 0.5478516 0.01269531 0.5478516 0.01269531 0.5478516 0.0234375 0.5214844 0.0234375 0.5478516 0.0234375 0.5400391 0.03125 0.5214844 0.0234375 0.5400391 0.03125 0.5292969 0.03125 0.5214844 0.0234375 0.5214844 0.0234375 0.5214844 0.01269531 0.5292969 0.004882812 0.5292969 0.004882812 0.5400391 0.004882812 0.5214844 0.0234375 0.5214844 0.0234375 0.5400391 0.004882812 0.5478516 0.01269531 0.5478516 0.01269531 0.5478516 0.0234375 0.5214844 0.0234375 0.5478516 0.0234375 0.5400391 0.03125 0.5214844 0.0234375 0.5400391 0.03125 0.5292969 0.03125 0.5214844 0.0234375 0.5214844 0.0234375 0.5214844 0.01269531 0.5292969 0.004882812 0.5292969 0.004882812 0.5400391 0.004882812 0.5214844 0.0234375 0.5214844 0.0234375 0.5400391 0.004882812 0.5478516 0.01269531 0.5478516 0.01269531 0.5478516 0.0234375 0.5214844 0.0234375 0.5478516 0.0234375 0.5400391 0.03125 0.5214844 0.0234375 0.5400391 0.03125 0.5292969 0.03125 0.5214844 0.0234375 0.4572754 0.2236328 0.4436035 0.2290039 0.4477539 0.2197265 0.4572754 0.2236328 0.4621582 0.2368164 0.4436035 0.2290039 0.4621582 0.2368164 0.4401856 0.2382812 0.4436035 0.2290039 0.4621582 0.2368164 0.4572754 0.2236328 0.4685059 0.2358398 0.4628906 0.2446289 0.4401856 0.2382812 0.4621582 0.2368164 0.4628906 0.2446289 0.4621582 0.2368164 0.4685059 0.2358398 0.4628906 0.2446289 0.4375 0.2480468 0.4401856 0.2382812 0.4572754 0.2236328 0.4770508 0.2314453 0.4685059 0.2358398 0.4626465 0.2514649 0.4375 0.2480468 0.4628906 0.2446289 0.4626465 0.2514649 0.4365234 0.2573242 0.4375 0.2480468 0.4685059 0.2358398 0.4707031 0.2446289 0.4628906 0.2446289 0.4628906 0.2446289 0.4707031 0.2446289 0.4626465 0.2514649 0.4685059 0.2358398 0.4799805 0.2416992 0.4707031 0.2446289 0.4799805 0.2416992 0.4685059 0.2358398 0.4770508 0.2314453 0.4707031 0.2446289 0.4709473 0.2514649 0.4626465 0.2514649 0.5263672 0.2065429 0.4770508 0.2314453 0.4689942 0.2143554 0.4804688 0.25 0.4707031 0.2446289 0.4799805 0.2416992 0.4707031 0.2446289 0.4804688 0.25 0.4709473 0.2514649 0.4770508 0.2314453 0.5263672 0.2065429 0.5307617 0.227539 0.5844727 0.2026367 0.5307617 0.227539 0.5263672 0.2065429 0.4770508 0.2314453 0.5317383 0.2377929 0.4799805 0.2416992 0.5317383 0.2377929 0.4770508 0.2314453 0.5307617 0.227539 0.5307617 0.227539 0.5844727 0.2026367 0.5869141 0.2250976 0.5869141 0.2250976 0.5317383 0.2377929 0.5307617 0.227539 0.6474609 0.1987304 0.5869141 0.2250976 0.5844727 0.2026367 0.4799805 0.2416992 0.5317383 0.2377929 0.5322266 0.2485351 0.5322266 0.2485351 0.4804688 0.25 0.4799805 0.2416992 0.5869141 0.2250976 0.6474609 0.1987304 0.6494141 0.2221679 0.7045899 0.1958007 0.6494141 0.2221679 0.6474609 0.1987304 0.6494141 0.2221679 0.7045899 0.1958007 0.7055664 0.21875 0.5317383 0.2377929 0.5869141 0.2250976 0.5878906 0.2368164 0.6494141 0.2221679 0.5878906 0.2368164 0.5869141 0.2250976 0.7055664 0.21875 0.6503906 0.2348632 0.6494141 0.2221679 0.5878906 0.2368164 0.6494141 0.2221679 0.6503906 0.2348632 0.6503906 0.2348632 0.7055664 0.21875 0.706543 0.2329101 0.6503906 0.2348632 0.706543 0.2329101 0.706543 0.2470703 0.706543 0.2470703 0.6503906 0.2475585 0.6503906 0.2348632 0.6503906 0.2475585 0.5878906 0.2368164 0.6503906 0.2348632 0.6503906 0.2475585 0.706543 0.2470703 0.706543 0.2612305 0.5317383 0.2377929 0.5878906 0.2368164 0.5888672 0.2480468 0.5878906 0.2368164 0.6503906 0.2475585 0.5888672 0.2480468 0.5888672 0.2480468 0.5322266 0.2485351 0.5317383 0.2377929 0.706543 0.2612305 0.6503906 0.2602539 0.6503906 0.2475585 0.6503906 0.2602539 0.5888672 0.2480468 0.6503906 0.2475585 0.5322266 0.2485351 0.5888672 0.2480468 0.5888672 0.2592774 0.5888672 0.2480468 0.6503906 0.2602539 0.5888672 0.2592774 0.706543 0.2612305 0.6503906 0.2729492 0.6503906 0.2602539 0.6503906 0.2729492 0.706543 0.2612305 0.706543 0.2749024 0.6503906 0.2602539 0.5883789 0.2709961 0.5888672 0.2592774 0.5883789 0.2709961 0.6503906 0.2602539 0.6503906 0.2729492 0.5888672 0.2592774 0.5322266 0.2587891 0.5322266 0.2485351 0.4804688 0.25 0.5322266 0.2485351 0.5322266 0.2587891 0.5322266 0.269043 0.5888672 0.2592774 0.5883789 0.2709961 0.5888672 0.2592774 0.5322266 0.269043 0.5322266 0.2587891 0.5322266 0.2587891 0.4802246 0.2578125 0.4804688 0.25 0.4804688 0.25 0.4802246 0.2578125 0.4709473 0.2514649 0.4804688 0.265625 0.5322266 0.2587891 0.5322266 0.269043 0.5322266 0.2587891 0.4804688 0.265625 0.4802246 0.2578125 0.4802246 0.2578125 0.4709473 0.2578125 0.4709473 0.2514649 0.4707031 0.2641602 0.4802246 0.2578125 0.4804688 0.265625 0.4802246 0.2578125 0.4707031 0.2641602 0.4709473 0.2578125 0.4709473 0.2578125 0.4626465 0.2578125 0.4709473 0.2514649 0.4707031 0.2641602 0.4626465 0.2578125 0.4709473 0.2578125 0.4709473 0.2514649 0.4626465 0.2578125 0.4626465 0.2514649 0.4626465 0.2578125 0.4365234 0.2573242 0.4626465 0.2514649 0.4624024 0.2636719 0.4365234 0.2573242 0.4626465 0.2578125 0.4626465 0.2578125 0.4707031 0.2641602 0.4624024 0.2636719 0.4365234 0.2573242 0.4624024 0.2636719 0.4372559 0.2670899 0.470459 0.2709961 0.4624024 0.2636719 0.4707031 0.2641602 0.4804688 0.265625 0.470459 0.2709961 0.4707031 0.2641602 0.4626465 0.2709961 0.4372559 0.2670899 0.4624024 0.2636719 0.4624024 0.2636719 0.470459 0.2709961 0.4626465 0.2709961 0.4372559 0.2670899 0.4626465 0.2709961 0.4394531 0.2768555 0.470459 0.2709961 0.4804688 0.265625 0.4797363 0.2744141 0.5322266 0.269043 0.4797363 0.2744141 0.4804688 0.265625 0.4680176 0.2797852 0.4626465 0.2709961 0.470459 0.2709961 0.4797363 0.2744141 0.4680176 0.2797852 0.470459 0.2709961 0.4614258 0.2788086 0.4394531 0.2768555 0.4626465 0.2709961 0.4626465 0.2709961 0.4680176 0.2797852 0.4614258 0.2788086 0.4394531 0.2768555 0.4614258 0.2788086 0.4428711 0.2861328 0.4562988 0.2915039 0.4428711 0.2861328 0.4614258 0.2788086 0.4562988 0.2915039 0.4614258 0.2788086 0.4680176 0.2797852 0.4428711 0.2861328 0.4562988 0.2915039 0.4467774 0.2954102 0.4763184 0.284668 0.4562988 0.2915039 0.4680176 0.2797852 0.4680176 0.2797852 0.4797363 0.2744141 0.4763184 0.284668 0.4797363 0.2744141 0.5322266 0.269043 0.53125 0.2792969 0.53125 0.2792969 0.4763184 0.284668 0.4797363 0.2744141 0.5883789 0.2709961 0.53125 0.2792969 0.5322266 0.269043 0.5249024 0.3105469 0.4680176 0.3017578 0.4763184 0.284668 0.4763184 0.284668 0.5297852 0.2895508 0.5249024 0.3105469 0.4763184 0.284668 0.53125 0.2792969 0.5297852 0.2895508 0.5297852 0.2895508 0.5830078 0.315918 0.5249024 0.3105469 0.53125 0.2792969 0.5883789 0.2709961 0.5874024 0.2822266 0.5297852 0.2895508 0.5859375 0.293457 0.5830078 0.315918 0.53125 0.2792969 0.5859375 0.293457 0.5297852 0.2895508 0.53125 0.2792969 0.5874024 0.2822266 0.5859375 0.293457 0.5859375 0.293457 0.6459961 0.3217774 0.5830078 0.315918 0.6503906 0.2729492 0.5874024 0.2822266 0.5883789 0.2709961 0.6459961 0.3217774 0.5859375 0.293457 0.6484375 0.2983399 0.5874024 0.2822266 0.6484375 0.2983399 0.5859375 0.293457 0.6484375 0.2983399 0.7026367 0.3261719 0.6459961 0.3217774 0.6484375 0.2983399 0.7045899 0.3032227 0.7026367 0.3261719 0.6494141 0.2856445 0.5874024 0.2822266 0.6503906 0.2729492 0.5874024 0.2822266 0.6494141 0.2856445 0.6484375 0.2983399 0.6494141 0.2856445 0.7045899 0.3032227 0.6484375 0.2983399 0.706543 0.2749024 0.6494141 0.2856445 0.6503906 0.2729492 0.6494141 0.2856445 0.7055664 0.2890625 0.7045899 0.3032227 0.6494141 0.2856445 0.706543 0.2749024 0.7055664 0.2890625 0.9458008 0.7409668 0.9589844 0.7453613 0.9584961 0.7399902 0.9589844 0.7453613 0.9458008 0.7409668 0.9462891 0.7460938 0.9384766 0.7407227 0.9462891 0.7460938 0.9458008 0.7409668 0.9472656 0.7508545 0.9589844 0.7453613 0.9462891 0.7460938 0.9589844 0.7453613 0.9472656 0.7508545 0.9594727 0.7508545 0.9462891 0.7460938 0.9384766 0.7407227 0.9375 0.7460938 0.9375 0.7460938 0.9472656 0.7508545 0.9462891 0.7460938 0.9023438 0.7392578 0.9375 0.7460938 0.9384766 0.7407227 0.9462891 0.7554932 0.9594727 0.7508545 0.9472656 0.7508545 0.9594727 0.7508545 0.9462891 0.7554932 0.9589844 0.7563477 0.9462891 0.7554932 0.9584961 0.7615967 0.9589844 0.7563477 0.9458008 0.7606201 0.9584961 0.7615967 0.9462891 0.7554932 0.9384766 0.7609863 0.9458008 0.7606201 0.9462891 0.7554932 0.9375 0.7557373 0.9462891 0.7554932 0.9472656 0.7508545 0.9384766 0.7609863 0.9462891 0.7554932 0.9375 0.7557373 0.9472656 0.7508545 0.9370117 0.7508545 0.9375 0.7557373 0.9472656 0.7508545 0.9375 0.7460938 0.9370117 0.7508545 0.9008789 0.7568359 0.9384766 0.7609863 0.9375 0.7557373 0.9008789 0.7568359 0.9375 0.7557373 0.9370117 0.7508545 0.9384766 0.7609863 0.9008789 0.7568359 0.9023438 0.7623291 0.8857422 0.7629395 0.9023438 0.7623291 0.9008789 0.7568359 0.9375 0.7460938 0.8994141 0.7508545 0.9370117 0.7508545 0.9008789 0.7568359 0.9370117 0.7508545 0.8994141 0.7508545 0.9008789 0.7568359 0.8867188 0.7570801 0.8857422 0.7629395 0.8994141 0.7508545 0.8867188 0.7570801 0.9008789 0.7568359 0.8867188 0.7570801 0.8061524 0.7626953 0.8857422 0.7629395 0.8061524 0.7626953 0.8867188 0.7570801 0.8061524 0.7568359 0.8876953 0.7508545 0.8061524 0.7568359 0.8867188 0.7570801 0.8867188 0.7570801 0.8994141 0.7508545 0.8876953 0.7508545 0.8061524 0.7568359 0.8876953 0.7508545 0.8061524 0.7508545 0.8061524 0.7508545 0.8876953 0.7508545 0.8061524 0.7448731 0.8867188 0.7446289 0.8061524 0.7448731 0.8876953 0.7508545 0.8994141 0.7508545 0.8867188 0.7446289 0.8876953 0.7508545 0.8867188 0.7446289 0.8061524 0.7390137 0.8061524 0.7448731 0.8061524 0.7390137 0.8867188 0.7446289 0.8857422 0.7387695 0.8867188 0.7446289 0.8994141 0.7508545 0.9008789 0.7448731 0.9008789 0.7448731 0.8857422 0.7387695 0.8867188 0.7446289 0.8994141 0.7508545 0.9375 0.7460938 0.9008789 0.7448731 0.8857422 0.7387695 0.9008789 0.7448731 0.9023438 0.7392578 0.9375 0.7460938 0.9023438 0.7392578 0.9008789 0.7448731 0.4572754 0.2236328 0.4436035 0.2290039 0.4477539 0.2197265 0.4572754 0.2236328 0.4621582 0.2368164 0.4436035 0.2290039 0.4621582 0.2368164 0.4401856 0.2382812 0.4436035 0.2290039 0.4621582 0.2368164 0.4572754 0.2236328 0.4685059 0.2358398 0.4628906 0.2446289 0.4401856 0.2382812 0.4621582 0.2368164 0.4628906 0.2446289 0.4621582 0.2368164 0.4685059 0.2358398 0.4628906 0.2446289 0.4375 0.2480468 0.4401856 0.2382812 0.4572754 0.2236328 0.4770508 0.2314453 0.4685059 0.2358398 0.4626465 0.2514649 0.4375 0.2480468 0.4628906 0.2446289 0.4626465 0.2514649 0.4365234 0.2573242 0.4375 0.2480468 0.4685059 0.2358398 0.4707031 0.2446289 0.4628906 0.2446289 0.4626465 0.2578125 0.4365234 0.2573242 0.4626465 0.2514649 0.4628906 0.2446289 0.4709473 0.2514649 0.4626465 0.2514649 0.4709473 0.2514649 0.4626465 0.2578125 0.4626465 0.2514649 0.4709473 0.2514649 0.4628906 0.2446289 0.4707031 0.2446289 0.4624024 0.2636719 0.4365234 0.2573242 0.4626465 0.2578125 0.4365234 0.2573242 0.4624024 0.2636719 0.4372559 0.2670899 0.4709473 0.2578125 0.4626465 0.2578125 0.4709473 0.2514649 0.4709473 0.2578125 0.4624024 0.2636719 0.4626465 0.2578125 0.4707031 0.2446289 0.4804688 0.25 0.4709473 0.2514649 0.4709473 0.2514649 0.4802246 0.2578125 0.4709473 0.2578125 0.4802246 0.2578125 0.4709473 0.2514649 0.4804688 0.25 0.4685059 0.2358398 0.4799805 0.2416992 0.4707031 0.2446289 0.4804688 0.25 0.4707031 0.2446289 0.4799805 0.2416992 0.4799805 0.2416992 0.4685059 0.2358398 0.4770508 0.2314453 0.4802246 0.2578125 0.4707031 0.2641602 0.4709473 0.2578125 0.4624024 0.2636719 0.4709473 0.2578125 0.4707031 0.2641602 0.5263672 0.2065429 0.4770508 0.2314453 0.4689942 0.2143554 0.470459 0.2709961 0.4624024 0.2636719 0.4707031 0.2641602 0.4770508 0.2314453 0.5263672 0.2065429 0.5307617 0.227539 0.5844727 0.2026367 0.5307617 0.227539 0.5263672 0.2065429 0.4770508 0.2314453 0.5317383 0.2377929 0.4799805 0.2416992 0.5317383 0.2377929 0.4770508 0.2314453 0.5307617 0.227539 0.5307617 0.227539 0.5844727 0.2026367 0.5869141 0.2250976 0.6474609 0.1987304 0.5869141 0.2250976 0.5844727 0.2026367 0.5307617 0.227539 0.5878906 0.2368164 0.5317383 0.2377929 0.5878906 0.2368164 0.5307617 0.227539 0.5869141 0.2250976 0.5322266 0.2485351 0.4799805 0.2416992 0.5317383 0.2377929 0.4799805 0.2416992 0.5322266 0.2485351 0.4804688 0.25 0.5888672 0.2480468 0.5317383 0.2377929 0.5878906 0.2368164 0.5317383 0.2377929 0.5888672 0.2480468 0.5322266 0.2485351 0.5322266 0.2587891 0.4804688 0.25 0.5322266 0.2485351 0.4804688 0.25 0.5322266 0.2587891 0.4802246 0.2578125 0.5888672 0.2592774 0.5322266 0.2485351 0.5888672 0.2480468 0.5322266 0.2485351 0.5888672 0.2592774 0.5322266 0.2587891 0.5322266 0.2587891 0.4804688 0.265625 0.4802246 0.2578125 0.4707031 0.2641602 0.4802246 0.2578125 0.4804688 0.265625 0.4804688 0.265625 0.470459 0.2709961 0.4707031 0.2641602 0.4804688 0.265625 0.5322266 0.2587891 0.5322266 0.269043 0.5888672 0.2592774 0.5322266 0.269043 0.5322266 0.2587891 0.470459 0.2709961 0.4804688 0.265625 0.4797363 0.2744141 0.5322266 0.269043 0.4797363 0.2744141 0.4804688 0.265625 0.5322266 0.269043 0.5888672 0.2592774 0.5883789 0.2709961 0.4797363 0.2744141 0.5322266 0.269043 0.53125 0.2792969 0.5883789 0.2709961 0.53125 0.2792969 0.5322266 0.269043 0.5888672 0.2480468 0.6503906 0.2602539 0.5888672 0.2592774 0.6503906 0.2602539 0.5883789 0.2709961 0.5888672 0.2592774 0.6503906 0.2602539 0.5888672 0.2480468 0.6503906 0.2475585 0.5878906 0.2368164 0.6503906 0.2475585 0.5888672 0.2480468 0.5883789 0.2709961 0.6503906 0.2602539 0.6503906 0.2729492 0.6503906 0.2475585 0.5878906 0.2368164 0.6503906 0.2348632 0.5869141 0.2250976 0.6503906 0.2348632 0.5878906 0.2368164 0.6503906 0.2475585 0.706543 0.2612305 0.6503906 0.2602539 0.706543 0.2612305 0.6503906 0.2729492 0.6503906 0.2602539 0.706543 0.2612305 0.6503906 0.2475585 0.706543 0.2470703 0.6503906 0.2348632 0.706543 0.2470703 0.6503906 0.2475585 0.6503906 0.2729492 0.706543 0.2612305 0.706543 0.2749024 0.706543 0.2470703 0.6503906 0.2348632 0.706543 0.2329101 0.706543 0.2749024 0.6494141 0.2856445 0.6503906 0.2729492 0.6494141 0.2856445 0.706543 0.2749024 0.7055664 0.2890625 0.6494141 0.2856445 0.7055664 0.2890625 0.7045899 0.3032227 0.6494141 0.2221679 0.706543 0.2329101 0.6503906 0.2348632 0.6503906 0.2348632 0.5869141 0.2250976 0.6494141 0.2221679 0.706543 0.2329101 0.6494141 0.2221679 0.7055664 0.21875 0.5869141 0.2250976 0.6474609 0.1987304 0.6494141 0.2221679 0.6494141 0.2221679 0.7045899 0.1958007 0.7055664 0.21875 0.7045899 0.1958007 0.6494141 0.2221679 0.6474609 0.1987304 0.6494141 0.2856445 0.7045899 0.3032227 0.6484375 0.2983399 0.6484375 0.2983399 0.7045899 0.3032227 0.7026367 0.3261719 0.6484375 0.2983399 0.7026367 0.3261719 0.6459961 0.3217774 0.5874024 0.2822266 0.6494141 0.2856445 0.6484375 0.2983399 0.5874024 0.2822266 0.6503906 0.2729492 0.6494141 0.2856445 0.5883789 0.2709961 0.6503906 0.2729492 0.5874024 0.2822266 0.53125 0.2792969 0.5883789 0.2709961 0.5874024 0.2822266 0.6459961 0.3217774 0.5859375 0.293457 0.6484375 0.2983399 0.5874024 0.2822266 0.6484375 0.2983399 0.5859375 0.293457 0.53125 0.2792969 0.5874024 0.2822266 0.5859375 0.293457 0.5859375 0.293457 0.6459961 0.3217774 0.5830078 0.315918 0.53125 0.2792969 0.5859375 0.293457 0.5297852 0.2895508 0.5297852 0.2895508 0.5859375 0.293457 0.5830078 0.315918 0.4797363 0.2744141 0.53125 0.2792969 0.5297852 0.2895508 0.5297852 0.2895508 0.5830078 0.315918 0.5249024 0.3105469 0.4797363 0.2744141 0.5297852 0.2895508 0.4763184 0.284668 0.4763184 0.284668 0.5297852 0.2895508 0.5249024 0.3105469 0.5249024 0.3105469 0.4680176 0.3017578 0.4763184 0.284668 0.4763184 0.284668 0.470459 0.2709961 0.4797363 0.2744141 0.470459 0.2709961 0.4763184 0.284668 0.4680176 0.2797852 0.4763184 0.284668 0.4562988 0.2915039 0.4680176 0.2797852 0.4680176 0.2797852 0.4626465 0.2709961 0.470459 0.2709961 0.4624024 0.2636719 0.470459 0.2709961 0.4626465 0.2709961 0.4626465 0.2709961 0.4372559 0.2670899 0.4624024 0.2636719 0.4372559 0.2670899 0.4626465 0.2709961 0.4394531 0.2768555 0.4626465 0.2709961 0.4680176 0.2797852 0.4614258 0.2788086 0.4614258 0.2788086 0.4394531 0.2768555 0.4626465 0.2709961 0.4562988 0.2915039 0.4614258 0.2788086 0.4680176 0.2797852 0.4394531 0.2768555 0.4614258 0.2788086 0.4428711 0.2861328 0.4562988 0.2915039 0.4428711 0.2861328 0.4614258 0.2788086 0.4428711 0.2861328 0.4562988 0.2915039 0.4467774 0.2954102 0.4572754 0.2236328 0.4436035 0.2290039 0.4477539 0.2197265 0.4572754 0.2236328 0.4621582 0.2368164 0.4436035 0.2290039 0.4621582 0.2368164 0.4401856 0.2382812 0.4436035 0.2290039 0.4621582 0.2368164 0.4572754 0.2236328 0.4685059 0.2358398 0.4628906 0.2446289 0.4401856 0.2382812 0.4621582 0.2368164 0.4628906 0.2446289 0.4621582 0.2368164 0.4685059 0.2358398 0.4628906 0.2446289 0.4375 0.2480468 0.4401856 0.2382812 0.4572754 0.2236328 0.4770508 0.2314453 0.4685059 0.2358398 0.4626465 0.2514649 0.4375 0.2480468 0.4628906 0.2446289 0.4626465 0.2514649 0.4365234 0.2573242 0.4375 0.2480468 0.4685059 0.2358398 0.4707031 0.2446289 0.4628906 0.2446289 0.4626465 0.2578125 0.4365234 0.2573242 0.4626465 0.2514649 0.4685059 0.2358398 0.4799805 0.2416992 0.4707031 0.2446289 0.4799805 0.2416992 0.4685059 0.2358398 0.4770508 0.2314453 0.4624024 0.2636719 0.4365234 0.2573242 0.4626465 0.2578125 0.4365234 0.2573242 0.4624024 0.2636719 0.4372559 0.2670899 0.4626465 0.2514649 0.4709473 0.2578125 0.4626465 0.2578125 0.4709473 0.2578125 0.4624024 0.2636719 0.4626465 0.2578125 0.4628906 0.2446289 0.4709473 0.2514649 0.4626465 0.2514649 0.4709473 0.2578125 0.4626465 0.2514649 0.4709473 0.2514649 0.4709473 0.2514649 0.4628906 0.2446289 0.4707031 0.2446289 0.4624024 0.2636719 0.4709473 0.2578125 0.4707031 0.2641602 0.4707031 0.2446289 0.4804688 0.25 0.4709473 0.2514649 0.4804688 0.25 0.4707031 0.2446289 0.4799805 0.2416992 0.4802246 0.2578125 0.4709473 0.2578125 0.4709473 0.2514649 0.4709473 0.2514649 0.4804688 0.25 0.4802246 0.2578125 0.4802246 0.2578125 0.4707031 0.2641602 0.4709473 0.2578125 0.4626465 0.2709961 0.4372559 0.2670899 0.4624024 0.2636719 0.4626465 0.2709961 0.4624024 0.2636719 0.4707031 0.2641602 0.4372559 0.2670899 0.4626465 0.2709961 0.4394531 0.2768555 0.4707031 0.2641602 0.4802246 0.2578125 0.4804688 0.265625 0.4614258 0.2788086 0.4394531 0.2768555 0.4626465 0.2709961 0.4394531 0.2768555 0.4614258 0.2788086 0.4428711 0.2861328 0.470459 0.2709961 0.4626465 0.2709961 0.4707031 0.2641602 0.4804688 0.265625 0.470459 0.2709961 0.4707031 0.2641602 0.4626465 0.2709961 0.4680176 0.2797852 0.4614258 0.2788086 0.4680176 0.2797852 0.4626465 0.2709961 0.470459 0.2709961 0.4562988 0.2915039 0.4428711 0.2861328 0.4614258 0.2788086 0.4562988 0.2915039 0.4614258 0.2788086 0.4680176 0.2797852 0.4428711 0.2861328 0.4562988 0.2915039 0.4467774 0.2954102 0.4763184 0.284668 0.4562988 0.2915039 0.4680176 0.2797852 0.470459 0.2709961 0.4763184 0.284668 0.4680176 0.2797852 0.5249024 0.3105469 0.4680176 0.3017578 0.4763184 0.284668 0.470459 0.2709961 0.4797363 0.2744141 0.4763184 0.284668 0.470459 0.2709961 0.4804688 0.265625 0.4797363 0.2744141 0.4763184 0.284668 0.5297852 0.2895508 0.5249024 0.3105469 0.4797363 0.2744141 0.5297852 0.2895508 0.4763184 0.284668 0.5297852 0.2895508 0.5830078 0.315918 0.5249024 0.3105469 0.5322266 0.269043 0.4797363 0.2744141 0.4804688 0.265625 0.5297852 0.2895508 0.5859375 0.293457 0.5830078 0.315918 0.5859375 0.293457 0.6459961 0.3217774 0.5830078 0.315918 0.4797363 0.2744141 0.53125 0.2792969 0.5297852 0.2895508 0.53125 0.2792969 0.5859375 0.293457 0.5297852 0.2895508 0.4797363 0.2744141 0.5322266 0.269043 0.53125 0.2792969 0.6459961 0.3217774 0.5859375 0.293457 0.6484375 0.2983399 0.6484375 0.2983399 0.7026367 0.3261719 0.6459961 0.3217774 0.6484375 0.2983399 0.7045899 0.3032227 0.7026367 0.3261719 0.53125 0.2792969 0.5874024 0.2822266 0.5859375 0.293457 0.5874024 0.2822266 0.6484375 0.2983399 0.5859375 0.293457 0.6494141 0.2856445 0.7045899 0.3032227 0.6484375 0.2983399 0.5874024 0.2822266 0.6494141 0.2856445 0.6484375 0.2983399 0.6494141 0.2856445 0.7055664 0.2890625 0.7045899 0.3032227 0.6494141 0.2856445 0.706543 0.2749024 0.7055664 0.2890625 0.706543 0.2749024 0.6494141 0.2856445 0.6503906 0.2729492 0.5874024 0.2822266 0.6503906 0.2729492 0.6494141 0.2856445 0.6503906 0.2729492 0.706543 0.2612305 0.706543 0.2749024 0.53125 0.2792969 0.5883789 0.2709961 0.5874024 0.2822266 0.6503906 0.2729492 0.5874024 0.2822266 0.5883789 0.2709961 0.5883789 0.2709961 0.53125 0.2792969 0.5322266 0.269043 0.706543 0.2612305 0.6503906 0.2729492 0.6503906 0.2602539 0.5883789 0.2709961 0.6503906 0.2602539 0.6503906 0.2729492 0.5322266 0.269043 0.5888672 0.2592774 0.5883789 0.2709961 0.6503906 0.2602539 0.5883789 0.2709961 0.5888672 0.2592774 0.6503906 0.2475585 0.706543 0.2612305 0.6503906 0.2602539 0.6503906 0.2475585 0.706543 0.2470703 0.706543 0.2612305 0.5888672 0.2480468 0.6503906 0.2602539 0.5888672 0.2592774 0.6503906 0.2602539 0.5888672 0.2480468 0.6503906 0.2475585 0.5888672 0.2592774 0.5322266 0.269043 0.5322266 0.2587891 0.4804688 0.265625 0.5322266 0.2587891 0.5322266 0.269043 0.5322266 0.2587891 0.4804688 0.265625 0.4802246 0.2578125 0.5322266 0.2587891 0.4802246 0.2578125 0.4804688 0.25 0.5322266 0.2485351 0.5888672 0.2592774 0.5322266 0.2587891 0.4804688 0.25 0.5322266 0.2485351 0.5322266 0.2587891 0.5322266 0.2485351 0.5888672 0.2480468 0.5888672 0.2592774 0.5322266 0.2485351 0.4804688 0.25 0.4799805 0.2416992 0.4799805 0.2416992 0.5317383 0.2377929 0.5322266 0.2485351 0.5317383 0.2377929 0.5888672 0.2480468 0.5322266 0.2485351 0.4770508 0.2314453 0.5317383 0.2377929 0.4799805 0.2416992 0.5317383 0.2377929 0.5878906 0.2368164 0.5888672 0.2480468 0.5878906 0.2368164 0.6503906 0.2475585 0.5888672 0.2480468 0.5317383 0.2377929 0.4770508 0.2314453 0.5307617 0.227539 0.5307617 0.227539 0.5878906 0.2368164 0.5317383 0.2377929 0.5263672 0.2065429 0.4770508 0.2314453 0.4689942 0.2143554 0.4770508 0.2314453 0.5263672 0.2065429 0.5307617 0.227539 0.5844727 0.2026367 0.5307617 0.227539 0.5263672 0.2065429 0.5307617 0.227539 0.5844727 0.2026367 0.5869141 0.2250976 0.5878906 0.2368164 0.5307617 0.227539 0.5869141 0.2250976 0.6474609 0.1987304 0.5869141 0.2250976 0.5844727 0.2026367 0.6503906 0.2475585 0.5878906 0.2368164 0.6503906 0.2348632 0.5869141 0.2250976 0.6503906 0.2348632 0.5878906 0.2368164 0.6503906 0.2348632 0.706543 0.2470703 0.6503906 0.2475585 0.6503906 0.2348632 0.706543 0.2329101 0.706543 0.2470703 0.5869141 0.2250976 0.6474609 0.1987304 0.6494141 0.2221679 0.6503906 0.2348632 0.5869141 0.2250976 0.6494141 0.2221679 0.6494141 0.2221679 0.706543 0.2329101 0.6503906 0.2348632 0.7045899 0.1958007 0.6494141 0.2221679 0.6474609 0.1987304 0.706543 0.2329101 0.6494141 0.2221679 0.7055664 0.21875 0.6494141 0.2221679 0.7045899 0.1958007 0.7055664 0.21875 0.4572754 0.2236328 0.4436035 0.2290039 0.4477539 0.2197265 0.4572754 0.2236328 0.4621582 0.2368164 0.4436035 0.2290039 0.4621582 0.2368164 0.4401856 0.2382812 0.4436035 0.2290039 0.4621582 0.2368164 0.4572754 0.2236328 0.4685059 0.2358398 0.4628906 0.2446289 0.4401856 0.2382812 0.4621582 0.2368164 0.4628906 0.2446289 0.4621582 0.2368164 0.4685059 0.2358398 0.4628906 0.2446289 0.4375 0.2480468 0.4401856 0.2382812 0.4572754 0.2236328 0.4770508 0.2314453 0.4685059 0.2358398 0.4626465 0.2514649 0.4375 0.2480468 0.4628906 0.2446289 0.4626465 0.2514649 0.4365234 0.2573242 0.4375 0.2480468 0.4685059 0.2358398 0.4707031 0.2446289 0.4628906 0.2446289 0.4770508 0.2314453 0.4707031 0.2446289 0.4685059 0.2358398 0.4628906 0.2446289 0.4709473 0.2514649 0.4626465 0.2514649 0.4709473 0.2514649 0.4628906 0.2446289 0.4707031 0.2446289 0.4626465 0.2578125 0.4365234 0.2573242 0.4626465 0.2514649 0.5263672 0.2065429 0.4770508 0.2314453 0.4689942 0.2143554 0.4624024 0.2636719 0.4365234 0.2573242 0.4626465 0.2578125 0.4365234 0.2573242 0.4624024 0.2636719 0.4372559 0.2670899 0.4626465 0.2514649 0.4709473 0.2578125 0.4626465 0.2578125 0.4709473 0.2578125 0.4624024 0.2636719 0.4626465 0.2578125 0.4709473 0.2578125 0.4626465 0.2514649 0.4709473 0.2514649 0.4626465 0.2709961 0.4372559 0.2670899 0.4624024 0.2636719 0.4372559 0.2670899 0.4626465 0.2709961 0.4394531 0.2768555 0.4624024 0.2636719 0.4709473 0.2578125 0.4707031 0.2641602 0.4626465 0.2709961 0.4624024 0.2636719 0.4707031 0.2641602 0.4709473 0.2578125 0.4709473 0.2514649 0.4802246 0.2578125 0.4802246 0.2578125 0.4707031 0.2641602 0.4709473 0.2578125 0.4614258 0.2788086 0.4394531 0.2768555 0.4626465 0.2709961 0.4394531 0.2768555 0.4614258 0.2788086 0.4428711 0.2861328 0.4428711 0.2861328 0.4562988 0.2915039 0.4467774 0.2954102 0.4562988 0.2915039 0.4428711 0.2861328 0.4614258 0.2788086 0.4562988 0.2915039 0.4614258 0.2788086 0.4680176 0.2797852 0.4626465 0.2709961 0.4680176 0.2797852 0.4614258 0.2788086 0.4763184 0.284668 0.4562988 0.2915039 0.4680176 0.2797852 0.4680176 0.2797852 0.4626465 0.2709961 0.470459 0.2709961 0.470459 0.2709961 0.4626465 0.2709961 0.4707031 0.2641602 0.4797363 0.2744141 0.4680176 0.2797852 0.470459 0.2709961 0.4680176 0.2797852 0.4797363 0.2744141 0.4763184 0.284668 0.4804688 0.265625 0.470459 0.2709961 0.4707031 0.2641602 0.470459 0.2709961 0.4804688 0.265625 0.4797363 0.2744141 0.4707031 0.2641602 0.4802246 0.2578125 0.4804688 0.265625 0.5249024 0.3105469 0.4680176 0.3017578 0.4763184 0.284668 0.5322266 0.2587891 0.4804688 0.265625 0.4802246 0.2578125 0.4763184 0.284668 0.5297852 0.2895508 0.5249024 0.3105469 0.5297852 0.2895508 0.5830078 0.315918 0.5249024 0.3105469 0.53125 0.2792969 0.4763184 0.284668 0.4797363 0.2744141 0.4763184 0.284668 0.53125 0.2792969 0.5297852 0.2895508 0.5322266 0.269043 0.4797363 0.2744141 0.4804688 0.265625 0.4797363 0.2744141 0.5322266 0.269043 0.53125 0.2792969 0.4804688 0.265625 0.5322266 0.2587891 0.5322266 0.269043 0.5297852 0.2895508 0.5859375 0.293457 0.5830078 0.315918 0.5859375 0.293457 0.6459961 0.3217774 0.5830078 0.315918 0.5874024 0.2822266 0.5297852 0.2895508 0.53125 0.2792969 0.5297852 0.2895508 0.5874024 0.2822266 0.5859375 0.293457 0.5883789 0.2709961 0.53125 0.2792969 0.5322266 0.269043 0.53125 0.2792969 0.5883789 0.2709961 0.5874024 0.2822266 0.6459961 0.3217774 0.5859375 0.293457 0.6484375 0.2983399 0.6484375 0.2983399 0.7026367 0.3261719 0.6459961 0.3217774 0.6484375 0.2983399 0.7045899 0.3032227 0.7026367 0.3261719 0.6484375 0.2983399 0.7055664 0.2890625 0.7045899 0.3032227 0.5859375 0.293457 0.6494141 0.2856445 0.6484375 0.2983399 0.7055664 0.2890625 0.6484375 0.2983399 0.6494141 0.2856445 0.6494141 0.2856445 0.5859375 0.293457 0.5874024 0.2822266 0.6494141 0.2856445 0.706543 0.2749024 0.7055664 0.2890625 0.6494141 0.2856445 0.5874024 0.2822266 0.6503906 0.2729492 0.706543 0.2749024 0.6494141 0.2856445 0.6503906 0.2729492 0.5883789 0.2709961 0.6503906 0.2729492 0.5874024 0.2822266 0.6503906 0.2729492 0.706543 0.2612305 0.706543 0.2749024 0.5883789 0.2709961 0.6503906 0.2602539 0.6503906 0.2729492 0.706543 0.2612305 0.6503906 0.2729492 0.6503906 0.2602539 0.5322266 0.269043 0.5888672 0.2592774 0.5883789 0.2709961 0.6503906 0.2602539 0.5883789 0.2709961 0.5888672 0.2592774 0.5888672 0.2592774 0.5322266 0.269043 0.5322266 0.2587891 0.706543 0.2612305 0.6503906 0.2602539 0.6503906 0.2475585 0.706543 0.2612305 0.6503906 0.2475585 0.706543 0.2470703 0.5888672 0.2480468 0.6503906 0.2602539 0.5888672 0.2592774 0.6503906 0.2602539 0.5888672 0.2480468 0.6503906 0.2475585 0.5888672 0.2592774 0.5322266 0.2587891 0.5322266 0.2485351 0.5888672 0.2592774 0.5322266 0.2485351 0.5888672 0.2480468 0.706543 0.2470703 0.6503906 0.2475585 0.6503906 0.2348632 0.706543 0.2470703 0.6503906 0.2348632 0.706543 0.2329101 0.6503906 0.2348632 0.7055664 0.21875 0.706543 0.2329101 0.5878906 0.2368164 0.6503906 0.2475585 0.5888672 0.2480468 0.6503906 0.2475585 0.5878906 0.2368164 0.6503906 0.2348632 0.7055664 0.21875 0.6503906 0.2348632 0.6494141 0.2221679 0.5878906 0.2368164 0.6494141 0.2221679 0.6503906 0.2348632 0.6494141 0.2221679 0.7045899 0.1958007 0.7055664 0.21875 0.7045899 0.1958007 0.6494141 0.2221679 0.6474609 0.1987304 0.5869141 0.2250976 0.6474609 0.1987304 0.6494141 0.2221679 0.6494141 0.2221679 0.5878906 0.2368164 0.5869141 0.2250976 0.6474609 0.1987304 0.5869141 0.2250976 0.5844727 0.2026367 0.5888672 0.2480468 0.5317383 0.2377929 0.5878906 0.2368164 0.5317383 0.2377929 0.5869141 0.2250976 0.5878906 0.2368164 0.5888672 0.2480468 0.5322266 0.2485351 0.5317383 0.2377929 0.5307617 0.227539 0.5844727 0.2026367 0.5869141 0.2250976 0.5869141 0.2250976 0.5317383 0.2377929 0.5307617 0.227539 0.5844727 0.2026367 0.5307617 0.227539 0.5263672 0.2065429 0.4770508 0.2314453 0.5263672 0.2065429 0.5307617 0.227539 0.4799805 0.2416992 0.5307617 0.227539 0.5317383 0.2377929 0.5307617 0.227539 0.4799805 0.2416992 0.4770508 0.2314453 0.5322266 0.2485351 0.4799805 0.2416992 0.5317383 0.2377929 0.4707031 0.2446289 0.4770508 0.2314453 0.4799805 0.2416992 0.5322266 0.2485351 0.4804688 0.25 0.4799805 0.2416992 0.4804688 0.25 0.4707031 0.2446289 0.4799805 0.2416992 0.5322266 0.2587891 0.4804688 0.25 0.5322266 0.2485351 0.4709473 0.2514649 0.4707031 0.2446289 0.4804688 0.25 0.5322266 0.2587891 0.4802246 0.2578125 0.4804688 0.25 0.4802246 0.2578125 0.4709473 0.2514649 0.4804688 0.25 0.4572754 0.2236328 0.4436035 0.2290039 0.4477539 0.2197265 0.4572754 0.2236328 0.4621582 0.2368164 0.4436035 0.2290039 0.4621582 0.2368164 0.4401856 0.2382812 0.4436035 0.2290039 0.4621582 0.2368164 0.4572754 0.2236328 0.4685059 0.2358398 0.4628906 0.2446289 0.4401856 0.2382812 0.4621582 0.2368164 0.4628906 0.2446289 0.4621582 0.2368164 0.4685059 0.2358398 0.4628906 0.2446289 0.4375 0.2480468 0.4401856 0.2382812 0.4572754 0.2236328 0.4770508 0.2314453 0.4685059 0.2358398 0.4626465 0.2514649 0.4375 0.2480468 0.4628906 0.2446289 0.4626465 0.2514649 0.4365234 0.2573242 0.4375 0.2480468 0.4685059 0.2358398 0.4707031 0.2446289 0.4628906 0.2446289 0.4707031 0.2446289 0.4626465 0.2514649 0.4628906 0.2446289 0.4770508 0.2314453 0.4707031 0.2446289 0.4685059 0.2358398 0.4626465 0.2578125 0.4365234 0.2573242 0.4626465 0.2514649 0.5263672 0.2065429 0.4770508 0.2314453 0.4689942 0.2143554 0.4624024 0.2636719 0.4365234 0.2573242 0.4626465 0.2578125 0.4365234 0.2573242 0.4624024 0.2636719 0.4372559 0.2670899 0.4770508 0.2314453 0.5263672 0.2065429 0.5307617 0.227539 0.5844727 0.2026367 0.5307617 0.227539 0.5263672 0.2065429 0.4626465 0.2709961 0.4372559 0.2670899 0.4624024 0.2636719 0.4372559 0.2670899 0.4626465 0.2709961 0.4394531 0.2768555 0.5307617 0.227539 0.5844727 0.2026367 0.5869141 0.2250976 0.6474609 0.1987304 0.5869141 0.2250976 0.5844727 0.2026367 0.5307617 0.227539 0.4799805 0.2416992 0.4770508 0.2314453 0.4707031 0.2446289 0.4770508 0.2314453 0.4799805 0.2416992 0.5869141 0.2250976 0.5317383 0.2377929 0.5307617 0.227539 0.4799805 0.2416992 0.5307617 0.227539 0.5317383 0.2377929 0.5869141 0.2250976 0.6474609 0.1987304 0.6494141 0.2221679 0.7045899 0.1958007 0.6494141 0.2221679 0.6474609 0.1987304 0.6494141 0.2221679 0.7045899 0.1958007 0.7055664 0.21875 0.6494141 0.2221679 0.5878906 0.2368164 0.5869141 0.2250976 0.5317383 0.2377929 0.5869141 0.2250976 0.5878906 0.2368164 0.7055664 0.21875 0.6503906 0.2348632 0.6494141 0.2221679 0.5878906 0.2368164 0.6494141 0.2221679 0.6503906 0.2348632 0.6503906 0.2348632 0.7055664 0.21875 0.706543 0.2329101 0.706543 0.2470703 0.6503906 0.2348632 0.706543 0.2329101 0.6503906 0.2348632 0.706543 0.2470703 0.6503906 0.2475585 0.6503906 0.2475585 0.5878906 0.2368164 0.6503906 0.2348632 0.706543 0.2612305 0.6503906 0.2475585 0.706543 0.2470703 0.5888672 0.2480468 0.5317383 0.2377929 0.5878906 0.2368164 0.5878906 0.2368164 0.6503906 0.2475585 0.5888672 0.2480468 0.6503906 0.2475585 0.706543 0.2612305 0.6503906 0.2602539 0.6503906 0.2602539 0.5888672 0.2480468 0.6503906 0.2475585 0.5317383 0.2377929 0.5888672 0.2480468 0.5322266 0.2485351 0.5322266 0.2485351 0.4799805 0.2416992 0.5317383 0.2377929 0.5888672 0.2480468 0.6503906 0.2602539 0.5888672 0.2592774 0.5888672 0.2592774 0.5322266 0.2485351 0.5888672 0.2480468 0.706543 0.2612305 0.6503906 0.2729492 0.6503906 0.2602539 0.6503906 0.2729492 0.706543 0.2612305 0.706543 0.2749024 0.6503906 0.2602539 0.5883789 0.2709961 0.5888672 0.2592774 0.5883789 0.2709961 0.6503906 0.2602539 0.6503906 0.2729492 0.706543 0.2749024 0.6494141 0.2856445 0.6503906 0.2729492 0.6494141 0.2856445 0.706543 0.2749024 0.7055664 0.2890625 0.6503906 0.2729492 0.5874024 0.2822266 0.5883789 0.2709961 0.5874024 0.2822266 0.6503906 0.2729492 0.6494141 0.2856445 0.7055664 0.2890625 0.6484375 0.2983399 0.6494141 0.2856445 0.6484375 0.2983399 0.7055664 0.2890625 0.7045899 0.3032227 0.6484375 0.2983399 0.7045899 0.3032227 0.7026367 0.3261719 0.6484375 0.2983399 0.7026367 0.3261719 0.6459961 0.3217774 0.5859375 0.293457 0.6494141 0.2856445 0.6484375 0.2983399 0.6459961 0.3217774 0.5859375 0.293457 0.6484375 0.2983399 0.6494141 0.2856445 0.5859375 0.293457 0.5874024 0.2822266 0.5859375 0.293457 0.6459961 0.3217774 0.5830078 0.315918 0.5297852 0.2895508 0.5859375 0.293457 0.5830078 0.315918 0.5297852 0.2895508 0.5874024 0.2822266 0.5859375 0.293457 0.5297852 0.2895508 0.5830078 0.315918 0.5249024 0.3105469 0.5874024 0.2822266 0.5297852 0.2895508 0.53125 0.2792969 0.53125 0.2792969 0.5883789 0.2709961 0.5874024 0.2822266 0.4763184 0.284668 0.5297852 0.2895508 0.5249024 0.3105469 0.5249024 0.3105469 0.4680176 0.3017578 0.4763184 0.284668 0.4763184 0.284668 0.53125 0.2792969 0.5297852 0.2895508 0.5883789 0.2709961 0.53125 0.2792969 0.5322266 0.269043 0.5322266 0.269043 0.5888672 0.2592774 0.5883789 0.2709961 0.53125 0.2792969 0.4763184 0.284668 0.4797363 0.2744141 0.4797363 0.2744141 0.5322266 0.269043 0.53125 0.2792969 0.5888672 0.2592774 0.5322266 0.269043 0.5322266 0.2587891 0.5322266 0.2485351 0.5888672 0.2592774 0.5322266 0.2587891 0.5322266 0.269043 0.4797363 0.2744141 0.4804688 0.265625 0.4804688 0.265625 0.5322266 0.2587891 0.5322266 0.269043 0.4680176 0.2797852 0.4797363 0.2744141 0.4763184 0.284668 0.4763184 0.284668 0.4562988 0.2915039 0.4680176 0.2797852 0.470459 0.2709961 0.4804688 0.265625 0.4797363 0.2744141 0.4797363 0.2744141 0.4680176 0.2797852 0.470459 0.2709961 0.4428711 0.2861328 0.4562988 0.2915039 0.4467774 0.2954102 0.4562988 0.2915039 0.4428711 0.2861328 0.4614258 0.2788086 0.4562988 0.2915039 0.4614258 0.2788086 0.4680176 0.2797852 0.4394531 0.2768555 0.4614258 0.2788086 0.4428711 0.2861328 0.4614258 0.2788086 0.4394531 0.2768555 0.4626465 0.2709961 0.4626465 0.2709961 0.4680176 0.2797852 0.4614258 0.2788086 0.4680176 0.2797852 0.4626465 0.2709961 0.470459 0.2709961 0.470459 0.2709961 0.4626465 0.2709961 0.4707031 0.2641602 0.4804688 0.265625 0.470459 0.2709961 0.4707031 0.2641602 0.4626465 0.2709961 0.4624024 0.2636719 0.4707031 0.2641602 0.4626465 0.2578125 0.4707031 0.2641602 0.4624024 0.2636719 0.4707031 0.2641602 0.4802246 0.2578125 0.4804688 0.265625 0.5322266 0.2587891 0.4804688 0.265625 0.4802246 0.2578125 0.4707031 0.2641602 0.4626465 0.2578125 0.4709473 0.2578125 0.4802246 0.2578125 0.4707031 0.2641602 0.4709473 0.2578125 0.4626465 0.2514649 0.4709473 0.2578125 0.4626465 0.2578125 0.4804688 0.25 0.5322266 0.2587891 0.4802246 0.2578125 0.5322266 0.2587891 0.4804688 0.25 0.5322266 0.2485351 0.4799805 0.2416992 0.5322266 0.2485351 0.4804688 0.25 0.4707031 0.2446289 0.4799805 0.2416992 0.4804688 0.25 0.4709473 0.2514649 0.4802246 0.2578125 0.4709473 0.2578125 0.4709473 0.2514649 0.4804688 0.25 0.4802246 0.2578125 0.4709473 0.2578125 0.4626465 0.2514649 0.4709473 0.2514649 0.4804688 0.25 0.4709473 0.2514649 0.4707031 0.2446289 0.4707031 0.2446289 0.4709473 0.2514649 0.4626465 0.2514649 0.4736328 0.2006835 0.484375 0.1899414 0.46875 0.1918945 0.4824219 0.2055664 0.484375 0.1899414 0.4736328 0.2006835 0.4831543 0.1855468 0.46875 0.1918945 0.484375 0.1899414 0.484375 0.1899414 0.4824219 0.2055664 0.4887695 0.1914062 0.46875 0.1918945 0.4831543 0.1855468 0.46875 0.1816406 0.4824219 0.2055664 0.4926758 0.2055664 0.4887695 0.1914062 0.4736328 0.1728515 0.46875 0.1816406 0.4831543 0.1855468 0.4926758 0.2055664 0.5014649 0.2006835 0.4887695 0.1914062 0.4863281 0.1826171 0.4736328 0.1728515 0.4831543 0.1855468 0.5014649 0.2006835 0.4919434 0.1879882 0.4887695 0.1914062 0.4736328 0.1728515 0.4863281 0.1826171 0.4824219 0.1679687 0.4919434 0.1879882 0.5014649 0.2006835 0.5063477 0.1918945 0.4926758 0.1679687 0.4824219 0.1679687 0.4863281 0.1826171 0.5063477 0.1816406 0.4919434 0.1879882 0.5063477 0.1918945 0.4907227 0.1835937 0.4926758 0.1679687 0.4863281 0.1826171 0.4919434 0.1879882 0.5063477 0.1816406 0.4907227 0.1835937 0.4926758 0.1679687 0.4907227 0.1835937 0.5014649 0.1728515 0.5063477 0.1816406 0.5014649 0.1728515 0.4907227 0.1835937 0.239624 0.932251 0.232788 0.9246216 0.2419433 0.9300537 0.2419433 0.9300537 0.2470703 0.9392395 0.239624 0.932251 0.232788 0.9246216 0.239624 0.932251 0.2318115 0.9277344 0.2318115 0.9277344 0.2219238 0.9246216 0.232788 0.9246216 0.2441406 0.940033 0.239624 0.932251 0.2470703 0.9392395 0.2219238 0.9246216 0.2318115 0.9277344 0.2227783 0.9277954 0.2318115 0.9277344 0.239624 0.932251 0.2149658 0.9325562 0.2149658 0.9325562 0.2227783 0.9277954 0.2318115 0.9277344 0.2227783 0.9277954 0.2149658 0.9325562 0.2219238 0.9246216 0.2149658 0.9325562 0.239624 0.932251 0.2441406 0.940033 0.2149658 0.9325562 0.2126464 0.9303589 0.2219238 0.9246216 0.2149658 0.9325562 0.2073974 0.9394226 0.2126464 0.9303589 0.2470703 0.9392395 0.2442626 0.9490357 0.2441406 0.940033 0.2442626 0.9490357 0.2470703 0.9392395 0.2473144 0.9497681 0.2421875 0.9591065 0.2442626 0.9490357 0.2473144 0.9497681 0.2073974 0.9394226 0.2149658 0.9325562 0.2104492 0.9402466 0.2104492 0.9402466 0.2072753 0.9500122 0.2073974 0.9394226 0.2442626 0.9490357 0.2421875 0.9591065 0.2398681 0.9569092 0.2072753 0.9500122 0.2104492 0.9402466 0.2104492 0.9491577 0.2104492 0.9491577 0.2104492 0.9402466 0.2149658 0.9325562 0.2421875 0.9591065 0.232788 0.9646301 0.2398681 0.9569092 0.2149658 0.9569092 0.2072753 0.9500122 0.2104492 0.9491577 0.2149658 0.9569092 0.2104492 0.9491577 0.2149658 0.9325562 0.2072753 0.9500122 0.2149658 0.9569092 0.2127685 0.9591065 0.2227783 0.9613037 0.2149658 0.9569092 0.2149658 0.9325562 0.2227783 0.9613037 0.2127685 0.9591065 0.2149658 0.9569092 0.2149658 0.9325562 0.2441406 0.940033 0.2227783 0.9613037 0.2441406 0.940033 0.2442626 0.9490357 0.2227783 0.9613037 0.2442626 0.9490357 0.2398681 0.9569092 0.2227783 0.9613037 0.2219238 0.9643555 0.2127685 0.9591065 0.2227783 0.9613037 0.2227783 0.9613037 0.232788 0.9646301 0.2219238 0.9643555 0.2398681 0.9569092 0.2319335 0.9614258 0.2227783 0.9613037 0.2398681 0.9569092 0.232788 0.9646301 0.2319335 0.9614258 0.232788 0.9646301 0.2227783 0.9613037 0.2319335 0.9614258 0.09606933 0.03710937 0.07476806 0.08349609 0.05828857 0.06835937 0.03680419 0.09765625 0.05828857 0.06835937 0.07476806 0.08349609 0.07476806 0.08349609 0.09606933 0.03710937 0.1083374 0.05517578 0.1333007 0.01660156 0.1083374 0.05517578 0.09606933 0.03710937 0.03680419 0.09765625 0.07476806 0.08349609 0.05490112 0.109375 0.1083374 0.05517578 0.1333007 0.01660156 0.1538085 0.03271484 0.1738281 0.00390625 0.1538085 0.03271484 0.1333007 0.01660156 0.07476806 0.08349609 0.1083374 0.05517578 0.08557128 0.08642578 0.08557128 0.08642578 0.05490112 0.109375 0.07476806 0.08349609 0.1538085 0.03271484 0.1134643 0.06298828 0.1083374 0.05517578 0.1134643 0.06298828 0.08557128 0.08642578 0.1083374 0.05517578 0.1538085 0.03271484 0.1738281 0.00390625 0.1783447 0.02539062 0.213623 0.002441406 0.1783447 0.02539062 0.1738281 0.00390625 0.1134643 0.06298828 0.1538085 0.03271484 0.1568603 0.0415039 0.1800537 0.03417968 0.1538085 0.03271484 0.1783447 0.02539062 0.1538085 0.03271484 0.1800537 0.03417968 0.1568603 0.0415039 0.1783447 0.02539062 0.213623 0.002441406 0.2156982 0.02001953 0.2156982 0.02001953 0.1800537 0.03417968 0.1783447 0.02539062 0.1134643 0.06298828 0.1568603 0.0415039 0.1552734 0.1240234 0.1552734 0.1240234 0.1568603 0.0415039 0.1800537 0.03417968 0.1552734 0.1240234 0.08557128 0.08642578 0.1134643 0.06298828 0.1800537 0.03417968 0.2156982 0.02001953 0.2160644 0.03125 0.1800537 0.03417968 0.2160644 0.03125 0.1552734 0.1240234 0.213623 0.002441406 0.2543945 0.02490234 0.2156982 0.02001953 0.2543945 0.02490234 0.213623 0.002441406 0.2597656 0.00390625 0.2983399 0.01660156 0.2543945 0.02490234 0.2597656 0.00390625 0.2156982 0.02001953 0.2512207 0.03466796 0.2160644 0.03125 0.2512207 0.03466796 0.2156982 0.02001953 0.2543945 0.02490234 0.2160644 0.03125 0.2512207 0.03466796 0.2817383 0.1245117 0.2817383 0.1245117 0.1552734 0.1240234 0.2160644 0.03125 0.2543945 0.02490234 0.2802734 0.04248046 0.2512207 0.03466796 0.2802734 0.04248046 0.2817383 0.1245117 0.2512207 0.03466796 0.2543945 0.02490234 0.2983399 0.01660156 0.2895508 0.03710937 0.2802734 0.04248046 0.2543945 0.02490234 0.2895508 0.03710937 0.2983399 0.01660156 0.3237305 0.05224609 0.2895508 0.03710937 0.3237305 0.05224609 0.2983399 0.01660156 0.3342285 0.03417968 0.2895508 0.03710937 0.3190918 0.05957031 0.2802734 0.04248046 0.3190918 0.05957031 0.2895508 0.03710937 0.3237305 0.05224609 0.2817383 0.1245117 0.2802734 0.04248046 0.3190918 0.05957031 0.3701172 0.06298828 0.3237305 0.05224609 0.3342285 0.03417968 0.3237305 0.05224609 0.3474121 0.08251953 0.3190918 0.05957031 0.3190918 0.05957031 0.3474121 0.08251953 0.2817383 0.1245117 0.3237305 0.05224609 0.3701172 0.06298828 0.3574219 0.07910156 0.3474121 0.08251953 0.3237305 0.05224609 0.3574219 0.07910156 0.3959961 0.09521484 0.3574219 0.07910156 0.3701172 0.06298828 0.3574219 0.07910156 0.3708496 0.1103515 0.3474121 0.08251953 0.3474121 0.08251953 0.3708496 0.1103515 0.2817383 0.1245117 0.3574219 0.07910156 0.3959961 0.09521484 0.3774414 0.1074218 0.3708496 0.1103515 0.3574219 0.07910156 0.3774414 0.1074218 0.3959961 0.09521484 0.3974609 0.1381835 0.3774414 0.1074218 0.3959961 0.09521484 0.4172363 0.1293945 0.3974609 0.1381835 0.3774414 0.1074218 0.388916 0.1416015 0.3708496 0.1103515 0.388916 0.1416015 0.3774414 0.1074218 0.3974609 0.1381835 0.3708496 0.1103515 0.388916 0.1416015 0.2817383 0.1245117 0.4172363 0.1293945 0.4084473 0.1694335 0.3974609 0.1381835 0.3974609 0.1381835 0.4084473 0.1694335 0.388916 0.1416015 0.4172363 0.1293945 0.4289551 0.1645507 0.4084473 0.1694335 0.4313965 0.2094726 0.4084473 0.1694335 0.4289551 0.1645507 0.4001465 0.1762695 0.388916 0.1416015 0.4084473 0.1694335 0.2817383 0.1245117 0.388916 0.1416015 0.4001465 0.1762695 0.4084473 0.1694335 0.4313965 0.2094726 0.4125977 0.211914 0.4084473 0.1694335 0.4125977 0.211914 0.4001465 0.1762695 0.4001465 0.1762695 0.4040527 0.2124023 0.2817383 0.1245117 0.4040527 0.2124023 0.4001465 0.1762695 0.4125977 0.211914 0.4121094 0.2421875 0.4125977 0.211914 0.4313965 0.2094726 0.4121094 0.2421875 0.4040527 0.2124023 0.4125977 0.211914 0.4313965 0.2094726 0.4333496 0.2460937 0.4121094 0.2421875 0.4199219 0.2958984 0.4121094 0.2421875 0.4333496 0.2460937 0.4013672 0.2490234 0.4040527 0.2124023 0.4121094 0.2421875 0.4121094 0.2421875 0.4199219 0.2958984 0.3996582 0.2880859 0.4121094 0.2421875 0.3996582 0.2880859 0.4013672 0.2490234 0.4003906 0.3339844 0.3996582 0.2880859 0.4199219 0.2958984 0.4040527 0.2124023 0.4013672 0.2490234 0.284668 0.3061524 0.284668 0.3061524 0.2817383 0.1245117 0.4040527 0.2124023 0.4013672 0.2490234 0.3996582 0.2880859 0.3911133 0.2841797 0.4013672 0.2490234 0.3911133 0.2841797 0.284668 0.3061524 0.3996582 0.2880859 0.3742676 0.3168945 0.3911133 0.2841797 0.3911133 0.2841797 0.3742676 0.3168945 0.284668 0.3061524 0.3996582 0.2880859 0.4003906 0.3339844 0.3820801 0.3222656 0.3742676 0.3168945 0.3996582 0.2880859 0.3820801 0.3222656 0.3586426 0.3520508 0.3820801 0.3222656 0.4003906 0.3339844 0.4003906 0.3339844 0.3745117 0.3681641 0.3586426 0.3520508 0.3820801 0.3222656 0.3505859 0.3452149 0.3742676 0.3168945 0.3505859 0.3452149 0.3820801 0.3222656 0.3586426 0.3520508 0.3742676 0.3168945 0.3505859 0.3452149 0.284668 0.3061524 0.3366699 0.3725586 0.3586426 0.3520508 0.3745117 0.3681641 0.3366699 0.3725586 0.3505859 0.3452149 0.3586426 0.3520508 0.3745117 0.3681641 0.3496094 0.3930664 0.3366699 0.3725586 0.3037109 0.4155274 0.3366699 0.3725586 0.3496094 0.3930664 0.3505859 0.3452149 0.3366699 0.3725586 0.3269043 0.3652344 0.3505859 0.3452149 0.3269043 0.3652344 0.284668 0.3061524 0.3366699 0.3725586 0.3037109 0.4155274 0.295166 0.3955078 0.3366699 0.3725586 0.295166 0.3955078 0.3269043 0.3652344 0.2629395 0.4282227 0.295166 0.3955078 0.3037109 0.4155274 0.3269043 0.3652344 0.295166 0.3955078 0.2856445 0.387207 0.2856445 0.387207 0.284668 0.3061524 0.3269043 0.3652344 0.295166 0.3955078 0.2629395 0.4282227 0.2587891 0.4067383 0.295166 0.3955078 0.2587891 0.4067383 0.2856445 0.387207 0.2208251 0.4326172 0.2587891 0.4067383 0.2629395 0.4282227 0.2587891 0.4067383 0.2519531 0.3969727 0.2856445 0.387207 0.284668 0.3061524 0.2856445 0.387207 0.2519531 0.3969727 0.2587891 0.4067383 0.2208251 0.4326172 0.2207031 0.4106445 0.2587891 0.4067383 0.2207031 0.4106445 0.2519531 0.3969727 0.1784667 0.4287109 0.2207031 0.4106445 0.2208251 0.4326172 0.2519531 0.3969727 0.2209472 0.4008789 0.284668 0.3061524 0.2209472 0.4008789 0.2519531 0.3969727 0.2207031 0.4106445 0.2207031 0.4106445 0.1784667 0.4287109 0.1824951 0.4072266 0.1402587 0.4155274 0.1824951 0.4072266 0.1784667 0.4287109 0.2207031 0.4106445 0.1845703 0.3979492 0.2209472 0.4008789 0.1845703 0.3979492 0.2207031 0.4106445 0.1824951 0.4072266 0.1824951 0.4072266 0.1402587 0.4155274 0.1464843 0.3964844 0.1002807 0.3969727 0.1464843 0.3964844 0.1402587 0.4155274 0.1824951 0.4072266 0.1508789 0.3862305 0.1845703 0.3979492 0.1508789 0.3862305 0.1824951 0.4072266 0.1464843 0.3964844 0.1845703 0.3979492 0.1523437 0.3071289 0.2209472 0.4008789 0.1508789 0.3862305 0.1523437 0.3071289 0.1845703 0.3979492 0.284668 0.3061524 0.2209472 0.4008789 0.1523437 0.3071289 0.1464843 0.3964844 0.1174316 0.3710938 0.1508789 0.3862305 0.1508789 0.3862305 0.1174316 0.3710938 0.1523437 0.3071289 0.1464843 0.3964844 0.1002807 0.3969727 0.1120605 0.3789063 0.1174316 0.3710938 0.1464843 0.3964844 0.1120605 0.3789063 0.06744384 0.3706055 0.1120605 0.3789063 0.1002807 0.3969727 0.1120605 0.3789063 0.08905029 0.3481445 0.1174316 0.3710938 0.1174316 0.3710938 0.08905029 0.3481445 0.1523437 0.3071289 0.1120605 0.3789063 0.06744384 0.3706055 0.08239746 0.3549805 0.08905029 0.3481445 0.1120605 0.3789063 0.08239746 0.3549805 0.04379272 0.3388672 0.08239746 0.3549805 0.06744384 0.3706055 0.08239746 0.3549805 0.04379272 0.3388672 0.05911254 0.3261719 0.05911254 0.3261719 0.08905029 0.3481445 0.08239746 0.3549805 0.0198059 0.3007813 0.05911254 0.3261719 0.04379272 0.3388672 0.08905029 0.3481445 0.05911254 0.3261719 0.0661621 0.3203125 0.08905029 0.3481445 0.0661621 0.3203125 0.1523437 0.3071289 0.05911254 0.3261719 0.0198059 0.3007813 0.03955078 0.2924805 0.03955078 0.2924805 0.0661621 0.3203125 0.05911254 0.3261719 0.006820678 0.2602539 0.03955078 0.2924805 0.0198059 0.3007813 0.0661621 0.3203125 0.03955078 0.2924805 0.04830932 0.2885742 0.04830932 0.2885742 0.1523437 0.3071289 0.0661621 0.3203125 0.03955078 0.2924805 0.006820678 0.2602539 0.02806091 0.2558594 0.03955078 0.2924805 0.03729248 0.2539063 0.04830932 0.2885742 0.1523437 0.3071289 0.04830932 0.2885742 0.03729248 0.2539063 0.03729248 0.2539063 0.03955078 0.2924805 0.02806091 0.2558594 0.002117156 0.2182617 0.02806091 0.2558594 0.006820678 0.2602539 0.03729248 0.2539063 0.0331726 0.2177734 0.1523437 0.3071289 0.02806091 0.2558594 0.0331726 0.2177734 0.03729248 0.2539063 0.02806091 0.2558594 0.002117156 0.2182617 0.02375793 0.2177734 0.0331726 0.2177734 0.02806091 0.2558594 0.02375793 0.2177734 0.002117156 0.2182617 0.02467346 0.1870117 0.02375793 0.2177734 0.02467346 0.1870117 0.002117156 0.2182617 0.003356933 0.1831054 0.01747131 0.1352539 0.02467346 0.1870117 0.003356933 0.1831054 0.02375793 0.2177734 0.03497314 0.1884765 0.0331726 0.2177734 0.03497314 0.1884765 0.02375793 0.2177734 0.02467346 0.1870117 0.1552734 0.1240234 0.1523437 0.3071289 0.0331726 0.2177734 0.0331726 0.2177734 0.03497314 0.1884765 0.1552734 0.1240234 0.1552734 0.1240234 0.284668 0.3061524 0.1523437 0.3071289 0.284668 0.3061524 0.1552734 0.1240234 0.2817383 0.1245117 0.02467346 0.1870117 0.01747131 0.1352539 0.03753662 0.1430664 0.02467346 0.1870117 0.03753662 0.1430664 0.03497314 0.1884765 0.03680419 0.09765625 0.03753662 0.1430664 0.01747131 0.1352539 0.03753662 0.1430664 0.03680419 0.09765625 0.05490112 0.109375 0.03497314 0.1884765 0.04629516 0.1469726 0.1552734 0.1240234 0.04629516 0.1469726 0.03497314 0.1884765 0.03753662 0.1430664 0.05957031 0.1210937 0.1552734 0.1240234 0.04629516 0.1469726 0.03753662 0.1430664 0.05957031 0.1210937 0.04629516 0.1469726 0.05957031 0.1210937 0.03753662 0.1430664 0.05490112 0.109375 0.1552734 0.1240234 0.05957031 0.1210937 0.08557128 0.08642578 0.05490112 0.109375 0.08557128 0.08642578 0.05957031 0.1210937 0.5356445 0.3222656 0.4934082 0.3222656 0.4946289 0.3359375 0.451416 0.3334961 0.4946289 0.3359375 0.4934082 0.3222656 0.4946289 0.3359375 0.534668 0.3359375 0.5356445 0.3222656 0.534668 0.3359375 0.5776367 0.3310547 0.5356445 0.3222656 0.4946289 0.3359375 0.451416 0.3334961 0.4553223 0.3457031 0.534668 0.3359375 0.5737305 0.3442383 0.5776367 0.3310547 0.4182129 0.3603516 0.4553223 0.3457031 0.451416 0.3334961 0.451416 0.3334961 0.4118652 0.3496094 0.4182129 0.3603516 0.4714356 0.3959961 0.4946289 0.3359375 0.4553223 0.3457031 0.4182129 0.3603516 0.4714356 0.3959961 0.4553223 0.3457031 0.4946289 0.3359375 0.5297852 0.3901367 0.534668 0.3359375 0.5297852 0.3901367 0.4946289 0.3359375 0.4714356 0.3959961 0.5297852 0.3901367 0.5737305 0.3442383 0.534668 0.3359375 0.4118652 0.3496094 0.3837891 0.3823242 0.4182129 0.3603516 0.4118652 0.3496094 0.3757324 0.3730469 0.3837891 0.3823242 0.4714356 0.3959961 0.4182129 0.3603516 0.4199219 0.4233399 0.4199219 0.4233399 0.4182129 0.3603516 0.3837891 0.3823242 0.3757324 0.3730469 0.3566895 0.4121094 0.3837891 0.3823242 0.3566895 0.4121094 0.4199219 0.4233399 0.3837891 0.3823242 0.3566895 0.4121094 0.3757324 0.3730469 0.3464356 0.4047852 0.3464356 0.4047852 0.3352051 0.4438477 0.3566895 0.4121094 0.3352051 0.4438477 0.3464356 0.4047852 0.3229981 0.4375 0.4199219 0.4233399 0.3566895 0.4121094 0.3852539 0.4697266 0.3852539 0.4697266 0.3566895 0.4121094 0.3352051 0.4438477 0.3229981 0.4375 0.3186035 0.4814453 0.3352051 0.4438477 0.3186035 0.4814453 0.3852539 0.4697266 0.3352051 0.4438477 0.3186035 0.4814453 0.3229981 0.4375 0.3056641 0.4785156 0.2993164 0.5166016 0.3186035 0.4814453 0.3056641 0.4785156 0.3186035 0.4814453 0.2993164 0.5166016 0.310791 0.5200195 0.2995606 0.5605469 0.310791 0.5200195 0.2993164 0.5166016 0.3852539 0.4697266 0.3186035 0.4814453 0.3681641 0.5256348 0.3681641 0.5256348 0.3186035 0.4814453 0.310791 0.5200195 0.310791 0.5200195 0.2995606 0.5605469 0.3127442 0.5593262 0.3127442 0.5593262 0.3681641 0.5256348 0.310791 0.5200195 0.309082 0.6030274 0.3127442 0.5593262 0.2995606 0.5605469 0.5170899 0.534668 0.3852539 0.4697266 0.3681641 0.5256348 0.5170899 0.534668 0.4199219 0.4233399 0.3852539 0.4697266 0.5170899 0.534668 0.4714356 0.3959961 0.4199219 0.4233399 0.5170899 0.534668 0.5297852 0.3901367 0.4714356 0.3959961 0.3681641 0.5256348 0.3127442 0.5593262 0.3754883 0.5847168 0.5170899 0.534668 0.3681641 0.5256348 0.3754883 0.5847168 0.3127442 0.5593262 0.309082 0.6030274 0.3217774 0.5991211 0.3754883 0.5847168 0.3127442 0.5593262 0.3217774 0.5991211 0.3349609 0.6357422 0.3217774 0.5991211 0.309082 0.6030274 0.3349609 0.6357422 0.3754883 0.5847168 0.3217774 0.5991211 0.309082 0.6030274 0.3232422 0.6420899 0.3349609 0.6357422 0.347168 0.6774902 0.3349609 0.6357422 0.3232422 0.6420899 0.3754883 0.5847168 0.3349609 0.6357422 0.4035645 0.6325684 0.5170899 0.534668 0.3754883 0.5847168 0.4035645 0.6325684 0.3349609 0.6357422 0.347168 0.6774902 0.3574219 0.6687012 0.4035645 0.6325684 0.3349609 0.6357422 0.3574219 0.6687012 0.3808594 0.706543 0.3574219 0.6687012 0.347168 0.6774902 0.4035645 0.6325684 0.3574219 0.6687012 0.3918457 0.6921387 0.3574219 0.6687012 0.3808594 0.706543 0.3918457 0.6921387 0.3918457 0.6921387 0.4445801 0.6713867 0.4035645 0.6325684 0.5170899 0.534668 0.4035645 0.6325684 0.4445801 0.6713867 0.4213867 0.71875 0.3918457 0.6921387 0.3808594 0.706543 0.4445801 0.6713867 0.3918457 0.6921387 0.4213867 0.71875 0.3808594 0.706543 0.4155274 0.7304688 0.4213867 0.71875 0.4155274 0.7304688 0.4567871 0.7353516 0.4213867 0.71875 0.4445801 0.6713867 0.4213867 0.71875 0.4567871 0.7353516 0.4155274 0.7304688 0.4533692 0.748291 0.4567871 0.7353516 0.5009766 0.6879883 0.4445801 0.6713867 0.4567871 0.7353516 0.5170899 0.534668 0.4445801 0.6713867 0.5009766 0.6879883 0.4533692 0.748291 0.4960938 0.7421875 0.4567871 0.7353516 0.4960938 0.7421875 0.5009766 0.6879883 0.4567871 0.7353516 0.4960938 0.7421875 0.4533692 0.748291 0.4956055 0.7553711 0.4956055 0.7553711 0.5356445 0.7416992 0.4960938 0.7421875 0.5009766 0.6879883 0.4960938 0.7421875 0.5356445 0.7416992 0.5356445 0.7416992 0.4956055 0.7553711 0.5375977 0.7548828 0.5795899 0.7446289 0.5356445 0.7416992 0.5375977 0.7548828 0.5595703 0.6811524 0.5009766 0.6879883 0.5356445 0.7416992 0.5170899 0.534668 0.5009766 0.6879883 0.5595703 0.6811524 0.5356445 0.7416992 0.5795899 0.7446289 0.5756836 0.7316895 0.5756836 0.7316895 0.5595703 0.6811524 0.5356445 0.7416992 0.5795899 0.7446289 0.6118164 0.7180176 0.5756836 0.7316895 0.5595703 0.6811524 0.5756836 0.7316895 0.6118164 0.7180176 0.6118164 0.7180176 0.5795899 0.7446289 0.6191406 0.7280274 0.5595703 0.6811524 0.6118164 0.7180176 0.6069336 0.6455078 0.5170899 0.534668 0.5595703 0.6811524 0.6069336 0.6455078 0.6445313 0.6955567 0.6118164 0.7180176 0.6191406 0.7280274 0.6069336 0.6455078 0.6118164 0.7180176 0.6445313 0.6955567 0.6445313 0.6955567 0.6191406 0.7280274 0.6538086 0.706543 0.6733399 0.6682129 0.6445313 0.6955567 0.6538086 0.706543 0.6069336 0.6455078 0.6445313 0.6955567 0.6733399 0.6682129 0.6733399 0.6682129 0.6538086 0.706543 0.684082 0.6762695 0.6069336 0.6455078 0.6733399 0.6682129 0.6464844 0.6047363 0.5170899 0.534668 0.6069336 0.6455078 0.6464844 0.6047363 0.6948242 0.6342774 0.6733399 0.6682129 0.684082 0.6762695 0.6464844 0.6047363 0.6733399 0.6682129 0.6948242 0.6342774 0.684082 0.6762695 0.706543 0.6391602 0.6948242 0.6342774 0.7089844 0.5952149 0.6948242 0.6342774 0.706543 0.6391602 0.6464844 0.6047363 0.6948242 0.6342774 0.7089844 0.5952149 0.706543 0.6391602 0.7211914 0.5976563 0.7089844 0.5952149 0.7089844 0.5952149 0.6635742 0.552002 0.6464844 0.6047363 0.5170899 0.534668 0.6464844 0.6047363 0.6635742 0.552002 0.7177734 0.5549317 0.7089844 0.5952149 0.7211914 0.5976563 0.6635742 0.552002 0.7089844 0.5952149 0.7177734 0.5549317 0.7211914 0.5976563 0.7294922 0.5559082 0.7177734 0.5549317 0.7294922 0.5559082 0.7177734 0.5180664 0.7177734 0.5549317 0.6635742 0.552002 0.7177734 0.5549317 0.7177734 0.5180664 0.7294922 0.5559082 0.7304688 0.5161133 0.7177734 0.5180664 0.65625 0.496582 0.6635742 0.552002 0.7177734 0.5180664 0.5170899 0.534668 0.6635742 0.552002 0.65625 0.496582 0.7304688 0.5161133 0.7104492 0.4799805 0.7177734 0.5180664 0.7177734 0.5180664 0.7104492 0.4799805 0.65625 0.496582 0.7104492 0.4799805 0.7304688 0.5161133 0.7226563 0.4755859 0.7226563 0.4755859 0.6948242 0.4428711 0.7104492 0.4799805 0.65625 0.496582 0.7104492 0.4799805 0.6948242 0.4428711 0.6948242 0.4428711 0.7226563 0.4755859 0.706543 0.4365234 0.6831055 0.4013672 0.6948242 0.4428711 0.706543 0.4365234 0.5170899 0.534668 0.65625 0.496582 0.6303711 0.4438477 0.6303711 0.4438477 0.65625 0.496582 0.6948242 0.4428711 0.6948242 0.4428711 0.6831055 0.4013672 0.6728516 0.409668 0.6728516 0.409668 0.6303711 0.4438477 0.6948242 0.4428711 0.652832 0.3725586 0.6728516 0.409668 0.6831055 0.4013672 0.5170899 0.534668 0.6303711 0.4438477 0.5854492 0.4067383 0.5170899 0.534668 0.5854492 0.4067383 0.5297852 0.3901367 0.5854492 0.4067383 0.5737305 0.3442383 0.5297852 0.3901367 0.6445313 0.3818359 0.6303711 0.4438477 0.6728516 0.409668 0.6728516 0.409668 0.652832 0.3725586 0.6445313 0.3818359 0.6303711 0.4438477 0.6445313 0.3818359 0.5854492 0.4067383 0.6171875 0.3476563 0.6445313 0.3818359 0.652832 0.3725586 0.5737305 0.3442383 0.5854492 0.4067383 0.6103516 0.3583984 0.5854492 0.4067383 0.6445313 0.3818359 0.6103516 0.3583984 0.6445313 0.3818359 0.6171875 0.3476563 0.6103516 0.3583984 0.6103516 0.3583984 0.5776367 0.3310547 0.5737305 0.3442383 0.5776367 0.3310547 0.6103516 0.3583984 0.6171875 0.3476563</float_array>
          <technique_common>
            <accessor source="#SM_Chair_01a-mesh-map-0-array" count="8376" stride="2">
              <param name="S" type="float"/>
              <param name="T" type="float"/>
            </accessor>
          </technique_common>
        </source>
        <source id="SM_Chair_01a-mesh-map-1">
          <float_array id="SM_Chair_01a-mesh-map-1-array" count="16752">0.6757813 0.5905762 0.7880859 0.5905762 0.7880859 0.5939942 0.6757813 0.5905762 0.7880859 0.5939942 0.6757813 0.5939942 0.6713867 0.5939942 0.559082 0.5939942 0.559082 0.5905762 0.6713867 0.5939942 0.559082 0.5905762 0.6713867 0.5905762 0.9863281 0.8443604 0.9521484 0.8443604 0.9521484 0.8391113 0.9863281 0.8443604 0.9521484 0.8391113 0.9863281 0.8391113 0.7138672 0.3505859 0.7436524 0.3505859 0.7138672 0.3554688 0.7138672 0.3554688 0.7436524 0.3505859 0.7431641 0.3554688 0.7475586 0.3505859 0.7773438 0.3554688 0.7475586 0.3554688 0.7773438 0.3554688 0.7475586 0.3505859 0.7773438 0.3505859 0.9379883 0.1757812 0.949707 0.0805664 0.949707 0.1811523 0.949707 0.0805664 0.9379883 0.1757812 0.9384766 0.07470703 0.4509277 0.9249878 0.4509277 0.8244629 0.4821777 0.9249878 0.4821777 0.9249878 0.4509277 0.8244629 0.4821777 0.8244629 0.5595703 0.829834 0.5712891 0.9249878 0.5595703 0.9304199 0.5712891 0.9249878 0.5595703 0.829834 0.5712891 0.8244629 0.9541016 0.09228515 0.9833984 0.09228515 0.9536133 0.09716796 0.9536133 0.09716796 0.9833984 0.09228515 0.9833984 0.09716796 0.9833984 0.07958984 0.9541016 0.07958984 0.9536133 0.07470703 0.9536133 0.07470703 0.9833984 0.07470703 0.9833984 0.07958984 0.9521484 0.8322754 0.9819336 0.8276367 0.9819336 0.8322754 0.9819336 0.8276367 0.9521484 0.8322754 0.9526367 0.8276367 0.7685547 0.9435425 0.7978516 0.9482422 0.7685547 0.9482422 0.7978516 0.9482422 0.7685547 0.9435425 0.7983399 0.9435425 0.9536133 0.08349609 0.9833984 0.08349609 0.9541016 0.0883789 0.9833984 0.0883789 0.9541016 0.0883789 0.9833984 0.08349609 0.8115234 0.3554688 0.78125 0.3554688 0.7817383 0.3505859 0.8115234 0.3554688 0.7817383 0.3505859 0.8110352 0.3505859 0.9833984 0.1010742 0.9541016 0.1054687 0.9536133 0.1010742 0.9541016 0.1054687 0.9833984 0.1010742 0.9833984 0.1054687 0.8793945 0.5344238 0.9086914 0.5344238 0.9086914 0.5390625 0.8793945 0.5344238 0.9086914 0.5390625 0.8789063 0.5390625 0.9799805 0.6589356 0.9741211 0.6630859 0.9829102 0.6523438 0.9829102 0.6523438 0.9741211 0.6630859 0.9677734 0.6645508 0.9829102 0.6452637 0.9829102 0.6523438 0.9677734 0.6645508 0.9746094 0.6345215 0.9804688 0.6386719 0.9829102 0.6452637 0.9746094 0.6345215 0.9829102 0.6452637 0.9677734 0.6645508 0.9677734 0.6645508 0.9604492 0.6628418 0.9555664 0.6584473 0.9677734 0.6645508 0.9526367 0.6450195 0.9746094 0.6345215 0.9555664 0.6584473 0.9526367 0.6450195 0.9677734 0.6645508 0.9555664 0.6584473 0.9521484 0.6523438 0.9526367 0.6450195 0.9677734 0.6328125 0.9746094 0.6345215 0.9526367 0.6450195 0.9526367 0.6450195 0.9550781 0.638916 0.9677734 0.6328125 0.9609375 0.6342774 0.9677734 0.6328125 0.9550781 0.638916 0.8369141 0.2231445 0.8369141 0.3466797 0.8266602 0.3466797 0.8266602 0.3466797 0.8266602 0.2231445 0.8369141 0.2231445 0.8266602 0.2231445 0.8266602 0.3466797 0.8164063 0.3466797 0.8164063 0.3466797 0.8164063 0.2231445 0.8266602 0.2231445 0.8164063 0.3466797 0.8061524 0.2231445 0.8164063 0.2231445 0.8061524 0.2231445 0.8164063 0.3466797 0.8061524 0.3466797 0.8061524 0.2231445 0.8061524 0.3466797 0.7958984 0.3466797 0.7958984 0.3466797 0.7958984 0.2231445 0.8061524 0.2231445 0.7958984 0.3466797 0.7856445 0.2231445 0.7958984 0.2231445 0.7856445 0.2231445 0.7958984 0.3466797 0.7856445 0.3466797 0.7856445 0.3466797 0.7753906 0.2231445 0.7856445 0.2231445 0.7753906 0.2231445 0.7856445 0.3466797 0.7753906 0.3466797 0.7753906 0.2231445 0.7753906 0.3466797 0.7651367 0.3466797 0.7651367 0.3466797 0.7651367 0.2231445 0.7753906 0.2231445 0.7651367 0.2231445 0.7651367 0.3466797 0.7548828 0.3466797 0.7548828 0.3466797 0.7548828 0.2231445 0.7651367 0.2231445 0.7548828 0.3466797 0.7446289 0.2231445 0.7548828 0.2231445 0.7446289 0.2231445 0.7548828 0.3466797 0.7446289 0.3466797 0.7446289 0.2231445 0.7446289 0.3466797 0.734375 0.3466797 0.734375 0.3466797 0.734375 0.2231445 0.7446289 0.2231445 0.734375 0.3466797 0.7241211 0.2231445 0.734375 0.2231445 0.7241211 0.2231445 0.734375 0.3466797 0.7241211 0.3466797 0.7241211 0.3466797 0.7138672 0.2231445 0.7241211 0.2231445 0.7138672 0.2231445 0.7241211 0.3466797 0.7138672 0.3466797 0.2731934 0.9883881 0.2731934 0.9584961 0.2849121 0.9584961 0.2731934 0.9883881 0.2849121 0.9584961 0.2849121 0.9883881 0.2849121 0.9883881 0.2849121 0.9584961 0.2966309 0.9584961 0.2966309 0.9584961 0.2966309 0.9883881 0.2849121 0.9883881 0.2966309 0.9584961 0.3083496 0.9883881 0.2966309 0.9883881 0.3083496 0.9883881 0.2966309 0.9584961 0.3083496 0.9584961 0.3083496 0.9883881 0.3083496 0.9584961 0.3203125 0.9584961 0.3203125 0.9584961 0.3203125 0.9883881 0.3083496 0.9883881 0.3320313 0.9584961 0.3203125 0.9883881 0.3203125 0.9584961 0.3320313 0.9584961 0.3320313 0.9883881 0.3203125 0.9883881 0.5712891 0.9630127 0.5639649 0.9735565 0.5483399 0.962616 0.5639649 0.9735565 0.5327149 0.9735565 0.5483399 0.962616 0.5253906 0.9630127 0.5483399 0.962616 0.5327149 0.9735565 0.9580078 0.6259766 0.9536133 0.6201172 0.9643555 0.6289063 0.9643555 0.6289063 0.9536133 0.6201172 0.9521484 0.6135254 0.9711914 0.6289063 0.9643555 0.6289063 0.9521484 0.6135254 0.9819336 0.6203613 0.9780274 0.6262207 0.9711914 0.6289063 0.9819336 0.6203613 0.9711914 0.6289063 0.9521484 0.6135254 0.9521484 0.6135254 0.9536133 0.6064453 0.9580078 0.6013184 0.9521484 0.6135254 0.9716797 0.5983887 0.9819336 0.6203613 0.9580078 0.6013184 0.9716797 0.5983887 0.9521484 0.6135254 0.9580078 0.6013184 0.9643555 0.5981445 0.9716797 0.5983887 0.9838867 0.6137695 0.9819336 0.6203613 0.9716797 0.5983887 0.9716797 0.5983887 0.9775391 0.6010742 0.9838867 0.6137695 0.9824219 0.6066895 0.9838867 0.6137695 0.9775391 0.6010742 0.578125 0.9096069 0.578125 0.8665772 0.6230469 0.8685303 0.6230469 0.9077149 0.578125 0.9096069 0.6230469 0.8685303 0.6728516 0.8703613 0.6230469 0.9077149 0.6230469 0.8685303 0.6230469 0.9077149 0.6728516 0.8703613 0.6728516 0.9059448 0.6728516 0.8703613 0.71875 0.9047241 0.6728516 0.9059448 0.71875 0.9047241 0.6728516 0.8703613 0.71875 0.871582 0.7578125 0.9004517 0.7646484 0.9037476 0.71875 0.9047241 0.7539063 0.8950195 0.7578125 0.9004517 0.71875 0.9047241 0.7519531 0.8881226 0.7539063 0.8950195 0.71875 0.9047241 0.71875 0.9047241 0.71875 0.871582 0.7519531 0.8881226 0.7539063 0.8812256 0.7519531 0.8881226 0.71875 0.871582 0.71875 0.871582 0.7578125 0.8757935 0.7539063 0.8812256 0.71875 0.871582 0.7646484 0.8724365 0.7578125 0.8757935 0.9438477 0.2128906 0.9394531 0.2070312 0.9501953 0.2158203 0.9501953 0.2158203 0.9394531 0.2070312 0.9379883 0.2001953 0.9575195 0.2158203 0.9501953 0.2158203 0.9379883 0.2001953 0.9682617 0.2075195 0.9638672 0.2128906 0.9575195 0.2158203 0.9682617 0.2075195 0.9575195 0.2158203 0.9379883 0.2001953 0.9379883 0.2001953 0.9399414 0.1933593 0.9443359 0.1879882 0.9379883 0.2001953 0.9575195 0.1850585 0.9682617 0.2075195 0.9443359 0.1879882 0.9575195 0.1850585 0.9379883 0.2001953 0.9443359 0.1879882 0.9501953 0.1850585 0.9575195 0.1850585 0.9697266 0.2006835 0.9682617 0.2075195 0.9575195 0.1850585 0.9575195 0.1850585 0.9638672 0.1879882 0.9697266 0.2006835 0.9682617 0.1933593 0.9697266 0.2006835 0.9638672 0.1879882 0.9423828 0.5493164 0.9482422 0.5449219 0.9394531 0.5559082 0.9394531 0.5559082 0.9482422 0.5449219 0.9550781 0.5437012 0.9394531 0.5627442 0.9394531 0.5559082 0.9550781 0.5437012 0.9477539 0.5734863 0.9423828 0.5693359 0.9394531 0.5627442 0.9477539 0.5734863 0.9394531 0.5627442 0.9550781 0.5437012 0.9550781 0.5437012 0.9619141 0.545166 0.9672852 0.5495606 0.9550781 0.5437012 0.9702149 0.5629883 0.9477539 0.5734863 0.9672852 0.5495606 0.9702149 0.5629883 0.9550781 0.5437012 0.9672852 0.5495606 0.9702149 0.5559082 0.9702149 0.5629883 0.9545899 0.5751953 0.9477539 0.5734863 0.9702149 0.5629883 0.9702149 0.5629883 0.9672852 0.5690918 0.9545899 0.5751953 0.9619141 0.5737305 0.9545899 0.5751953 0.9672852 0.5690918 0.8339844 0.5148926 0.828125 0.519043 0.8369141 0.5083008 0.8369141 0.5083008 0.828125 0.519043 0.8212891 0.5202637 0.8369141 0.5012207 0.8369141 0.5083008 0.8212891 0.5202637 0.828125 0.4907227 0.8339844 0.4946289 0.8369141 0.5012207 0.828125 0.4907227 0.8369141 0.5012207 0.8212891 0.5202637 0.8212891 0.5202637 0.8144531 0.5187988 0.809082 0.5144043 0.8212891 0.5202637 0.8061524 0.5009766 0.828125 0.4907227 0.809082 0.5144043 0.8061524 0.5009766 0.8212891 0.5202637 0.809082 0.5144043 0.8056641 0.5083008 0.8061524 0.5009766 0.8217774 0.4887695 0.828125 0.4907227 0.8061524 0.5009766 0.8061524 0.5009766 0.809082 0.4951172 0.8217774 0.4887695 0.8144531 0.4902344 0.8217774 0.4887695 0.809082 0.4951172 0.2105712 0.9883881 0.2105712 0.9584961 0.22229 0.9584961 0.2105712 0.9883881 0.22229 0.9584961 0.22229 0.9883881 0.2341308 0.9584961 0.22229 0.9883881 0.22229 0.9584961 0.22229 0.9883881 0.2341308 0.9584961 0.2341308 0.9883881 0.2341308 0.9584961 0.2458496 0.9883881 0.2341308 0.9883881 0.2458496 0.9883881 0.2341308 0.9584961 0.2458496 0.9584961 0.2458496 0.9584961 0.2575684 0.9883881 0.2458496 0.9883881 0.2575684 0.9883881 0.2458496 0.9584961 0.2575684 0.9584961 0.2575684 0.9883881 0.2575684 0.9584961 0.2692871 0.9584961 0.2692871 0.9584961 0.2692871 0.9883881 0.2575684 0.9883881 0.5859375 0.9685059 0.578125 0.9719544 0.578125 0.9684754 0.578125 0.9719544 0.5859375 0.9685059 0.5859375 0.9719544 0.5917969 0.9685059 0.5859375 0.9719544 0.5859375 0.9685059 0.5859375 0.9719544 0.5917969 0.9685059 0.5917969 0.9719544 0.6020508 0.9685059 0.5917969 0.9719544 0.5917969 0.9685059 0.5917969 0.9719544 0.6020508 0.9685059 0.6020508 0.9719544 0.6118164 0.9685059 0.6020508 0.9719544 0.6020508 0.9685059 0.6020508 0.9719544 0.6118164 0.9685059 0.6118164 0.9719696 0.6318359 0.9719696 0.6118164 0.9719696 0.6118164 0.9685059 0.6318359 0.9719696 0.6118164 0.9685059 0.6318359 0.9685059 0.6450195 0.9639893 0.6318359 0.9719696 0.6318359 0.9685059 0.6318359 0.9685059 0.6450195 0.9605408 0.6450195 0.9639893 0.6450195 0.9605408 0.6982422 0.9605408 0.6450195 0.9639893 0.6982422 0.9640198 0.6450195 0.9639893 0.6982422 0.9605408 0.6982422 0.9605408 0.7119141 0.9685364 0.6982422 0.9640198 0.6982422 0.9640198 0.7119141 0.9685364 0.7119141 0.9720001 0.7319336 0.9720001 0.7119141 0.9720001 0.7119141 0.9685364 0.7319336 0.9720001 0.7119141 0.9685364 0.7319336 0.9685364 0.7416992 0.9685364 0.7319336 0.9720001 0.7319336 0.9685364 0.7319336 0.9720001 0.7416992 0.9685364 0.7416992 0.9720001 0.7514649 0.9685364 0.7416992 0.9720001 0.7416992 0.9685364 0.7416992 0.9720001 0.7514649 0.9685364 0.7514649 0.9720154 0.7573242 0.9685364 0.7514649 0.9720154 0.7514649 0.9685364 0.7514649 0.9720154 0.7573242 0.9685364 0.7573242 0.9720154 0.765625 0.9685669 0.7573242 0.9720154 0.7573242 0.9685364 0.7573242 0.9720154 0.765625 0.9685669 0.765625 0.9720154 0.1812744 0.9799652 0.1892089 0.9764862 0.1892089 0.9799652 0.1892089 0.9764862 0.1812744 0.9799652 0.1812744 0.9764862 0.175415 0.9799652 0.1812744 0.9764862 0.1812744 0.9799652 0.1812744 0.9764862 0.175415 0.9799652 0.175415 0.9764862 0.1652832 0.9799652 0.175415 0.9764862 0.175415 0.9799652 0.175415 0.9764862 0.1652832 0.9799652 0.1652832 0.9764862 0.1556396 0.9799652 0.1652832 0.9764862 0.1652832 0.9799652 0.1652832 0.9764862 0.1556396 0.9799652 0.1556396 0.9764862 0.1556396 0.9799652 0.135498 0.9799652 0.1556396 0.9764862 0.135498 0.9764862 0.1556396 0.9764862 0.135498 0.9799652 0.1221923 0.9719849 0.135498 0.9764862 0.135498 0.9799652 0.135498 0.9764862 0.1221923 0.9719849 0.1221923 0.9685059 0.1221923 0.9719849 0.06896972 0.9685059 0.1221923 0.9685059 0.1221923 0.9719849 0.06896972 0.9719849 0.06896972 0.9685059 0.05566406 0.9764862 0.06896972 0.9685059 0.06896972 0.9719849 0.06896972 0.9719849 0.05566406 0.9799652 0.05566406 0.9764862 0.05566406 0.9799652 0.03549194 0.9764862 0.05566406 0.9764862 0.05566406 0.9799652 0.03549194 0.9799652 0.03549194 0.9764862 0.02584838 0.9799652 0.03549194 0.9764862 0.03549194 0.9799652 0.03549194 0.9764862 0.02584838 0.9799652 0.02584838 0.9764862 0.01576232 0.9799652 0.02584838 0.9764862 0.02584838 0.9799652 0.02584838 0.9764862 0.01576232 0.9799652 0.01576232 0.9764862 0.01576232 0.9799652 0.009880065 0.9764862 0.01576232 0.9764862 0.009880065 0.9799652 0.009880065 0.9764862 0.01576232 0.9799652 0.001972198 0.9799652 0.009880065 0.9764862 0.009880065 0.9799652 0.009880065 0.9764862 0.001972198 0.9799652 0.001972198 0.9764862 0.8056641 0.5354004 0.8149414 0.5280762 0.809082 0.5373535 0.8149414 0.5280762 0.8056641 0.5354004 0.8129883 0.5244141 0.8129883 0.5244141 0.847168 0.5280762 0.8149414 0.5280762 0.847168 0.5280762 0.8129883 0.5244141 0.8496094 0.5244141 0.8496094 0.5244141 0.8564453 0.5354004 0.847168 0.5280762 0.847168 0.5280762 0.8564453 0.5354004 0.8535156 0.5373535 0.486084 0.9216919 0.4953613 0.9144287 0.4892578 0.9237671 0.4953613 0.9144287 0.486084 0.9216919 0.4934082 0.9106445 0.4934082 0.9106445 0.5273438 0.9144287 0.4953613 0.9144287 0.5273438 0.9144287 0.4934082 0.9106445 0.5297852 0.9106445 0.5366211 0.9216919 0.5273438 0.9144287 0.5297852 0.9106445 0.5273438 0.9144287 0.5366211 0.9216919 0.5336914 0.9237671 0.878418 0.871582 0.8720703 0.7562256 0.878418 0.7562256 0.8720703 0.7562256 0.878418 0.871582 0.8720703 0.871582 0.8720703 0.871582 0.8657227 0.7562256 0.8720703 0.7562256 0.8657227 0.871582 0.8657227 0.7562256 0.8720703 0.871582 0.8657227 0.871582 0.859375 0.7562256 0.8657227 0.7562256 0.859375 0.7562256 0.8657227 0.871582 0.859375 0.871582 0.859375 0.871582 0.8530274 0.7562256 0.859375 0.7562256 0.8530274 0.871582 0.8530274 0.7562256 0.859375 0.871582 0.8530274 0.871582 0.8466797 0.7562256 0.8530274 0.7562256 0.8466797 0.871582 0.8466797 0.7562256 0.8530274 0.871582 0.8466797 0.871582 0.840332 0.7562256 0.8466797 0.7562256 0.840332 0.7562256 0.8466797 0.871582 0.840332 0.871582 0.840332 0.871582 0.8344727 0.7562256 0.840332 0.7562256 0.8344727 0.7562256 0.840332 0.871582 0.8344727 0.871582 0.8344727 0.871582 0.828125 0.7562256 0.8344727 0.7562256 0.828125 0.871582 0.828125 0.7562256 0.8344727 0.871582 0.828125 0.871582 0.8217774 0.7562256 0.828125 0.7562256 0.8217774 0.7562256 0.828125 0.871582 0.8217774 0.871582 0.8217774 0.871582 0.8154297 0.7562256 0.8217774 0.7562256 0.8154297 0.871582 0.8154297 0.7562256 0.8217774 0.871582 0.8154297 0.871582 0.809082 0.7562256 0.8154297 0.7562256 0.809082 0.871582 0.809082 0.7562256 0.8154297 0.871582 0.809082 0.871582 0.8027344 0.7562256 0.809082 0.7562256 0.8027344 0.7562256 0.809082 0.871582 0.8027344 0.871582 0.5839844 0.6455078 0.5952149 0.6691895 0.578125 0.6635742 0.5952149 0.6691895 0.5839844 0.6455078 0.6015625 0.6511231 0.6049805 0.6748047 0.5952149 0.6691895 0.6015625 0.6511231 0.6123047 0.6523438 0.6049805 0.6748047 0.6015625 0.6511231 0.6049805 0.6748047 0.6123047 0.6523438 0.6118164 0.6835938 0.6230469 0.6491699 0.6118164 0.6835938 0.6123047 0.6523438 0.6118164 0.6835938 0.6230469 0.6491699 0.6240234 0.6679688 0.6220703 0.6794434 0.6118164 0.6835938 0.6240234 0.6679688 0.6240234 0.6679688 0.6230469 0.6491699 0.6289063 0.657959 0.6235352 0.6911621 0.6118164 0.6835938 0.6220703 0.6794434 0.6118164 0.6835938 0.6235352 0.6911621 0.6152344 0.6943359 0.6240234 0.6679688 0.6469727 0.6447754 0.6220703 0.6794434 0.6240234 0.6679688 0.6289063 0.657959 0.6469727 0.6447754 0.6235352 0.6911621 0.6220703 0.6794434 0.6469727 0.6447754 0.6186524 0.7050781 0.6152344 0.6943359 0.6235352 0.6911621 0.6289063 0.657959 0.6230469 0.6491699 0.637207 0.6496582 0.637207 0.6496582 0.6469727 0.6447754 0.6289063 0.657959 0.6230469 0.6491699 0.6323242 0.6428223 0.637207 0.6496582 0.6323242 0.6428223 0.6411133 0.6359863 0.637207 0.6496582 0.6469727 0.6447754 0.637207 0.6496582 0.6411133 0.6359863 0.6186524 0.7050781 0.6235352 0.6911621 0.6289063 0.701416 0.6235352 0.6911621 0.6469727 0.6447754 0.6289063 0.701416 0.6289063 0.701416 0.637207 0.7097168 0.6186524 0.7050781 0.637207 0.7097168 0.6289063 0.701416 0.6469727 0.6447754 0.637207 0.7097168 0.6479492 0.7265625 0.6186524 0.7050781 0.6186524 0.7050781 0.6479492 0.7265625 0.6181641 0.7160645 0.637207 0.7097168 0.6469727 0.6447754 0.6591797 0.6428223 0.6469727 0.6447754 0.6411133 0.6359863 0.6591797 0.6428223 0.6181641 0.7160645 0.6479492 0.7265625 0.6376953 0.7302246 0.6181641 0.7160645 0.6376953 0.7302246 0.6137695 0.7263184 0.6289063 0.7375488 0.6137695 0.7263184 0.6376953 0.7302246 0.6289063 0.7375488 0.6030274 0.7409668 0.6137695 0.7263184 0.6030274 0.7409668 0.6289063 0.7375488 0.6181641 0.7521973 0.6474609 0.7150879 0.6479492 0.7265625 0.637207 0.7097168 0.6474609 0.7150879 0.637207 0.7097168 0.6591797 0.6428223 0.6591797 0.717041 0.6479492 0.7265625 0.6474609 0.7150879 0.6591797 0.717041 0.6474609 0.7150879 0.6591797 0.6428223 0.6479492 0.7265625 0.6591797 0.717041 0.6591797 0.7265625 0.6591797 0.717041 0.6704102 0.7265625 0.6591797 0.7265625 0.6708984 0.7150879 0.6591797 0.717041 0.6591797 0.6428223 0.6704102 0.7265625 0.6591797 0.717041 0.6708984 0.7150879 0.6811524 0.7097168 0.6708984 0.7150879 0.6591797 0.6428223 0.6811524 0.7097168 0.6704102 0.7265625 0.6708984 0.7150879 0.6411133 0.6359863 0.6772461 0.6359863 0.6591797 0.6428223 0.6474609 0.6269531 0.6772461 0.6359863 0.6411133 0.6359863 0.6772461 0.6359863 0.6474609 0.6269531 0.6708984 0.6269531 0.6494141 0.6162109 0.6708984 0.6269531 0.6474609 0.6269531 0.6708984 0.6269531 0.6494141 0.6162109 0.6689453 0.6162109 0.6494141 0.5981445 0.6689453 0.6162109 0.6494141 0.6162109 0.6689453 0.6162109 0.6494141 0.5981445 0.6689453 0.5981445 0.6591797 0.6428223 0.6772461 0.6359863 0.6713867 0.6447754 0.6591797 0.6428223 0.6713867 0.6447754 0.6811524 0.7097168 0.6772461 0.6359863 0.6811524 0.6496582 0.6713867 0.6447754 0.6811524 0.6496582 0.6772461 0.6359863 0.6860352 0.6428223 0.6953125 0.6491699 0.6811524 0.6496582 0.6860352 0.6428223 0.6811524 0.6496582 0.6894531 0.657959 0.6713867 0.6447754 0.6811524 0.6496582 0.6953125 0.6491699 0.6894531 0.657959 0.6894531 0.657959 0.6953125 0.6491699 0.6943359 0.6679688 0.6713867 0.6447754 0.6894531 0.657959 0.6943359 0.6679688 0.6953125 0.6491699 0.706543 0.6835938 0.6943359 0.6679688 0.7060547 0.6523438 0.706543 0.6835938 0.6953125 0.6491699 0.6943359 0.6679688 0.6962891 0.6794434 0.6713867 0.6447754 0.6943359 0.6679688 0.706543 0.6835938 0.6962891 0.6794434 0.706543 0.6835938 0.7060547 0.6523438 0.7133789 0.6748047 0.7167969 0.6511231 0.7133789 0.6748047 0.7060547 0.6523438 0.7133789 0.6748047 0.7167969 0.6511231 0.7231445 0.6691895 0.7167969 0.6511231 0.7402344 0.6635742 0.7231445 0.6691895 0.7402344 0.6635742 0.7167969 0.6511231 0.734375 0.6455078 0.6962891 0.6794434 0.706543 0.6835938 0.6948242 0.6911621 0.6962891 0.6794434 0.6948242 0.6911621 0.6713867 0.6447754 0.706543 0.6835938 0.703125 0.6943359 0.6948242 0.6911621 0.699707 0.7050781 0.6948242 0.6911621 0.703125 0.6943359 0.6948242 0.6911621 0.6894531 0.701416 0.6713867 0.6447754 0.6948242 0.6911621 0.699707 0.7050781 0.6894531 0.701416 0.6713867 0.6447754 0.6894531 0.701416 0.6811524 0.7097168 0.6894531 0.701416 0.699707 0.7050781 0.6811524 0.7097168 0.699707 0.7050781 0.6704102 0.7265625 0.6811524 0.7097168 0.7001953 0.7160645 0.6704102 0.7265625 0.699707 0.7050781 0.6704102 0.7265625 0.7001953 0.7160645 0.6806641 0.7302246 0.7045899 0.7263184 0.6806641 0.7302246 0.7001953 0.7160645 0.6806641 0.7302246 0.7045899 0.7263184 0.6889649 0.7375488 0.715332 0.7409668 0.6889649 0.7375488 0.7045899 0.7263184 0.6889649 0.7375488 0.715332 0.7409668 0.699707 0.7521973 0.7006836 0.5378418 0.7451172 0.496582 0.7451172 0.5397949 0.7006836 0.5378418 0.7006836 0.4985352 0.7451172 0.496582 0.6503906 0.5358887 0.7006836 0.4985352 0.7006836 0.5378418 0.7006836 0.4985352 0.6503906 0.5358887 0.6503906 0.5004883 0.6503906 0.5358887 0.6044922 0.5014649 0.6503906 0.5004883 0.6044922 0.5014649 0.6503906 0.5358887 0.6044922 0.5349121 0.5654297 0.5058594 0.559082 0.5024414 0.6044922 0.5014649 0.5698242 0.5112305 0.5654297 0.5058594 0.6044922 0.5014649 0.5712891 0.5180664 0.5698242 0.5112305 0.6044922 0.5014649 0.6044922 0.5014649 0.6044922 0.5349121 0.5712891 0.5180664 0.5698242 0.5251465 0.5712891 0.5180664 0.6044922 0.5349121 0.6044922 0.5349121 0.5654297 0.5305176 0.5698242 0.5251465 0.6044922 0.5349121 0.559082 0.5339356 0.5654297 0.5305176 0.04852294 0.9842682 0.05581665 0.9914017 0.04852294 0.9914017 0.04852294 0.9842682 0.05581665 0.9842682 0.05581665 0.9914017 0.05581665 0.9842682 0.0626831 0.9914017 0.05581665 0.9914017 0.05581665 0.9842682 0.0626831 0.9840393 0.0626831 0.9914017 0.0626831 0.9840393 0.06982421 0.9914017 0.0626831 0.9914017 0.0626831 0.9840393 0.06982421 0.983902 0.06982421 0.9914017 0.07696533 0.9840393 0.06982421 0.9914017 0.06982421 0.983902 0.06982421 0.9914017 0.07696533 0.9840393 0.07696533 0.9914017 0.0838623 0.9842682 0.07696533 0.9914017 0.07696533 0.9840393 0.07696533 0.9914017 0.0838623 0.9842682 0.0838623 0.9914017 0.0838623 0.9842682 0.09112548 0.9914017 0.0838623 0.9914017 0.0838623 0.9842682 0.09112548 0.9842682 0.09112548 0.9914017 0.9482422 0.6032715 0.9365234 0.6044922 0.9477539 0.5981445 0.9360352 0.5993652 0.9477539 0.5981445 0.9365234 0.6044922 0.9365234 0.6044922 0.9291992 0.6066895 0.9360352 0.5993652 0.9291992 0.6066895 0.9267578 0.6020508 0.9360352 0.5993652 0.9267578 0.6020508 0.9291992 0.6066895 0.9238281 0.6113281 0.9267578 0.6020508 0.9238281 0.6113281 0.9194336 0.6079102 0.9204102 0.6179199 0.9194336 0.6079102 0.9238281 0.6113281 0.9194336 0.6079102 0.9204102 0.6179199 0.9150391 0.6162109 0.9194336 0.6252442 0.9150391 0.6162109 0.9204102 0.6179199 0.9140625 0.6257324 0.9150391 0.6162109 0.9194336 0.6252442 0.9194336 0.6252442 0.9213867 0.6967774 0.9140625 0.6257324 0.9213867 0.6967774 0.9194336 0.6252442 0.9267578 0.6962891 0.9267578 0.6962891 0.9223633 0.7004395 0.9213867 0.6967774 0.9223633 0.7004395 0.9267578 0.6962891 0.9277344 0.699707 0.9277344 0.699707 0.9375 0.7358399 0.9223633 0.7004395 0.9375 0.7358399 0.9277344 0.699707 0.9423828 0.7338867 0.9428711 0.7375488 0.9375 0.7358399 0.9423828 0.7338867 0.9428711 0.7375488 0.9384766 0.739502 0.9375 0.7358399 0.9433594 0.8690186 0.9384766 0.739502 0.9428711 0.7375488 0.9384766 0.739502 0.9433594 0.8690186 0.9379883 0.8690186 0.8408203 0.5195313 0.8408203 0.3901367 0.875 0.5195313 0.875 0.5195313 0.8408203 0.3901367 0.875 0.3901367 0.875 0.3901367 0.8408203 0.3901367 0.8408203 0.3862305 0.875 0.3901367 0.8408203 0.3862305 0.875 0.3862305 0.8408203 0.3481445 0.875 0.3862305 0.8408203 0.3862305 0.875 0.3862305 0.8408203 0.3481445 0.875 0.3481445 0.8408203 0.3481445 0.875 0.3442383 0.875 0.3481445 0.875 0.3442383 0.8408203 0.3481445 0.8408203 0.3442383 0.8408203 0.2729492 0.875 0.3442383 0.8408203 0.3442383 0.875 0.3442383 0.8408203 0.2729492 0.875 0.2729492 0.8408203 0.2729492 0.875 0.2631836 0.875 0.2729492 0.875 0.2631836 0.8408203 0.2729492 0.8408203 0.2631836 0.8408203 0.2631836 0.875 0.2539063 0.875 0.2631836 0.875 0.2539063 0.8408203 0.2631836 0.8408203 0.2539063 0.8408203 0.2539063 0.875 0.2446289 0.875 0.2539063 0.875 0.2446289 0.8408203 0.2539063 0.8408203 0.2446289 0.8408203 0.2446289 0.875 0.2348632 0.875 0.2446289 0.875 0.2348632 0.8408203 0.2446289 0.8408203 0.2348632 0.8408203 0.2231445 0.875 0.2348632 0.8408203 0.2348632 0.8408203 0.2231445 0.875 0.2231445 0.875 0.2348632 0.7680664 0.5354004 0.8017578 0.4038086 0.8017578 0.5354004 0.8017578 0.4038086 0.7680664 0.5354004 0.7680664 0.4038086 0.7680664 0.4038086 0.8017578 0.4003906 0.8017578 0.4038086 0.8017578 0.4003906 0.7680664 0.4038086 0.7680664 0.4003906 0.7680664 0.4003906 0.8017578 0.3632813 0.8017578 0.4003906 0.8017578 0.3632813 0.7680664 0.4003906 0.7680664 0.3632813 0.8017578 0.3632813 0.7680664 0.3632813 0.7680664 0.359375 0.8017578 0.3632813 0.7680664 0.359375 0.8017578 0.359375 0.8891602 0.3647461 0.8891602 0.4941406 0.8837891 0.4941406 0.8837891 0.4941406 0.8842774 0.3623047 0.8891602 0.3647461 0.8842774 0.3623047 0.8896484 0.3608399 0.8891602 0.3647461 0.8896484 0.3608399 0.8842774 0.3623047 0.8847656 0.3588867 0.8994141 0.324707 0.8896484 0.3608399 0.8847656 0.3588867 0.8896484 0.3608399 0.8994141 0.324707 0.9047852 0.3256836 0.9047852 0.3256836 0.8994141 0.324707 0.9003906 0.3212891 0.9047852 0.3256836 0.9003906 0.3212891 0.9057617 0.3217774 0.9077149 0.25 0.9057617 0.3217774 0.9003906 0.3212891 0.9057617 0.3217774 0.9077149 0.25 0.9130859 0.2504883 0.9077149 0.25 0.9121094 0.2412109 0.9130859 0.2504883 0.9121094 0.2412109 0.9077149 0.25 0.9072266 0.2426757 0.9072266 0.2426757 0.9077149 0.2329101 0.9121094 0.2412109 0.9077149 0.2329101 0.9072266 0.2426757 0.9033203 0.2363281 0.9033203 0.2363281 0.9003906 0.2270507 0.9077149 0.2329101 0.9003906 0.2270507 0.9033203 0.2363281 0.8979492 0.2314453 0.8979492 0.2314453 0.8911133 0.224121 0.9003906 0.2270507 0.8911133 0.224121 0.8979492 0.2314453 0.890625 0.2294921 0.890625 0.2294921 0.8793945 0.2231445 0.8911133 0.224121 0.8793945 0.2231445 0.890625 0.2294921 0.8789063 0.2285156 0.578125 0.9903793 0.5869141 0.9972591 0.578125 0.9972591 0.5869141 0.9972591 0.578125 0.9903793 0.5869141 0.989563 0.5869141 0.989563 0.5957031 0.9972591 0.5869141 0.9972591 0.5957031 0.9972591 0.5869141 0.989563 0.5957031 0.9863052 0.5957031 0.9863052 0.6044922 0.9972591 0.5957031 0.9972591 0.6044922 0.9972591 0.5957031 0.9863052 0.6044922 0.9799194 0.6044922 0.9799194 0.6132813 0.9972591 0.6044922 0.9972591 0.6132813 0.9972591 0.6044922 0.9799194 0.6132813 0.9759674 0.6132813 0.9972591 0.6132813 0.9759674 0.6225586 0.9799194 0.6132813 0.9972591 0.6225586 0.9799194 0.6225586 0.9972591 0.6225586 0.9972591 0.6225586 0.9799194 0.6313477 0.9863052 0.6225586 0.9972591 0.6313477 0.9863052 0.6313477 0.9972591 0.6401367 0.9895554 0.6313477 0.9972591 0.6313477 0.9863052 0.6313477 0.9972591 0.6401367 0.9895554 0.6401367 0.9972591 0.6489258 0.9903793 0.6401367 0.9972591 0.6401367 0.9895554 0.6401367 0.9972591 0.6489258 0.9903793 0.6489258 0.9972591 0.4543457 0.4804688 0.4614258 0.4916992 0.4560547 0.4863281 0.4543457 0.4804688 0.46875 0.4926758 0.4614258 0.4916992 0.46875 0.4926758 0.4543457 0.4804688 0.4545899 0.4736328 0.4904785 0.4921875 0.46875 0.4926758 0.4545899 0.4736328 0.4545899 0.4736328 0.4624024 0.4389649 0.4904785 0.4921875 0.4624024 0.4389649 0.5161133 0.390625 0.4904785 0.4921875 0.4694824 0.4130859 0.5161133 0.390625 0.4624024 0.4389649 0.4694824 0.4130859 0.4741211 0.3994141 0.5161133 0.390625 0.4770508 0.3930664 0.5161133 0.390625 0.4741211 0.3994141 0.5161133 0.390625 0.4770508 0.3930664 0.4816895 0.3862305 0.5161133 0.390625 0.4816895 0.3862305 0.4892578 0.3803711 0.4973145 0.3764649 0.5161133 0.390625 0.4892578 0.3803711 0.5307617 0.4916992 0.4904785 0.4921875 0.5161133 0.390625 0.4973145 0.3764649 0.5175781 0.3710938 0.5161133 0.390625 0.5483399 0.3901367 0.5307617 0.4916992 0.5161133 0.390625 0.5175781 0.3710938 0.5483399 0.3901367 0.5161133 0.390625 0.5483399 0.3901367 0.5864258 0.4912109 0.5307617 0.4916992 0.5483399 0.3901367 0.5175781 0.3710938 0.546875 0.3652344 0.5864258 0.4912109 0.5483399 0.3901367 0.5859375 0.390625 0.5800781 0.3608399 0.5483399 0.3901367 0.546875 0.3652344 0.5483399 0.3901367 0.5800781 0.3608399 0.5859375 0.390625 0.609375 0.359375 0.5859375 0.390625 0.5800781 0.3608399 0.5859375 0.390625 0.609375 0.359375 0.609375 0.3901367 0.609375 0.359375 0.6323242 0.390625 0.609375 0.3901367 0.609375 0.359375 0.6381836 0.3608399 0.6323242 0.390625 0.6381836 0.3608399 0.6699219 0.3901367 0.6323242 0.390625 0.6699219 0.3901367 0.6381836 0.3608399 0.6713867 0.3652344 0.6699219 0.3901367 0.6318359 0.4912109 0.6323242 0.390625 0.7006836 0.3710938 0.6699219 0.3901367 0.6713867 0.3652344 0.6318359 0.4912109 0.6699219 0.3901367 0.6875 0.4916992 0.6699219 0.3901367 0.7006836 0.3710938 0.7021484 0.390625 0.7021484 0.390625 0.6875 0.4916992 0.6699219 0.3901367 0.7211914 0.3764649 0.7021484 0.390625 0.7006836 0.3710938 0.7211914 0.3764649 0.7290039 0.3803711 0.7021484 0.390625 0.7021484 0.390625 0.7290039 0.3803711 0.7368164 0.3862305 0.7021484 0.390625 0.7368164 0.3862305 0.7412109 0.3930664 0.7021484 0.390625 0.7412109 0.3930664 0.7441406 0.3994141 0.7441406 0.3994141 0.7490234 0.4130859 0.7021484 0.390625 0.7021484 0.390625 0.7490234 0.4130859 0.7558594 0.4389649 0.6875 0.4916992 0.7021484 0.390625 0.7280274 0.4921875 0.7280274 0.4921875 0.7021484 0.390625 0.7558594 0.4389649 0.7558594 0.4389649 0.7636719 0.4736328 0.7280274 0.4921875 0.7495117 0.4926758 0.7280274 0.4921875 0.7636719 0.4736328 0.7636719 0.4736328 0.7641602 0.4804688 0.7495117 0.4926758 0.7641602 0.4804688 0.7568359 0.4916992 0.7495117 0.4926758 0.7641602 0.4804688 0.762207 0.4863281 0.7568359 0.4916992 0.7939453 0.8665772 0.7685547 0.8703613 0.7685547 0.8665772 0.7685547 0.8703613 0.7939453 0.8665772 0.7939453 0.8703613 0.7685547 0.8703613 0.7939453 0.8703613 0.7685547 0.8741455 0.7939453 0.8741455 0.7685547 0.8741455 0.7939453 0.8703613 0.7939453 0.8741455 0.7685547 0.8778076 0.7685547 0.8741455 0.7939453 0.8778076 0.7685547 0.8778076 0.7939453 0.8741455 0.7939453 0.8815308 0.7685547 0.8778076 0.7939453 0.8778076 0.7685547 0.8778076 0.7939453 0.8815308 0.7685547 0.8815308 0.7939453 0.8852539 0.7685547 0.8815308 0.7939453 0.8815308 0.7685547 0.8815308 0.7939453 0.8852539 0.7685547 0.8852539 0.7939453 0.8890381 0.7685547 0.8852539 0.7939453 0.8852539 0.7685547 0.8852539 0.7939453 0.8890381 0.7685547 0.8890381 0.8823242 0.8469238 0.8955078 0.8552246 0.8823242 0.8552246 0.8955078 0.8552246 0.8823242 0.8469238 0.8955078 0.8469238 0.8823242 0.8387451 0.8955078 0.8469238 0.8823242 0.8469238 0.8955078 0.8469238 0.8823242 0.8387451 0.8955078 0.8387451 0.8955078 0.8387451 0.8823242 0.8387451 0.8955078 0.8304443 0.8823242 0.8304443 0.8955078 0.8304443 0.8823242 0.8387451 0.8955078 0.8304443 0.8823242 0.8304443 0.8955078 0.8222656 0.8823242 0.8222656 0.8955078 0.8222656 0.8823242 0.8304443 0.8823242 0.8139649 0.8955078 0.8222656 0.8823242 0.8222656 0.8955078 0.8222656 0.8823242 0.8139649 0.8955078 0.8139649 0.8823242 0.8056641 0.8955078 0.8139649 0.8823242 0.8139649 0.8955078 0.8139649 0.8823242 0.8056641 0.8955078 0.8056641 0.8955078 0.8056641 0.8823242 0.8056641 0.8955078 0.7974854 0.8955078 0.7974854 0.8823242 0.8056641 0.8823242 0.7974854 0.8823242 0.7974854 0.8955078 0.7891846 0.8955078 0.7974854 0.8955078 0.7891846 0.8823242 0.7974854 0.8823242 0.7891846 0.8823242 0.7810059 0.8955078 0.7891846 0.8823242 0.7891846 0.8955078 0.7891846 0.8823242 0.7810059 0.8955078 0.7810059 0.8823242 0.7727051 0.8955078 0.7810059 0.8823242 0.7810059 0.8955078 0.7810059 0.8823242 0.7727051 0.8955078 0.7727051 0.8823242 0.7727051 0.8955078 0.7644043 0.8955078 0.7727051 0.8955078 0.7644043 0.8823242 0.7727051 0.8823242 0.7644043 0.8823242 0.7644043 0.8955078 0.7562256 0.8955078 0.7644043 0.8823242 0.7644043 0.8823242 0.7562256 0.8955078 0.7562256 0.7441406 0.7397461 0.7558594 0.7397461 0.7441406 0.7460938 0.7558594 0.7458496 0.7441406 0.7460938 0.7558594 0.7397461 0.8037109 0.7412109 0.7558594 0.7458496 0.7558594 0.7397461 0.7558594 0.7458496 0.8037109 0.7412109 0.8037109 0.7446289 0.8085938 0.7412109 0.8037109 0.7446289 0.8037109 0.7412109 0.8037109 0.7446289 0.8085938 0.7412109 0.8085938 0.7443848 0.8237305 0.7412109 0.8085938 0.7443848 0.8085938 0.7412109 0.8085938 0.7443848 0.8237305 0.7412109 0.8237305 0.7443848 0.8237305 0.7412109 0.828125 0.7446289 0.8237305 0.7443848 0.828125 0.7446289 0.8237305 0.7412109 0.828125 0.7412109 0.828125 0.7412109 0.8759766 0.7458496 0.828125 0.7446289 0.828125 0.7412109 0.8759766 0.7397461 0.8759766 0.7458496 0.8759766 0.7397461 0.8881836 0.7460938 0.8759766 0.7458496 0.8759766 0.7397461 0.8881836 0.7397461 0.8881836 0.7460938 0.7006836 0.5847168 0.7451172 0.5437012 0.7451172 0.5866699 0.7451172 0.5437012 0.7006836 0.5847168 0.7006836 0.5454102 0.6503906 0.5830078 0.7006836 0.5454102 0.7006836 0.5847168 0.7006836 0.5454102 0.6503906 0.5830078 0.6503906 0.5473633 0.6503906 0.5830078 0.6044922 0.548584 0.6503906 0.5473633 0.6044922 0.548584 0.6503906 0.5830078 0.6044922 0.5817871 0.5654297 0.5527344 0.559082 0.5495606 0.6044922 0.548584 0.5698242 0.5583496 0.5654297 0.5527344 0.6044922 0.548584 0.5712891 0.5651856 0.5698242 0.5583496 0.6044922 0.548584 0.6044922 0.548584 0.6044922 0.5817871 0.5712891 0.5651856 0.5698242 0.5720215 0.5712891 0.5651856 0.6044922 0.5817871 0.6044922 0.5817871 0.5654297 0.5773926 0.5698242 0.5720215 0.6044922 0.5817871 0.559082 0.5808106 0.5654297 0.5773926 0.5678711 0.9846344 0.5605469 0.9775086 0.5678711 0.9775086 0.5678711 0.9846344 0.5605469 0.9846344 0.5605469 0.9775086 0.5605469 0.9846344 0.5537109 0.9775086 0.5605469 0.9775086 0.5605469 0.9846344 0.5537109 0.9848633 0.5537109 0.9775086 0.5537109 0.9848633 0.546875 0.9775086 0.5537109 0.9775086 0.5537109 0.9848633 0.546875 0.9850006 0.546875 0.9775086 0.5395508 0.9848633 0.546875 0.9775086 0.546875 0.9850006 0.546875 0.9775086 0.5395508 0.9848633 0.5395508 0.9775086 0.5327149 0.9846344 0.5395508 0.9775086 0.5395508 0.9848633 0.5395508 0.9775086 0.5327149 0.9846344 0.5327149 0.9775086 0.5327149 0.9846344 0.5253906 0.9775086 0.5327149 0.9775086 0.5327149 0.9846344 0.5253906 0.9846344 0.5253906 0.9775086 0.7236328 0.9828491 0.7148438 0.9759674 0.7236328 0.9759674 0.7148438 0.9759674 0.7236328 0.9828491 0.7148438 0.9836578 0.7148438 0.9836578 0.7060547 0.9759674 0.7148438 0.9759674 0.7060547 0.9759674 0.7148438 0.9836578 0.7060547 0.9869156 0.7060547 0.9869156 0.6972656 0.9759674 0.7060547 0.9759674 0.6972656 0.9759674 0.7060547 0.9869156 0.6972656 0.9932976 0.6972656 0.9932976 0.6879883 0.9759674 0.6972656 0.9759674 0.6879883 0.9759674 0.6972656 0.9932976 0.6879883 0.9972591 0.6879883 0.9759674 0.6879883 0.9972591 0.6791992 0.9933052 0.6879883 0.9759674 0.6791992 0.9933052 0.6791992 0.9759674 0.6791992 0.9759674 0.6791992 0.9933052 0.6704102 0.9869156 0.6791992 0.9759674 0.6704102 0.9869156 0.6704102 0.9759674 0.6616211 0.9836731 0.6704102 0.9759674 0.6704102 0.9869156 0.6704102 0.9759674 0.6616211 0.9836731 0.6616211 0.9759674 0.652832 0.9828491 0.6616211 0.9759674 0.6616211 0.9836731 0.6616211 0.9759674 0.652832 0.9828491 0.652832 0.9759674 0.4389649 0.9842529 0.4318848 0.9771271 0.4389649 0.9771271 0.4389649 0.9842529 0.4318848 0.9842529 0.4318848 0.9771271 0.4318848 0.9842529 0.4248047 0.9771271 0.4318848 0.9771271 0.4318848 0.9842529 0.4248047 0.9844742 0.4248047 0.9771271 0.4248047 0.9844742 0.4177246 0.9771118 0.4248047 0.9771271 0.4248047 0.9844742 0.4177246 0.9846115 0.4177246 0.9771118 0.4106445 0.9844742 0.4177246 0.9771118 0.4177246 0.9846115 0.4177246 0.9771118 0.4106445 0.9844742 0.4106445 0.9771118 0.4038086 0.9842377 0.4106445 0.9771118 0.4106445 0.9844742 0.4106445 0.9771118 0.4038086 0.9842377 0.4038086 0.9771118 0.4038086 0.9842377 0.3964844 0.9771118 0.4038086 0.9771118 0.4038086 0.9842377 0.3964844 0.9842377 0.3964844 0.9771118 0.8613281 0.9727783 0.8496094 0.9429016 0.8613281 0.9429016 0.8496094 0.9429016 0.8613281 0.9727783 0.8496094 0.9727783 0.8496094 0.9727783 0.8378906 0.9429016 0.8496094 0.9429016 0.8378906 0.9429016 0.8496094 0.9727783 0.8378906 0.9727783 0.8378906 0.9727783 0.8261719 0.9429016 0.8378906 0.9429016 0.8261719 0.9429016 0.8378906 0.9727783 0.8261719 0.9727783 0.8144531 0.9727783 0.8261719 0.9429016 0.8261719 0.9727783 0.8144531 0.9727783 0.8144531 0.9429016 0.8261719 0.9429016 0.8144531 0.9727783 0.8027344 0.9429016 0.8144531 0.9429016 0.8027344 0.9429016 0.8144531 0.9727783 0.8027344 0.9727783 0.01629638 0.9348755 0.001972198 0.9645691 0.001972198 0.9348755 0.01629638 0.9348755 0.01629638 0.9645691 0.001972198 0.9645691 0.03063964 0.9348755 0.01629638 0.9645691 0.01629638 0.9348755 0.03063964 0.9348755 0.03063964 0.9645691 0.01629638 0.9645691 0.04495239 0.9348755 0.03063964 0.9645691 0.03063964 0.9348755 0.03063964 0.9645691 0.04495239 0.9348755 0.04495239 0.9645691 0.04495239 0.9645691 0.04495239 0.9348755 0.05395507 0.9497681 0.04495239 0.9645691 0.05395507 0.9497681 0.05737304 0.9578247 0.05395507 0.9497681 0.04495239 0.9348755 0.05737304 0.9416809 0.04495239 0.9645691 0.05737304 0.9578247 0.05947875 0.9644165 0.05737304 0.9416809 0.04495239 0.9348755 0.05957031 0.9349976 0.05947875 0.9644165 0.05737304 0.9578247 0.06604003 0.9610596 0.05737304 0.9416809 0.05957031 0.9349976 0.06610107 0.9384766 0.05947875 0.9644165 0.06604003 0.9610596 0.07373046 0.9643555 0.06610107 0.9384766 0.05957031 0.9349976 0.07385253 0.9351807 0.07373046 0.9643555 0.06604003 0.9610596 0.07617187 0.9577942 0.07385253 0.9351807 0.07623291 0.9418335 0.06610107 0.9384766 0.08135986 0.9498291 0.07373046 0.9643555 0.07617187 0.9577942 0.08135986 0.9498291 0.07623291 0.9418335 0.07385253 0.9351807 0.08135986 0.9498291 0.08813476 0.9644165 0.07373046 0.9643555 0.07385253 0.9351807 0.08825683 0.9353027 0.08135986 0.9498291 0.08825683 0.9353027 0.08813476 0.9644165 0.08135986 0.9498291 0.08813476 0.9644165 0.08825683 0.9353027 0.1023559 0.9353638 0.08813476 0.9644165 0.1023559 0.9353638 0.1021728 0.9645081 0.8735352 0.9836121 0.8647461 0.9767304 0.8735352 0.9767304 0.8647461 0.9767304 0.8735352 0.9836121 0.8647461 0.9844284 0.8647461 0.9844284 0.8554688 0.9767304 0.8647461 0.9767304 0.8554688 0.9767304 0.8647461 0.9844284 0.8554688 0.9876785 0.8554688 0.9876785 0.8466797 0.9767304 0.8554688 0.9767304 0.8466797 0.9767304 0.8554688 0.9876785 0.8466797 0.9940682 0.8466797 0.9940682 0.8378906 0.9767304 0.8466797 0.9767304 0.8378906 0.9767304 0.8466797 0.9940682 0.8378906 0.9980278 0.8378906 0.9767304 0.8378906 0.9980278 0.8291016 0.9940758 0.8378906 0.9767304 0.8291016 0.9940758 0.8291016 0.9767304 0.8291016 0.9767304 0.8291016 0.9940758 0.8203125 0.9876862 0.8291016 0.9767304 0.8203125 0.9876862 0.8203125 0.9767304 0.8203125 0.9767304 0.8203125 0.9876862 0.8115234 0.984436 0.8203125 0.9767304 0.8115234 0.984436 0.8115234 0.9767304 0.8027344 0.9836121 0.8115234 0.9767304 0.8115234 0.984436 0.8115234 0.9767304 0.8027344 0.9836121 0.8027344 0.9767304 0.6230469 0.9154663 0.578125 0.9565735 0.578125 0.9135742 0.578125 0.9565735 0.6230469 0.9154663 0.6230469 0.9547119 0.6728516 0.9172974 0.6230469 0.9547119 0.6230469 0.9154663 0.6230469 0.9547119 0.6728516 0.9172974 0.6728516 0.9528809 0.6728516 0.9172974 0.71875 0.9516907 0.6728516 0.9528809 0.71875 0.9516907 0.6728516 0.9172974 0.71875 0.918457 0.7578125 0.9473877 0.7646484 0.9507446 0.71875 0.9516907 0.7539063 0.9419556 0.7578125 0.9473877 0.71875 0.9516907 0.7519531 0.9351196 0.7539063 0.9419556 0.71875 0.9516907 0.71875 0.9516907 0.71875 0.918457 0.7519531 0.9351196 0.7539063 0.9282227 0.7519531 0.9351196 0.71875 0.918457 0.71875 0.918457 0.7578125 0.9227905 0.7539063 0.9282227 0.71875 0.918457 0.7646484 0.9194336 0.7578125 0.9227905 0.949707 0.9874115 0.9423828 0.9802857 0.949707 0.9802857 0.949707 0.9874115 0.9423828 0.9874115 0.9423828 0.9802857 0.9423828 0.9874115 0.9355469 0.9802857 0.9423828 0.9802857 0.9423828 0.9874115 0.9355469 0.9876404 0.9355469 0.9802857 0.9355469 0.9876404 0.9282227 0.9802857 0.9355469 0.9802857 0.9355469 0.9876404 0.9282227 0.9877853 0.9282227 0.9802857 0.9208984 0.9876404 0.9282227 0.9802857 0.9282227 0.9877853 0.9282227 0.9802857 0.9208984 0.9876404 0.9208984 0.9802857 0.9140625 0.9874115 0.9208984 0.9802857 0.9208984 0.9876404 0.9208984 0.9802857 0.9140625 0.9874115 0.9140625 0.9802857 0.9140625 0.9874115 0.9067383 0.9802857 0.9140625 0.9802857 0.9140625 0.9874115 0.9067383 0.9874115 0.9067383 0.9802857 0.5449219 0.9066773 0.5332031 0.87677 0.5449219 0.87677 0.5332031 0.87677 0.5449219 0.9066773 0.5332031 0.9066773 0.5332031 0.9066773 0.5214844 0.87677 0.5332031 0.87677 0.5214844 0.87677 0.5332031 0.9066773 0.5214844 0.9066773 0.5214844 0.9066773 0.5097656 0.87677 0.5214844 0.87677 0.5097656 0.87677 0.5214844 0.9066773 0.5097656 0.9066773 0.5097656 0.87677 0.5097656 0.9066773 0.4980469 0.9066773 0.5097656 0.87677 0.4980469 0.9066773 0.4980469 0.87677 0.4980469 0.9066773 0.486084 0.87677 0.4980469 0.87677 0.486084 0.87677 0.4980469 0.9066773 0.486084 0.9066773 0.8168945 0.9092407 0.8027344 0.9389649 0.8027344 0.9092407 0.8168945 0.9092407 0.8168945 0.9389649 0.8027344 0.9389649 0.8168945 0.9389649 0.8168945 0.9092407 0.8310547 0.9092407 0.8310547 0.9092407 0.8310547 0.9389649 0.8168945 0.9389649 0.8310547 0.9389649 0.8310547 0.9092407 0.8457031 0.9389649 0.8457031 0.9092407 0.8457031 0.9389649 0.8310547 0.9092407 0.8457031 0.9389649 0.8457031 0.9092407 0.8544922 0.9241333 0.8457031 0.9389649 0.8544922 0.9241333 0.8579102 0.93219 0.8544922 0.9241333 0.8457031 0.9092407 0.8579102 0.9160767 0.8457031 0.9389649 0.8579102 0.93219 0.8603516 0.9388123 0.8579102 0.9160767 0.8457031 0.9092407 0.8603516 0.9094238 0.8603516 0.9388123 0.8579102 0.93219 0.8666992 0.9354248 0.8579102 0.9160767 0.8603516 0.9094238 0.8666992 0.9128418 0.8603516 0.9388123 0.8666992 0.9354248 0.8745117 0.9387512 0.8603516 0.9094238 0.8745117 0.9096069 0.8666992 0.9128418 0.8745117 0.9387512 0.8666992 0.9354248 0.8769531 0.93219 0.8769531 0.9162598 0.8666992 0.9128418 0.8745117 0.9096069 0.8818359 0.9242554 0.8745117 0.9387512 0.8769531 0.93219 0.8818359 0.9242554 0.8769531 0.9162598 0.8745117 0.9096069 0.8818359 0.9242554 0.8886719 0.9388123 0.8745117 0.9387512 0.8745117 0.9096069 0.8891602 0.909668 0.8818359 0.9242554 0.8891602 0.909668 0.8886719 0.9388123 0.8818359 0.9242554 0.8891602 0.909668 0.902832 0.909729 0.8886719 0.9388123 0.8886719 0.9388123 0.902832 0.909729 0.902832 0.9388733 0.4509277 0.9770355 0.4597168 0.9839172 0.4509277 0.9839172 0.4597168 0.9839172 0.4509277 0.9770355 0.4597168 0.9762116 0.4597168 0.9762116 0.4685059 0.9839172 0.4597168 0.9839172 0.4685059 0.9839172 0.4597168 0.9762116 0.4685059 0.9729614 0.4685059 0.9729614 0.4772949 0.9839172 0.4685059 0.9839172 0.4772949 0.9839172 0.4685059 0.9729614 0.4772949 0.9665833 0.4772949 0.9665833 0.486084 0.9839172 0.4772949 0.9839172 0.486084 0.9839172 0.4772949 0.9665833 0.486084 0.962616 0.486084 0.9839172 0.486084 0.962616 0.4951172 0.9665833 0.486084 0.9839172 0.4951172 0.9665833 0.4951172 0.9839172 0.4951172 0.9839172 0.4951172 0.9665833 0.5039063 0.9729614 0.4951172 0.9839172 0.5039063 0.9729614 0.5039063 0.9839172 0.5039063 0.9839172 0.5039063 0.9729614 0.5126953 0.9762116 0.5039063 0.9839172 0.5126953 0.9762116 0.5126953 0.9839172 0.5214844 0.9770355 0.5126953 0.9839172 0.5126953 0.9762116 0.5126953 0.9839172 0.5214844 0.9770355 0.5214844 0.9839172 0.7490234 0.5437012 0.7939453 0.5454102 0.7490234 0.5866699 0.7490234 0.5866699 0.7939453 0.5454102 0.7939453 0.5847168 0.84375 0.5473633 0.7939453 0.5847168 0.7939453 0.5454102 0.7939453 0.5847168 0.84375 0.5473633 0.84375 0.5830078 0.84375 0.5473633 0.8896484 0.5817871 0.84375 0.5830078 0.8896484 0.5817871 0.84375 0.5473633 0.8896484 0.548584 0.9291992 0.5773926 0.9355469 0.5808106 0.8896484 0.5817871 0.9248047 0.5720215 0.9291992 0.5773926 0.8896484 0.5817871 0.9228516 0.5651856 0.9248047 0.5720215 0.8896484 0.5817871 0.8896484 0.5817871 0.8896484 0.548584 0.9228516 0.5651856 0.9248047 0.5583496 0.9228516 0.5651856 0.8896484 0.548584 0.8896484 0.548584 0.9291992 0.5527344 0.9248047 0.5583496 0.8896484 0.548584 0.9355469 0.5495606 0.9291992 0.5527344 0.001972198 0.9842682 0.009239196 0.9914017 0.001972198 0.9914017 0.001972198 0.9842682 0.009239196 0.9842682 0.009239196 0.9914017 0.009239196 0.9842682 0.01612854 0.9914017 0.009239196 0.9914017 0.009239196 0.9842682 0.01612854 0.9840393 0.01612854 0.9914017 0.01612854 0.9840393 0.02328491 0.9914017 0.01612854 0.9914017 0.01612854 0.9840393 0.02328491 0.983902 0.02328491 0.9914017 0.03042602 0.9840393 0.02328491 0.9914017 0.02328491 0.983902 0.02328491 0.9914017 0.03042602 0.9840393 0.03042602 0.9914017 0.03732299 0.9842682 0.03042602 0.9914017 0.03042602 0.9840393 0.03042602 0.9914017 0.03732299 0.9842682 0.03732299 0.9914017 0.03732299 0.9842682 0.04458618 0.9914017 0.03732299 0.9914017 0.03732299 0.9842682 0.04458618 0.9842682 0.04458618 0.9914017 0.7275391 0.9903793 0.7363281 0.9972591 0.7275391 0.9972591 0.7363281 0.9972591 0.7275391 0.9903793 0.7363281 0.989563 0.7363281 0.989563 0.7451172 0.9972591 0.7363281 0.9972591 0.7451172 0.9972591 0.7363281 0.989563 0.7451172 0.9863052 0.7451172 0.9863052 0.7539063 0.9972591 0.7451172 0.9972591 0.7539063 0.9972591 0.7451172 0.9863052 0.7539063 0.9799194 0.7539063 0.9799194 0.7626953 0.9972591 0.7539063 0.9972591 0.7626953 0.9972591 0.7539063 0.9799194 0.7626953 0.9759674 0.7626953 0.9972591 0.7626953 0.9759674 0.7714844 0.9799194 0.7626953 0.9972591 0.7714844 0.9799194 0.7714844 0.9972591 0.7714844 0.9972591 0.7714844 0.9799194 0.7807617 0.9863052 0.7714844 0.9972591 0.7807617 0.9863052 0.7807617 0.9972591 0.7895508 0.9895554 0.7807617 0.9972591 0.7807617 0.9863052 0.7807617 0.9972591 0.7895508 0.9895554 0.7895508 0.9972591 0.7983399 0.9903793 0.7895508 0.9972591 0.7895508 0.9895554 0.7895508 0.9972591 0.7983399 0.9903793 0.7983399 0.9972591 0.8061524 0.4355469 0.8061524 0.4223633 0.8330078 0.4223633 0.8330078 0.4355469 0.8061524 0.4355469 0.8330078 0.4223633 0.8330078 0.4716797 0.8061524 0.4355469 0.8330078 0.4355469 0.8061524 0.4355469 0.8330078 0.4716797 0.8056641 0.4716797 0.8330078 0.4716797 0.8056641 0.4848633 0.8056641 0.4716797 0.8330078 0.4848633 0.8056641 0.4848633 0.8330078 0.4716797 0.7519531 0.5983887 0.7617188 0.5986328 0.7446289 0.6047363 0.7446289 0.6047363 0.7617188 0.5986328 0.7666016 0.6018067 0.7666016 0.6018067 0.7700195 0.6086426 0.7446289 0.6047363 0.7446289 0.6242676 0.7446289 0.6047363 0.7700195 0.6086426 0.7446289 0.6242676 0.7700195 0.6086426 0.8154297 0.6254883 0.8383789 0.6254883 0.8154297 0.6254883 0.7700195 0.6086426 0.8383789 0.6254883 0.7700195 0.6086426 0.8837891 0.6083984 0.7446289 0.6242676 0.8154297 0.6254883 0.8032227 0.6354981 0.8837891 0.6083984 0.909668 0.6237793 0.8383789 0.6254883 0.7446289 0.6242676 0.8032227 0.6354981 0.7983399 0.6403809 0.7983399 0.6403809 0.7441406 0.6398926 0.7446289 0.6242676 0.9091797 0.6042481 0.909668 0.6237793 0.8837891 0.6083984 0.8837891 0.6083984 0.887207 0.6015625 0.9091797 0.6042481 0.887207 0.6015625 0.8920899 0.5983887 0.9091797 0.6042481 0.8920899 0.5983887 0.9018555 0.5981445 0.9091797 0.6042481 0.7988281 0.6936035 0.7441406 0.6398926 0.7983399 0.6403809 0.7441406 0.6398926 0.7988281 0.6936035 0.7441406 0.6933594 0.7988281 0.6936035 0.7441406 0.7089844 0.7441406 0.6933594 0.7983399 0.6403809 0.8037109 0.6984863 0.7988281 0.6936035 0.7441406 0.7089844 0.7988281 0.6936035 0.8037109 0.6984863 0.8032227 0.6354981 0.8037109 0.6984863 0.7983399 0.6403809 0.8505859 0.6984863 0.7441406 0.7089844 0.8037109 0.6984863 0.8037109 0.6984863 0.8032227 0.6354981 0.815918 0.6447754 0.8037109 0.6984863 0.8378906 0.6447754 0.8505859 0.6984863 0.8037109 0.6984863 0.815918 0.6447754 0.8378906 0.6447754 0.8032227 0.6354981 0.8144531 0.6354981 0.815918 0.6447754 0.8144531 0.6354981 0.8032227 0.6354981 0.8154297 0.6254883 0.815918 0.6447754 0.8144531 0.6354981 0.8242188 0.6384277 0.8237305 0.6320801 0.8144531 0.6354981 0.8154297 0.6254883 0.8144531 0.6354981 0.8237305 0.6320801 0.8242188 0.6384277 0.8154297 0.6254883 0.8383789 0.6254883 0.8237305 0.6320801 0.8300781 0.6381836 0.815918 0.6447754 0.8242188 0.6384277 0.8237305 0.6320801 0.8300781 0.6381836 0.8242188 0.6384277 0.8378906 0.6447754 0.815918 0.6447754 0.8300781 0.6381836 0.8300781 0.6381836 0.8237305 0.6320801 0.8300781 0.6320801 0.8237305 0.6320801 0.8383789 0.6254883 0.8300781 0.6320801 0.8300781 0.6320801 0.8393555 0.6354981 0.8300781 0.6381836 0.8300781 0.6320801 0.8383789 0.6254883 0.8393555 0.6354981 0.8393555 0.6354981 0.8378906 0.6447754 0.8300781 0.6381836 0.8383789 0.6254883 0.8505859 0.6354981 0.8393555 0.6354981 0.8393555 0.6354981 0.8505859 0.6354981 0.8378906 0.6447754 0.8505859 0.6354981 0.8383789 0.6254883 0.909668 0.6237793 0.8505859 0.6354981 0.8505859 0.6984863 0.8378906 0.6447754 0.8505859 0.6354981 0.909668 0.6237793 0.8554688 0.6403809 0.8505859 0.6984863 0.8505859 0.6354981 0.8554688 0.6403809 0.8554688 0.6403809 0.909668 0.6237793 0.9101563 0.6396484 0.8554688 0.6403809 0.9101563 0.6396484 0.9101563 0.6933594 0.8554688 0.6933594 0.8554688 0.6403809 0.9101563 0.6933594 0.8505859 0.6984863 0.8554688 0.6403809 0.8554688 0.6933594 0.9101563 0.7089844 0.8554688 0.6933594 0.9101563 0.6933594 0.8554688 0.6933594 0.9101563 0.7089844 0.8505859 0.6984863 0.7441406 0.7089844 0.8505859 0.6984863 0.9101563 0.7089844 0.7441406 0.7089844 0.9101563 0.7089844 0.7705078 0.7255859 0.7441406 0.7292481 0.7441406 0.7089844 0.7705078 0.7255859 0.7705078 0.7255859 0.9101563 0.7089844 0.8837891 0.7255859 0.7705078 0.7255859 0.7666016 0.732666 0.7441406 0.7292481 0.8837891 0.7255859 0.9101563 0.7089844 0.9101563 0.7292481 0.7666016 0.732666 0.7617188 0.7358399 0.7441406 0.7292481 0.7617188 0.7358399 0.7514649 0.7358399 0.7441406 0.7292481 0.9101563 0.7292481 0.8876953 0.732666 0.8837891 0.7255859 0.8930664 0.7358399 0.8876953 0.732666 0.9101563 0.7292481 0.9101563 0.7292481 0.902832 0.7358399 0.8930664 0.7358399 0.8168945 0.8756714 0.8027344 0.9047852 0.8027344 0.8756104 0.8027344 0.9047852 0.8168945 0.8756714 0.8168945 0.9048462 0.8168945 0.9048462 0.8168945 0.8756714 0.8237305 0.8902588 0.8310547 0.9049072 0.8168945 0.9048462 0.8237305 0.8902588 0.8237305 0.8902588 0.8168945 0.8756714 0.8310547 0.8757324 0.8237305 0.8902588 0.8286133 0.8982544 0.8310547 0.9049072 0.8237305 0.8902588 0.8310547 0.8757324 0.8286133 0.8823242 0.8286133 0.8982544 0.8388672 0.9016724 0.8310547 0.9049072 0.8310547 0.8757324 0.8388672 0.8790894 0.8286133 0.8823242 0.8452149 0.9050903 0.8310547 0.9049072 0.8388672 0.9016724 0.8457031 0.8756714 0.8388672 0.8790894 0.8310547 0.8757324 0.8476563 0.8984375 0.8452149 0.9050903 0.8388672 0.9016724 0.8457031 0.8756714 0.8476563 0.8823242 0.8388672 0.8790894 0.8476563 0.8984375 0.8598633 0.9052734 0.8452149 0.9050903 0.8598633 0.8755493 0.8476563 0.8823242 0.8457031 0.8756714 0.8510742 0.8903809 0.8598633 0.9052734 0.8476563 0.8984375 0.8598633 0.8755493 0.8510742 0.8903809 0.8476563 0.8823242 0.8598633 0.8755493 0.8598633 0.9052734 0.8510742 0.8903809 0.8745117 0.8755493 0.8598633 0.9052734 0.8598633 0.8755493 0.8598633 0.9052734 0.8745117 0.8755493 0.8745117 0.9052734 0.8745117 0.8755493 0.8886719 0.9052734 0.8745117 0.9052734 0.8886719 0.9052734 0.8745117 0.8755493 0.8886719 0.8755493 0.8886719 0.9052734 0.8886719 0.8755493 0.902832 0.8755493 0.8886719 0.9052734 0.902832 0.8755493 0.902832 0.9052734 0.9379883 0.046875 0.940918 0.06591796 0.9379883 0.0625 0.940918 0.06591796 0.9379883 0.046875 0.940918 0.04345703 0.9882813 0.0546875 0.940918 0.06591796 0.940918 0.04345703 0.9887695 0.07080078 0.940918 0.06591796 0.9882813 0.0546875 0.9907227 0.05957031 0.9887695 0.07080078 0.9882813 0.0546875 0.9882813 0.0546875 0.940918 0.04345703 0.9887695 0.03857421 0.9907227 0.05029296 0.9882813 0.0546875 0.9887695 0.03857421 0.9711914 0.5791016 0.9711914 0.590332 0.9663086 0.5878906 0.9711914 0.5791016 0.9663086 0.5878906 0.9663086 0.5791016 0.9663086 0.5791016 0.9663086 0.5878906 0.9599609 0.5791016 0.9663086 0.5878906 0.9599609 0.5878906 0.9599609 0.5791016 0.9599609 0.5878906 0.9550781 0.5791016 0.9599609 0.5791016 0.9550781 0.5791016 0.9599609 0.5878906 0.9550781 0.590332 0.9506836 0.5878906 0.9550781 0.5791016 0.9550781 0.590332 0.9550781 0.5791016 0.9506836 0.5878906 0.9506836 0.5791016 0.9443359 0.5878906 0.9506836 0.5791016 0.9506836 0.5878906 0.9443359 0.5791016 0.9506836 0.5791016 0.9443359 0.5878906 0.9443359 0.5878906 0.9394531 0.5791016 0.9443359 0.5791016 0.9394531 0.5791016 0.9443359 0.5878906 0.9394531 0.590332 0.7578125 0.5048828 0.753418 0.496582 0.7578125 0.4985352 0.753418 0.5068359 0.753418 0.496582 0.7578125 0.5048828 0.7490234 0.5048828 0.753418 0.496582 0.753418 0.5068359 0.753418 0.496582 0.7490234 0.5048828 0.7490234 0.4985352 0.940918 0.007324218 0.9379883 0.0258789 0.9379883 0.01074218 0.940918 0.007324218 0.940918 0.02978515 0.9379883 0.0258789 0.9882813 0.01855468 0.940918 0.02978515 0.940918 0.007324218 0.9882813 0.01855468 0.940918 0.007324218 0.9887695 0.002441406 0.9907227 0.01367187 0.9882813 0.01855468 0.9887695 0.002441406 0.9887695 0.03466796 0.940918 0.02978515 0.9882813 0.01855468 0.9907227 0.02294921 0.9887695 0.03466796 0.9882813 0.01855468 0.8056641 0.359375 0.8359375 0.359375 0.8359375 0.3710938 0.8056641 0.359375 0.8359375 0.3710938 0.8056641 0.3710938 0.8359375 0.3710938 0.8056641 0.3833008 0.8056641 0.3710938 0.8056641 0.3833008 0.8359375 0.3710938 0.8359375 0.3833008 0.8359375 0.3833008 0.8056641 0.3950195 0.8056641 0.3833008 0.8056641 0.3950195 0.8359375 0.3833008 0.8359375 0.3950195 0.8359375 0.4067383 0.8056641 0.3950195 0.8359375 0.3950195 0.8056641 0.3950195 0.8359375 0.4067383 0.8056641 0.4067383 0.8359375 0.4067383 0.8056641 0.418457 0.8056641 0.4067383 0.8056641 0.418457 0.8359375 0.4067383 0.8359375 0.418457 0.1204833 0.9349976 0.1062622 0.9640808 0.1063842 0.9349365 0.1204833 0.9349976 0.1203613 0.9641419 0.1062622 0.9640808 0.1203613 0.9641419 0.1204833 0.9349976 0.1271972 0.9495545 0.1347656 0.9642029 0.1203613 0.9641419 0.1271972 0.9495545 0.1271972 0.9495545 0.1204833 0.9349976 0.1348876 0.9350586 0.1271972 0.9495545 0.1323242 0.9575806 0.1347656 0.9642029 0.1271972 0.9495545 0.1348876 0.9350586 0.1324462 0.9416199 0.1323242 0.9575806 0.142456 0.9609375 0.1347656 0.9642029 0.1348876 0.9350586 0.1425781 0.9383545 0.1324462 0.9416199 0.1490478 0.964386 0.1347656 0.9642029 0.142456 0.9609375 0.1490478 0.9349976 0.1425781 0.9383545 0.1348876 0.9350586 0.1512451 0.9577332 0.1490478 0.964386 0.142456 0.9609375 0.1490478 0.9349976 0.1512451 0.9415894 0.1425781 0.9383545 0.1512451 0.9577332 0.1635742 0.9645691 0.1490478 0.964386 0.1635742 0.9348755 0.1512451 0.9415894 0.1490478 0.9349976 0.154663 0.949646 0.1635742 0.9645691 0.1512451 0.9577332 0.1635742 0.9348755 0.154663 0.949646 0.1512451 0.9415894 0.1635742 0.9348755 0.1635742 0.9645691 0.154663 0.949646 0.1779785 0.9348755 0.1635742 0.9645691 0.1635742 0.9348755 0.1635742 0.9645691 0.1779785 0.9348755 0.1779785 0.9645691 0.1779785 0.9348755 0.1922607 0.9645691 0.1779785 0.9645691 0.1922607 0.9645691 0.1779785 0.9348755 0.1922607 0.9348755 0.1922607 0.9645691 0.1922607 0.9348755 0.206665 0.9348755 0.1922607 0.9645691 0.206665 0.9348755 0.206665 0.9645691 0.5371094 0.9585266 0.5512695 0.9294434 0.5507813 0.9585877 0.5371094 0.9293823 0.5512695 0.9294434 0.5371094 0.9585266 0.5371094 0.9293823 0.5371094 0.9585266 0.5302734 0.9439392 0.5224609 0.9293213 0.5371094 0.9293823 0.5302734 0.9439392 0.5302734 0.9439392 0.5371094 0.9585266 0.5224609 0.9584656 0.5302734 0.9439392 0.5249024 0.9359741 0.5224609 0.9293213 0.5302734 0.9439392 0.5224609 0.9584656 0.5249024 0.9519043 0.5146484 0.9325562 0.5224609 0.9293213 0.5249024 0.9359741 0.5224609 0.9584656 0.5146484 0.9551697 0.5249024 0.9519043 0.5083008 0.9291382 0.5224609 0.9293213 0.5146484 0.9325562 0.5083008 0.9585266 0.5146484 0.9551697 0.5224609 0.9584656 0.5063477 0.935791 0.5083008 0.9291382 0.5146484 0.9325562 0.5083008 0.9585266 0.5058594 0.9519348 0.5146484 0.9551697 0.5063477 0.935791 0.4938965 0.9289551 0.5083008 0.9291382 0.4938965 0.9586792 0.5058594 0.9519348 0.5083008 0.9585266 0.5029297 0.9438477 0.4938965 0.9289551 0.5063477 0.935791 0.4938965 0.9586792 0.5029297 0.9438477 0.5058594 0.9519348 0.4938965 0.9586792 0.4938965 0.9289551 0.5029297 0.9438477 0.4938965 0.9586792 0.4794922 0.9289551 0.4938965 0.9289551 0.4794922 0.9289551 0.4938965 0.9586792 0.4794922 0.9586792 0.4794922 0.9586792 0.4650879 0.9289551 0.4794922 0.9289551 0.4650879 0.9289551 0.4794922 0.9586792 0.4650879 0.9586792 0.4650879 0.9289551 0.4650879 0.9586792 0.4509277 0.9586792 0.4650879 0.9289551 0.4509277 0.9586792 0.4509277 0.9289551 0.5551758 0.5488281 0.5488281 0.5671387 0.5141602 0.5922852 0.5551758 0.5488281 0.5141602 0.5922852 0.4602051 0.5671387 0.5141602 0.5922852 0.4951172 0.5922852 0.4602051 0.5671387 0.4602051 0.5671387 0.5415039 0.5080567 0.5551758 0.5488281 0.5258789 0.496582 0.5415039 0.5080567 0.4602051 0.5671387 0.4602051 0.5671387 0.4831543 0.496582 0.5258789 0.496582 0.4677734 0.5080567 0.4831543 0.496582 0.4602051 0.5671387 0.4602051 0.5671387 0.4543457 0.5488281 0.4677734 0.5080567 0.9697266 0.4663086 0.965332 0.4648438 0.9697266 0.4521484 0.965332 0.4648438 0.9433594 0.4589844 0.9697266 0.4521484 0.9433594 0.4589844 0.965332 0.4648438 0.9594727 0.4750977 0.9628906 0.4399414 0.9697266 0.4521484 0.9433594 0.4589844 0.9594727 0.4750977 0.9492188 0.480957 0.9433594 0.4589844 0.9506836 0.4326172 0.9628906 0.4399414 0.9433594 0.4589844 0.9433594 0.4589844 0.9492188 0.480957 0.9375 0.480957 0.9365234 0.4326172 0.9506836 0.4326172 0.9433594 0.4589844 0.9433594 0.4589844 0.9375 0.480957 0.9272461 0.4750977 0.9433594 0.4589844 0.9238281 0.4399414 0.9365234 0.4326172 0.9433594 0.4589844 0.9272461 0.4750977 0.9213867 0.4648438 0.9169922 0.4521484 0.9238281 0.4399414 0.9433594 0.4589844 0.9169922 0.4521484 0.9433594 0.4589844 0.9213867 0.4648438 0.9169922 0.4663086 0.9169922 0.4521484 0.9213867 0.4648438 0.9555664 0.8916016 0.9599609 0.8903809 0.9599609 0.9046021 0.9335938 0.8974609 0.9555664 0.8916016 0.9599609 0.9046021 0.949707 0.8814087 0.9555664 0.8916016 0.9335938 0.8974609 0.9599609 0.9046021 0.9526367 0.9168701 0.9335938 0.8974609 0.949707 0.8814087 0.9335938 0.8974609 0.9394531 0.8755493 0.9526367 0.9168701 0.9404297 0.9240112 0.9335938 0.8974609 0.9277344 0.8755493 0.9394531 0.8755493 0.9335938 0.8974609 0.9404297 0.9240112 0.9262695 0.9240112 0.9335938 0.8974609 0.9174805 0.8814087 0.9277344 0.8755493 0.9335938 0.8974609 0.9262695 0.9240112 0.9140625 0.9168701 0.9335938 0.8974609 0.9116211 0.8916016 0.9174805 0.8814087 0.9335938 0.8974609 0.9140625 0.9168701 0.9067383 0.9046021 0.9335938 0.8974609 0.9067383 0.9046021 0.9116211 0.8916016 0.9335938 0.8974609 0.9067383 0.9046021 0.9067383 0.8903809 0.9116211 0.8916016 0.06542968 0.5703125 0.07653808 0.5603027 0.06835937 0.5795899 0.07653808 0.5603027 0.06542968 0.5703125 0.07336425 0.5505371 0.07653808 0.5603027 0.07336425 0.5505371 0.08807373 0.5534668 0.0609436 0.5610352 0.07336425 0.5505371 0.06542968 0.5703125 0.07336425 0.5505371 0.08276367 0.5444336 0.08807373 0.5534668 0.07336425 0.5505371 0.0609436 0.5610352 0.06982421 0.5415039 0.07336425 0.5505371 0.06982421 0.5415039 0.08276367 0.5444336 0.05636596 0.5539551 0.06982421 0.5415039 0.0609436 0.5610352 0.08276367 0.5444336 0.09448242 0.5478516 0.08807373 0.5534668 0.06982421 0.5415039 0.05636596 0.5539551 0.06646728 0.5344238 0.05206298 0.5480957 0.06646728 0.5344238 0.05636596 0.5539551 0.06982421 0.5415039 0.078125 0.5356445 0.08276367 0.5444336 0.078125 0.5356445 0.06982421 0.5415039 0.06646728 0.5344238 0.09448242 0.5478516 0.08276367 0.5444336 0.08825683 0.5393067 0.078125 0.5356445 0.08825683 0.5393067 0.08276367 0.5444336 0.06646728 0.5344238 0.05206298 0.5480957 0.06311035 0.5280762 0.04315185 0.5366211 0.06311035 0.5280762 0.05206298 0.5480957 0.06646728 0.5344238 0.07519531 0.529541 0.078125 0.5356445 0.07519531 0.529541 0.06646728 0.5344238 0.06311035 0.5280762 0.08825683 0.5393067 0.078125 0.5356445 0.0828247 0.5319824 0.07519531 0.529541 0.0828247 0.5319824 0.078125 0.5356445 0.09509277 0.5336914 0.09448242 0.5478516 0.08825683 0.5393067 0.09448242 0.5478516 0.09509277 0.5336914 0.1018676 0.5397949 0.106018 0.5241699 0.1018676 0.5397949 0.09509277 0.5336914 0.08825683 0.5393067 0.08990478 0.5268555 0.09509277 0.5336914 0.08990478 0.5268555 0.08825683 0.5393067 0.0828247 0.5319824 0.08990478 0.5268555 0.106018 0.5241699 0.09509277 0.5336914 0.0828247 0.5319824 0.07519531 0.529541 0.08032226 0.5256348 0.08032226 0.5256348 0.08990478 0.5268555 0.0828247 0.5319824 0.06311035 0.5280762 0.07202148 0.5219727 0.07519531 0.529541 0.07519531 0.529541 0.07202148 0.5219727 0.08032226 0.5256348 0.06311035 0.5280762 0.04315185 0.5366211 0.05688476 0.5148926 0.05688476 0.5148926 0.07202148 0.5219727 0.06311035 0.5280762 0.02752685 0.5124512 0.05688476 0.5148926 0.04315185 0.5366211 0.08032226 0.5256348 0.0861206 0.5170899 0.08990478 0.5268555 0.0861206 0.5170899 0.106018 0.5241699 0.08990478 0.5268555 0.05688476 0.5148926 0.02752685 0.5124512 0.04504394 0.4882813 0.009880065 0.4799805 0.04504394 0.4882813 0.02752685 0.5124512 0.0861206 0.5170899 0.08032226 0.5256348 0.07788085 0.519043 0.08032226 0.5256348 0.07202148 0.5219727 0.07788085 0.519043 0.07202148 0.5219727 0.05688476 0.5148926 0.06744384 0.5095215 0.07202148 0.5219727 0.06744384 0.5095215 0.07788085 0.519043 0.05688476 0.5148926 0.04504394 0.4882813 0.06744384 0.5095215 0.07788085 0.519043 0.08166503 0.5029297 0.0861206 0.5170899 0.08166503 0.5029297 0.106018 0.5241699 0.0861206 0.5170899 0.06744384 0.5095215 0.07348632 0.5056152 0.07788085 0.519043 0.08166503 0.5029297 0.07788085 0.519043 0.07348632 0.5056152 0.04504394 0.4882813 0.05743408 0.4829102 0.06744384 0.5095215 0.05743408 0.4829102 0.07348632 0.5056152 0.06744384 0.5095215 0.04504394 0.4882813 0.009880065 0.4799805 0.0314331 0.4526367 0.0314331 0.4526367 0.05743408 0.4829102 0.04504394 0.4882813 0.006355285 0.4736328 0.0314331 0.4526367 0.009880065 0.4799805 0.07348632 0.5056152 0.05743408 0.4829102 0.06488037 0.4804688 0.0314331 0.4526367 0.006355285 0.4736328 0.02861022 0.4458008 0.001972198 0.4697266 0.02861022 0.4458008 0.006355285 0.4736328 0.02861022 0.4458008 0.001972198 0.4697266 0.02493286 0.4404297 0.04025268 0.4331055 0.02861022 0.4458008 0.02493286 0.4404297 0.05743408 0.4829102 0.0314331 0.4526367 0.0447998 0.4472656 0.02861022 0.4458008 0.0447998 0.4472656 0.0314331 0.4526367 0.02861022 0.4458008 0.04025268 0.4331055 0.04251098 0.4399414 0.0447998 0.4472656 0.02861022 0.4458008 0.04251098 0.4399414 0.05166625 0.4345703 0.04251098 0.4399414 0.04025268 0.4331055 0.05368041 0.4467774 0.05743408 0.4829102 0.0447998 0.4472656 0.05743408 0.4829102 0.05368041 0.4467774 0.06488037 0.4804688 0.05224609 0.4404297 0.0447998 0.4472656 0.04251098 0.4399414 0.04251098 0.4399414 0.05166625 0.4345703 0.05224609 0.4404297 0.0447998 0.4472656 0.05224609 0.4404297 0.05368041 0.4467774 0.06378173 0.4389649 0.05224609 0.4404297 0.05166625 0.4345703 0.06378173 0.4389649 0.05368041 0.4467774 0.05224609 0.4404297 0.06433105 0.4506836 0.06488037 0.4804688 0.05368041 0.4467774 0.05368041 0.4467774 0.06378173 0.4389649 0.06433105 0.4506836 0.06488037 0.4804688 0.06433105 0.4506836 0.07403564 0.4799805 0.07403564 0.4799805 0.07348632 0.5056152 0.06488037 0.4804688 0.07348632 0.5056152 0.07403564 0.4799805 0.08166503 0.5029297 0.08276367 0.4501953 0.07403564 0.4799805 0.06433105 0.4506836 0.08276367 0.4501953 0.06433105 0.4506836 0.06378173 0.4389649 0.0960083 0.4853516 0.08166503 0.5029297 0.07403564 0.4799805 0.07403564 0.4799805 0.08276367 0.4501953 0.0960083 0.4853516 0.08166503 0.5029297 0.0960083 0.4853516 0.106018 0.5241699 0.07421875 0.4345703 0.08276367 0.4501953 0.06378173 0.4389649 0.1169433 0.4882813 0.106018 0.5241699 0.0960083 0.4853516 0.1049194 0.4511719 0.0960083 0.4853516 0.08276367 0.4501953 0.0960083 0.4853516 0.1049194 0.4511719 0.1169433 0.4882813 0.09771728 0.4326172 0.08276367 0.4501953 0.07421875 0.4345703 0.08276367 0.4501953 0.09771728 0.4326172 0.1049194 0.4511719 0.106018 0.5241699 0.1169433 0.4882813 0.1259765 0.5290527 0.1259765 0.5290527 0.1054077 0.5390625 0.106018 0.5241699 0.1434326 0.4511719 0.1169433 0.4882813 0.1049194 0.4511719 0.1054077 0.5390625 0.1259765 0.5290527 0.1260986 0.5437012 0.1503906 0.4912109 0.1259765 0.5290527 0.1169433 0.4882813 0.1169433 0.4882813 0.1434326 0.4511719 0.1503906 0.4912109 0.1568603 0.534668 0.1260986 0.5437012 0.1259765 0.5290527 0.1259765 0.5290527 0.1503906 0.4912109 0.1568603 0.534668 0.125 0.5539551 0.1054077 0.5390625 0.1260986 0.5437012 0.1054077 0.5390625 0.125 0.5539551 0.1019287 0.548584 0.125 0.5539551 0.1003417 0.5561524 0.1019287 0.548584 0.1260986 0.5437012 0.1568603 0.534668 0.1574707 0.550293 0.1574707 0.550293 0.125 0.5539551 0.1260986 0.5437012 0.1003417 0.5561524 0.125 0.5539551 0.1242065 0.5622559 0.1003417 0.5561524 0.1242065 0.5622559 0.09857177 0.5686035 0.125 0.5539551 0.1574707 0.550293 0.1572265 0.560791 0.1572265 0.560791 0.1242065 0.5622559 0.125 0.5539551 0.1223754 0.5742188 0.09857177 0.5686035 0.1242065 0.5622559 0.1223754 0.5742188 0.1123657 0.5830078 0.09857177 0.5686035 0.1123657 0.5830078 0.1223754 0.5742188 0.1334228 0.5864258 0.1568603 0.5686035 0.1223754 0.5742188 0.1242065 0.5622559 0.1242065 0.5622559 0.1572265 0.560791 0.1568603 0.5686035 0.1555175 0.5805664 0.1334228 0.5864258 0.1223754 0.5742188 0.1223754 0.5742188 0.1568603 0.5686035 0.1555175 0.5805664 0.1334228 0.5864258 0.1555175 0.5805664 0.1629638 0.5908203 0.1932373 0.5844727 0.1629638 0.5908203 0.1555175 0.5805664 0.1629638 0.5908203 0.1932373 0.5844727 0.1966552 0.5935059 0.1568603 0.5686035 0.1942138 0.5727539 0.1555175 0.5805664 0.1932373 0.5844727 0.1555175 0.5805664 0.1942138 0.5727539 0.2261962 0.5856934 0.1966552 0.5935059 0.1932373 0.5844727 0.1942138 0.5727539 0.2261962 0.5856934 0.1932373 0.5844727 0.1966552 0.5935059 0.2261962 0.5856934 0.2261962 0.5942383 0.2558594 0.5935059 0.2261962 0.5942383 0.2261962 0.5856934 0.1568603 0.5686035 0.1943359 0.5649414 0.1942138 0.5727539 0.1943359 0.5649414 0.1568603 0.5686035 0.1572265 0.560791 0.2261962 0.5856934 0.2592774 0.5844727 0.2558594 0.5935059 0.2592774 0.5844727 0.2893067 0.5908203 0.2558594 0.5935059 0.2261962 0.5856934 0.1942138 0.5727539 0.2261962 0.5742188 0.2893067 0.5908203 0.2592774 0.5844727 0.296875 0.5805664 0.296875 0.5805664 0.3190918 0.5864258 0.2893067 0.5908203 0.2261962 0.5856934 0.2580567 0.5727539 0.2592774 0.5844727 0.296875 0.5805664 0.2592774 0.5844727 0.2580567 0.5727539 0.2580567 0.5727539 0.2261962 0.5856934 0.2261962 0.5742188 0.3190918 0.5864258 0.296875 0.5805664 0.3300781 0.5742188 0.3300781 0.5742188 0.3400879 0.5830078 0.3190918 0.5864258 0.3400879 0.5830078 0.3300781 0.5742188 0.3537598 0.5686035 0.2261962 0.5742188 0.1942138 0.5727539 0.2261962 0.5664063 0.2580567 0.5727539 0.2261962 0.5742188 0.2261962 0.5664063 0.1943359 0.5649414 0.2261962 0.5664063 0.1942138 0.5727539 0.296875 0.5805664 0.2580567 0.5727539 0.2954102 0.5686035 0.3300781 0.5742188 0.296875 0.5805664 0.2954102 0.5686035 0.2580567 0.5727539 0.2261962 0.5664063 0.2580567 0.5649414 0.2954102 0.5686035 0.2580567 0.5727539 0.2580567 0.5649414 0.3537598 0.5686035 0.3300781 0.5742188 0.328125 0.5622559 0.3300781 0.5742188 0.2954102 0.5686035 0.328125 0.5622559 0.3537598 0.5686035 0.328125 0.5622559 0.3520508 0.5561524 0.328125 0.5622559 0.2954102 0.5686035 0.295166 0.560791 0.2954102 0.5686035 0.2580567 0.5649414 0.295166 0.560791 0.3520508 0.5561524 0.328125 0.5622559 0.3273926 0.5539551 0.328125 0.5622559 0.295166 0.560791 0.3273926 0.5539551 0.3520508 0.5561524 0.3273926 0.5539551 0.3503418 0.548584 0.3273926 0.5539551 0.3469238 0.5390625 0.3503418 0.548584 0.295166 0.560791 0.2580567 0.5649414 0.2578125 0.5551758 0.3469238 0.5390625 0.3273926 0.5539551 0.3261719 0.5437012 0.2949219 0.550293 0.3273926 0.5539551 0.295166 0.560791 0.3273926 0.5539551 0.2949219 0.550293 0.3261719 0.5437012 0.295166 0.560791 0.2578125 0.5551758 0.2949219 0.550293 0.326416 0.5290527 0.3469238 0.5390625 0.3261719 0.5437012 0.3469238 0.5390625 0.326416 0.5290527 0.3464356 0.5241699 0.2954102 0.534668 0.3261719 0.5437012 0.2949219 0.550293 0.3261719 0.5437012 0.2954102 0.534668 0.326416 0.5290527 0.2578125 0.5375977 0.2949219 0.550293 0.2578125 0.5551758 0.2949219 0.550293 0.2578125 0.5375977 0.2954102 0.534668 0.2580567 0.5649414 0.2261962 0.5568848 0.2578125 0.5551758 0.2580567 0.5649414 0.2261962 0.5664063 0.2261962 0.5568848 0.2261962 0.5664063 0.1943359 0.5649414 0.2261962 0.5568848 0.2261962 0.5380859 0.2578125 0.5551758 0.2261962 0.5568848 0.2578125 0.5551758 0.2261962 0.5380859 0.2578125 0.5375977 0.19458 0.5551758 0.2261962 0.5568848 0.1943359 0.5649414 0.19458 0.5551758 0.2261962 0.5380859 0.2261962 0.5568848 0.1572265 0.560791 0.19458 0.5551758 0.1943359 0.5649414 0.19458 0.5551758 0.1572265 0.560791 0.1574707 0.550293 0.1574707 0.550293 0.19458 0.5375977 0.19458 0.5551758 0.2261962 0.5380859 0.19458 0.5551758 0.19458 0.5375977 0.19458 0.5375977 0.1574707 0.550293 0.1568603 0.534668 0.19458 0.5375977 0.2261962 0.4921875 0.2261962 0.5380859 0.2578125 0.5375977 0.2261962 0.5380859 0.2261962 0.4921875 0.19458 0.5375977 0.1568603 0.534668 0.1922607 0.4926758 0.2261962 0.4921875 0.19458 0.5375977 0.1922607 0.4926758 0.1568603 0.534668 0.1503906 0.4912109 0.1922607 0.4926758 0.2578125 0.5375977 0.2261962 0.4921875 0.2600098 0.4926758 0.2578125 0.5375977 0.2600098 0.4926758 0.2954102 0.534668 0.1922607 0.4926758 0.2261962 0.449707 0.2261962 0.4921875 0.2261962 0.449707 0.2600098 0.4926758 0.2261962 0.4921875 0.1503906 0.4912109 0.1883544 0.4501953 0.1922607 0.4926758 0.2261962 0.449707 0.1922607 0.4926758 0.1883544 0.4501953 0.1883544 0.4501953 0.1503906 0.4912109 0.1434326 0.4511719 0.2954102 0.534668 0.2600098 0.4926758 0.302002 0.4912109 0.302002 0.4912109 0.326416 0.5290527 0.2954102 0.534668 0.2600098 0.4926758 0.2261962 0.449707 0.263916 0.4501953 0.263916 0.4501953 0.302002 0.4912109 0.2600098 0.4926758 0.1883544 0.4501953 0.2261962 0.4291992 0.2261962 0.449707 0.2261962 0.4291992 0.263916 0.4501953 0.2261962 0.449707 0.326416 0.5290527 0.302002 0.4912109 0.3354492 0.4882813 0.3354492 0.4882813 0.3464356 0.5241699 0.326416 0.5290527 0.302002 0.4912109 0.263916 0.4501953 0.3088379 0.4511719 0.3088379 0.4511719 0.3354492 0.4882813 0.302002 0.4912109 0.263916 0.4501953 0.2261962 0.4291992 0.265625 0.4287109 0.3088379 0.4511719 0.263916 0.4501953 0.265625 0.4287109 0.2261962 0.4291992 0.1883544 0.4501953 0.1868896 0.4287109 0.1434326 0.4511719 0.1868896 0.4287109 0.1883544 0.4501953 0.265625 0.4287109 0.2261962 0.4291992 0.2261962 0.4174805 0.2261962 0.4291992 0.1868896 0.4287109 0.2261962 0.4174805 0.1868896 0.4287109 0.1434326 0.4511719 0.1394042 0.4301758 0.1049194 0.4511719 0.1394042 0.4301758 0.1434326 0.4511719 0.1394042 0.4301758 0.1049194 0.4511719 0.09771728 0.4326172 0.1394042 0.4301758 0.185791 0.4169922 0.1868896 0.4287109 0.185791 0.4169922 0.2261962 0.4174805 0.1868896 0.4287109 0.09771728 0.4326172 0.1370849 0.4189453 0.1394042 0.4301758 0.185791 0.4169922 0.1394042 0.4301758 0.1370849 0.4189453 0.1370849 0.4189453 0.09771728 0.4326172 0.09356689 0.4223633 0.07421875 0.4345703 0.09356689 0.4223633 0.09771728 0.4326172 0.185791 0.4169922 0.1370849 0.4189453 0.1370849 0.4082031 0.09356689 0.4223633 0.07421875 0.4345703 0.0692749 0.425293 0.07421875 0.4345703 0.06378173 0.4389649 0.0692749 0.425293 0.1370849 0.4189453 0.09356689 0.4223633 0.09228515 0.4121094 0.0692749 0.425293 0.09228515 0.4121094 0.09356689 0.4223633 0.1370849 0.4189453 0.09228515 0.4121094 0.1370849 0.4082031 0.0692749 0.425293 0.06378173 0.4389649 0.05902099 0.4267578 0.05902099 0.4267578 0.06378173 0.4389649 0.0546875 0.4301758 0.05041503 0.4194336 0.05902099 0.4267578 0.0546875 0.4301758 0.0692749 0.425293 0.05902099 0.4267578 0.06622314 0.4155274 0.09228515 0.4121094 0.0692749 0.425293 0.06622314 0.4155274 0.05902099 0.4267578 0.05041503 0.4194336 0.0571289 0.4169922 0.05902099 0.4267578 0.0571289 0.4169922 0.06622314 0.4155274 0.05102539 0.4023438 0.0571289 0.4169922 0.05041503 0.4194336 0.05914306 0.4023438 0.06622314 0.4155274 0.0571289 0.4169922 0.0571289 0.4169922 0.05102539 0.4023438 0.05914306 0.4023438 0.07507324 0.3720703 0.05102539 0.4023438 0.06768798 0.3706055 0.05102539 0.4023438 0.07507324 0.3720703 0.05914306 0.4023438 0.06622314 0.4155274 0.05914306 0.4023438 0.06628417 0.4008789 0.05914306 0.4023438 0.07507324 0.3720703 0.06628417 0.4008789 0.06628417 0.4008789 0.09228515 0.4121094 0.06622314 0.4155274 0.06628417 0.4008789 0.07507324 0.3720703 0.08221435 0.3701172 0.06628417 0.4008789 0.08221435 0.3701172 0.08782958 0.3955078 0.09228515 0.4121094 0.06628417 0.4008789 0.08782958 0.3955078 0.08782958 0.3955078 0.08221435 0.3701172 0.104187 0.3657227 0.09228515 0.4121094 0.08782958 0.3955078 0.1334228 0.3891602 0.1334228 0.3891602 0.08782958 0.3955078 0.104187 0.3657227 0.1370849 0.4082031 0.09228515 0.4121094 0.1334228 0.3891602 0.104187 0.3657227 0.1457519 0.3613281 0.1334228 0.3891602 0.1457519 0.3613281 0.1870117 0.3867188 0.1334228 0.3891602 0.1334228 0.3891602 0.1870117 0.3867188 0.1370849 0.4082031 0.1870117 0.3867188 0.1457519 0.3613281 0.2028808 0.359375 0.210083 0.3706055 0.1870117 0.3867188 0.2028808 0.359375 0.1864013 0.40625 0.1370849 0.4082031 0.1870117 0.3867188 0.185791 0.4169922 0.1370849 0.4082031 0.1864013 0.40625 0.2261962 0.4174805 0.185791 0.4169922 0.1864013 0.40625 0.1870117 0.3867188 0.210083 0.3706055 0.2261962 0.3867188 0.2424316 0.3706055 0.2261962 0.3867188 0.210083 0.3706055 0.1870117 0.3867188 0.2261962 0.40625 0.1864013 0.40625 0.2261962 0.40625 0.1870117 0.3867188 0.2261962 0.3867188 0.2261962 0.4174805 0.1864013 0.40625 0.2261962 0.40625 0.2424316 0.3706055 0.2653809 0.3867188 0.2261962 0.3867188 0.2653809 0.3867188 0.2261962 0.40625 0.2261962 0.3867188 0.2424316 0.3706055 0.2495117 0.359375 0.2653809 0.3867188 0.3066406 0.3613281 0.2653809 0.3867188 0.2495117 0.359375 0.2261962 0.40625 0.2658692 0.40625 0.2261962 0.4174805 0.2261962 0.40625 0.2653809 0.3867188 0.2658692 0.40625 0.2666016 0.4169922 0.2261962 0.4174805 0.2658692 0.40625 0.265625 0.4287109 0.2261962 0.4174805 0.2666016 0.4169922 0.2653809 0.3867188 0.3151856 0.4082031 0.2658692 0.40625 0.3151856 0.4082031 0.2666016 0.4169922 0.2658692 0.40625 0.2653809 0.3867188 0.3066406 0.3613281 0.3188477 0.3891602 0.3151856 0.4082031 0.2653809 0.3867188 0.3188477 0.3891602 0.3481445 0.3657227 0.3188477 0.3891602 0.3066406 0.3613281 0.2666016 0.4169922 0.3129883 0.4301758 0.265625 0.4287109 0.3088379 0.4511719 0.265625 0.4287109 0.3129883 0.4301758 0.364502 0.3955078 0.3188477 0.3891602 0.3481445 0.3657227 0.364502 0.3955078 0.3481445 0.3657227 0.3701172 0.3701172 0.3129883 0.4301758 0.3474121 0.4511719 0.3088379 0.4511719 0.3354492 0.4882813 0.3088379 0.4511719 0.3474121 0.4511719 0.3701172 0.3701172 0.3859863 0.4008789 0.364502 0.3955078 0.3859863 0.4008789 0.3701172 0.3701172 0.3771973 0.3720703 0.3601074 0.4121094 0.3188477 0.3891602 0.364502 0.3955078 0.3859863 0.4008789 0.3601074 0.4121094 0.364502 0.3955078 0.3188477 0.3891602 0.3601074 0.4121094 0.3151856 0.4082031 0.3771973 0.3720703 0.3933106 0.4023438 0.3859863 0.4008789 0.4013672 0.4023438 0.3771973 0.3720703 0.3847656 0.3706055 0.3771973 0.3720703 0.4013672 0.4023438 0.3933106 0.4023438 0.3933106 0.4023438 0.3862305 0.4155274 0.3859863 0.4008789 0.3601074 0.4121094 0.3859863 0.4008789 0.3862305 0.4155274 0.4013672 0.4023438 0.3952637 0.4169922 0.3933106 0.4023438 0.3862305 0.4155274 0.3933106 0.4023438 0.3952637 0.4169922 0.3952637 0.4169922 0.4013672 0.4023438 0.4020996 0.4194336 0.4020996 0.4194336 0.3933106 0.4267578 0.3952637 0.4169922 0.3933106 0.4267578 0.3862305 0.4155274 0.3952637 0.4169922 0.3933106 0.4267578 0.4020996 0.4194336 0.3977051 0.4301758 0.3933106 0.4267578 0.3977051 0.4301758 0.3886719 0.4389649 0.3862305 0.4155274 0.3933106 0.4267578 0.3830567 0.425293 0.3601074 0.4121094 0.3862305 0.4155274 0.3830567 0.425293 0.3830567 0.425293 0.3933106 0.4267578 0.3886719 0.4389649 0.3830567 0.425293 0.3588867 0.4223633 0.3601074 0.4121094 0.3151856 0.4082031 0.3601074 0.4121094 0.3151856 0.4189453 0.3151856 0.4189453 0.3601074 0.4121094 0.3588867 0.4223633 0.2666016 0.4169922 0.3151856 0.4082031 0.3151856 0.4189453 0.3129883 0.4301758 0.2666016 0.4169922 0.3151856 0.4189453 0.3781738 0.4345703 0.3588867 0.4223633 0.3830567 0.425293 0.3781738 0.4345703 0.3830567 0.425293 0.3886719 0.4389649 0.3547363 0.4326172 0.3151856 0.4189453 0.3588867 0.4223633 0.3151856 0.4189453 0.3547363 0.4326172 0.3129883 0.4301758 0.3588867 0.4223633 0.3781738 0.4345703 0.3547363 0.4326172 0.3474121 0.4511719 0.3129883 0.4301758 0.3547363 0.4326172 0.3547363 0.4326172 0.3781738 0.4345703 0.3696289 0.4501953 0.3696289 0.4501953 0.3474121 0.4511719 0.3547363 0.4326172 0.3781738 0.4345703 0.3886719 0.4389649 0.3696289 0.4501953 0.3564453 0.4853516 0.3474121 0.4511719 0.3696289 0.4501953 0.3474121 0.4511719 0.3564453 0.4853516 0.3354492 0.4882813 0.3464356 0.5241699 0.3354492 0.4882813 0.3564453 0.4853516 0.3696289 0.4501953 0.3886719 0.4389649 0.3879395 0.4506836 0.3696289 0.4501953 0.378418 0.4799805 0.3564453 0.4853516 0.378418 0.4799805 0.3696289 0.4501953 0.3879395 0.4506836 0.3564453 0.4853516 0.3708496 0.5029297 0.3464356 0.5241699 0.3708496 0.5029297 0.3564453 0.4853516 0.378418 0.4799805 0.3886719 0.4389649 0.3986817 0.4467774 0.3879395 0.4506836 0.3879395 0.4506836 0.3874512 0.4804688 0.378418 0.4799805 0.3874512 0.4804688 0.3879395 0.4506836 0.3986817 0.4467774 0.378418 0.4799805 0.3874512 0.4804688 0.3789063 0.5056152 0.3708496 0.5029297 0.378418 0.4799805 0.3789063 0.5056152 0.3986817 0.4467774 0.3950195 0.4829102 0.3874512 0.4804688 0.3950195 0.4829102 0.3789063 0.5056152 0.3874512 0.4804688 0.3986817 0.4467774 0.3886719 0.4389649 0.4001465 0.4404297 0.3886719 0.4389649 0.4006348 0.4345703 0.4001465 0.4404297 0.4001465 0.4404297 0.4077149 0.4472656 0.3986817 0.4467774 0.3950195 0.4829102 0.3986817 0.4467774 0.4077149 0.4472656 0.4006348 0.4345703 0.4099121 0.4399414 0.4001465 0.4404297 0.4077149 0.4472656 0.4001465 0.4404297 0.4099121 0.4399414 0.4099121 0.4399414 0.4006348 0.4345703 0.4121094 0.4331055 0.4121094 0.4331055 0.4238281 0.4458008 0.4099121 0.4399414 0.4077149 0.4472656 0.4099121 0.4399414 0.4238281 0.4458008 0.4238281 0.4458008 0.4121094 0.4331055 0.4274902 0.4404297 0.4504395 0.4697266 0.4238281 0.4458008 0.4274902 0.4404297 0.4238281 0.4458008 0.4504395 0.4697266 0.4460449 0.4736328 0.4208984 0.4526367 0.4077149 0.4472656 0.4238281 0.4458008 0.4460449 0.4736328 0.4208984 0.4526367 0.4238281 0.4458008 0.3950195 0.4829102 0.4077149 0.4472656 0.4208984 0.4526367 0.4208984 0.4526367 0.4460449 0.4736328 0.442627 0.4799805 0.442627 0.4799805 0.4074707 0.4882813 0.4208984 0.4526367 0.4208984 0.4526367 0.4074707 0.4882813 0.3950195 0.4829102 0.4074707 0.4882813 0.442627 0.4799805 0.4248047 0.5124512 0.4074707 0.4882813 0.3850098 0.5095215 0.3950195 0.4829102 0.3789063 0.5056152 0.3950195 0.4829102 0.3850098 0.5095215 0.4248047 0.5124512 0.3955078 0.5148926 0.4074707 0.4882813 0.3850098 0.5095215 0.4074707 0.4882813 0.3955078 0.5148926 0.3955078 0.5148926 0.4248047 0.5124512 0.4091797 0.5366211 0.3850098 0.5095215 0.3745117 0.519043 0.3789063 0.5056152 0.3708496 0.5029297 0.3789063 0.5056152 0.3745117 0.519043 0.3803711 0.5219727 0.3850098 0.5095215 0.3955078 0.5148926 0.3745117 0.519043 0.3850098 0.5095215 0.3803711 0.5219727 0.4091797 0.5366211 0.3891602 0.5280762 0.3955078 0.5148926 0.3955078 0.5148926 0.3891602 0.5280762 0.3803711 0.5219727 0.3891602 0.5280762 0.4091797 0.5366211 0.4003906 0.5480957 0.3662109 0.5170899 0.3708496 0.5029297 0.3745117 0.519043 0.3708496 0.5029297 0.3662109 0.5170899 0.3464356 0.5241699 0.4003906 0.5480957 0.3859863 0.5344238 0.3891602 0.5280762 0.3859863 0.5344238 0.4003906 0.5480957 0.3959961 0.5539551 0.3720703 0.5256348 0.3662109 0.5170899 0.3745117 0.519043 0.3720703 0.5256348 0.3745117 0.519043 0.3803711 0.5219727 0.3891602 0.5280762 0.3771973 0.529541 0.3803711 0.5219727 0.3803711 0.5219727 0.3771973 0.529541 0.3720703 0.5256348 0.3771973 0.529541 0.3891602 0.5280762 0.3859863 0.5344238 0.3662109 0.5170899 0.3720703 0.5256348 0.3625488 0.5268555 0.3662109 0.5170899 0.3625488 0.5268555 0.3464356 0.5241699 0.3771973 0.529541 0.3696289 0.5319824 0.3720703 0.5256348 0.3720703 0.5256348 0.3696289 0.5319824 0.3625488 0.5268555 0.3859863 0.5344238 0.3742676 0.5356445 0.3771973 0.529541 0.3696289 0.5319824 0.3771973 0.529541 0.3742676 0.5356445 0.3959961 0.5539551 0.3825684 0.5415039 0.3859863 0.5344238 0.3742676 0.5356445 0.3859863 0.5344238 0.3825684 0.5415039 0.3825684 0.5415039 0.3959961 0.5539551 0.3913574 0.5610352 0.3742676 0.5356445 0.3640137 0.5393067 0.3696289 0.5319824 0.3640137 0.5393067 0.3625488 0.5268555 0.3696289 0.5319824 0.3742676 0.5356445 0.3825684 0.5415039 0.3696289 0.5444336 0.3640137 0.5393067 0.3742676 0.5356445 0.3696289 0.5444336 0.3913574 0.5610352 0.3789063 0.5505371 0.3825684 0.5415039 0.3789063 0.5505371 0.3696289 0.5444336 0.3825684 0.5415039 0.3789063 0.5505371 0.3913574 0.5610352 0.3869629 0.5703125 0.3759766 0.5603027 0.3869629 0.5703125 0.3840332 0.5795899 0.3869629 0.5703125 0.3759766 0.5603027 0.3789063 0.5505371 0.3759766 0.5603027 0.3642578 0.5534668 0.3789063 0.5505371 0.3789063 0.5505371 0.3642578 0.5534668 0.3696289 0.5444336 0.3579102 0.5478516 0.3696289 0.5444336 0.3642578 0.5534668 0.3696289 0.5444336 0.3579102 0.5478516 0.3640137 0.5393067 0.3574219 0.5336914 0.3640137 0.5393067 0.3579102 0.5478516 0.3625488 0.5268555 0.3640137 0.5393067 0.3574219 0.5336914 0.3625488 0.5268555 0.3574219 0.5336914 0.3464356 0.5241699 0.3579102 0.5478516 0.3505859 0.5397949 0.3574219 0.5336914 0.3464356 0.5241699 0.3574219 0.5336914 0.3505859 0.5397949 0.006912231 0.699707 0.04208374 0.7043457 0.007888793 0.7084961 0.04208374 0.7043457 0.006912231 0.699707 0.04156494 0.6960449 0.04156494 0.6960449 0.07714843 0.7026367 0.04208374 0.7043457 0.04156494 0.6960449 0.006912231 0.699707 0.003442764 0.6601563 0.07714843 0.7026367 0.04156494 0.6960449 0.07684326 0.6943359 0.04156494 0.6960449 0.003442764 0.6601563 0.03900146 0.6584473 0.07684326 0.6943359 0.04156494 0.6960449 0.03900146 0.6584473 0.07684326 0.6943359 0.1132812 0.6936035 0.07714843 0.7026367 0.1132812 0.6936035 0.1134643 0.701416 0.07714843 0.7026367 0.1132812 0.6936035 0.1479492 0.7009277 0.1134643 0.701416 0.07684326 0.6943359 0.03900146 0.6584473 0.07476806 0.6569824 0.1132812 0.6936035 0.07684326 0.6943359 0.07476806 0.6569824 0.003442764 0.6601563 0.03756713 0.6186524 0.03900146 0.6584473 0.03756713 0.6186524 0.003442764 0.6601563 0.001972198 0.6191406 0.03723144 0.6054688 0.001972198 0.6191406 0.002281188 0.6057129 0.001972198 0.6191406 0.03723144 0.6054688 0.03756713 0.6186524 0.0725708 0.6040039 0.03756713 0.6186524 0.03723144 0.6054688 0.07324218 0.6174317 0.03900146 0.6584473 0.03756713 0.6186524 0.03756713 0.6186524 0.0725708 0.6040039 0.07324218 0.6174317 0.03900146 0.6584473 0.07324218 0.6174317 0.07476806 0.6569824 0.1145019 0.6003418 0.07324218 0.6174317 0.0725708 0.6040039 0.07324218 0.6174317 0.1126098 0.657959 0.07476806 0.6569824 0.1132812 0.6936035 0.07476806 0.6569824 0.1126098 0.657959 0.07324218 0.6174317 0.1145019 0.6003418 0.1145019 0.6135254 0.1126098 0.657959 0.07324218 0.6174317 0.1145019 0.6135254 0.1431884 0.6154785 0.1145019 0.6135254 0.1145019 0.6003418 0.1126098 0.657959 0.1145019 0.6135254 0.1431884 0.6154785 0.1145019 0.6003418 0.1436767 0.6013184 0.1431884 0.6154785 0.1481933 0.692627 0.1132812 0.6936035 0.1126098 0.657959 0.1479492 0.7009277 0.1132812 0.6936035 0.1481933 0.692627 0.145874 0.6584473 0.1126098 0.657959 0.1431884 0.6154785 0.1481933 0.692627 0.1126098 0.657959 0.145874 0.6584473 0.1800537 0.6149902 0.1431884 0.6154785 0.1436767 0.6013184 0.1800537 0.6149902 0.145874 0.6584473 0.1431884 0.6154785 0.1436767 0.6013184 0.1799316 0.6013184 0.1800537 0.6149902 0.1817626 0.6584473 0.1481933 0.692627 0.145874 0.6584473 0.145874 0.6584473 0.1800537 0.6149902 0.1817626 0.6584473 0.1824951 0.6916504 0.1479492 0.7009277 0.1481933 0.692627 0.1481933 0.692627 0.1817626 0.6584473 0.1824951 0.6916504 0.1479492 0.7009277 0.1824951 0.6916504 0.1822509 0.7001953 0.2177734 0.6916504 0.1822509 0.7001953 0.1824951 0.6916504 0.2177734 0.6916504 0.1824951 0.6916504 0.1817626 0.6584473 0.1822509 0.7001953 0.2177734 0.6916504 0.2175292 0.7006836 0.1800537 0.6149902 0.2167968 0.6560059 0.1817626 0.6584473 0.2177734 0.6916504 0.1817626 0.6584473 0.2167968 0.6560059 0.2154541 0.614502 0.1800537 0.6149902 0.1799316 0.6013184 0.2167968 0.6560059 0.1800537 0.6149902 0.2154541 0.614502 0.2154541 0.614502 0.1799316 0.6013184 0.215332 0.6010742 0.2529297 0.6560059 0.2177734 0.6916504 0.2167968 0.6560059 0.2154541 0.614502 0.2529297 0.6560059 0.2167968 0.6560059 0.2521973 0.6906738 0.2175292 0.7006836 0.2177734 0.6916504 0.2177734 0.6916504 0.2529297 0.6560059 0.2521973 0.6906738 0.2175292 0.7006836 0.2521973 0.6906738 0.2521973 0.6994629 0.2568359 0.6125488 0.2154541 0.614502 0.215332 0.6010742 0.2529297 0.6560059 0.2154541 0.614502 0.2568359 0.6125488 0.2568359 0.6125488 0.215332 0.6010742 0.2578125 0.598877 0.2885742 0.598877 0.2568359 0.6125488 0.2578125 0.598877 0.2878418 0.6904297 0.2521973 0.6994629 0.2521973 0.6906738 0.2878418 0.6904297 0.2521973 0.6906738 0.2529297 0.6560059 0.2521973 0.6994629 0.2878418 0.6904297 0.2880859 0.6987305 0.2878418 0.6904297 0.3232422 0.6989746 0.2880859 0.6987305 0.2568359 0.6125488 0.2873535 0.6547852 0.2529297 0.6560059 0.2878418 0.6904297 0.2529297 0.6560059 0.2873535 0.6547852 0.2568359 0.6125488 0.2885742 0.598877 0.2895508 0.6140137 0.2873535 0.6547852 0.2568359 0.6125488 0.2895508 0.6140137 0.3266602 0.5981445 0.2895508 0.6140137 0.2885742 0.598877 0.3232422 0.6989746 0.2878418 0.6904297 0.3229981 0.6904297 0.3229981 0.6904297 0.2878418 0.6904297 0.2873535 0.6547852 0.3229981 0.6904297 0.3564453 0.6987305 0.3232422 0.6989746 0.2895508 0.6140137 0.3229981 0.6535645 0.2873535 0.6547852 0.3229981 0.6904297 0.2873535 0.6547852 0.3229981 0.6535645 0.2895508 0.6140137 0.3266602 0.5981445 0.3249512 0.6154785 0.3229981 0.6535645 0.2895508 0.6140137 0.3249512 0.6154785 0.3574219 0.6005859 0.3249512 0.6154785 0.3266602 0.5981445 0.3564453 0.6987305 0.3229981 0.6904297 0.3566895 0.6901856 0.3566895 0.6901856 0.3229981 0.6904297 0.3229981 0.6535645 0.3566895 0.6901856 0.3913574 0.699707 0.3564453 0.6987305 0.3249512 0.6154785 0.3574219 0.6005859 0.3574219 0.6137695 0.3916016 0.6020508 0.3574219 0.6137695 0.3574219 0.6005859 0.3249512 0.6154785 0.3574219 0.652832 0.3229981 0.6535645 0.3574219 0.652832 0.3249512 0.6154785 0.3574219 0.6137695 0.3566895 0.6901856 0.3229981 0.6535645 0.3574219 0.652832 0.3574219 0.6137695 0.3916016 0.6020508 0.3913574 0.6184082 0.3913574 0.6184082 0.3574219 0.652832 0.3574219 0.6137695 0.4262695 0.6018067 0.3913574 0.6184082 0.3916016 0.6020508 0.3916016 0.690918 0.3566895 0.6901856 0.3574219 0.652832 0.3913574 0.699707 0.3566895 0.6901856 0.3916016 0.690918 0.3916016 0.690918 0.3574219 0.652832 0.3916016 0.654541 0.3574219 0.652832 0.3913574 0.6184082 0.3916016 0.654541 0.3916016 0.690918 0.4277344 0.6921387 0.3913574 0.699707 0.4277344 0.6921387 0.3916016 0.690918 0.3916016 0.654541 0.3913574 0.699707 0.4277344 0.6921387 0.4272461 0.7004395 0.3913574 0.6184082 0.4262695 0.6555176 0.3916016 0.654541 0.4277344 0.6921387 0.3916016 0.654541 0.4262695 0.6555176 0.4262695 0.6555176 0.3913574 0.6184082 0.4262695 0.6154785 0.3913574 0.6184082 0.4262695 0.6018067 0.4262695 0.6154785 0.4624024 0.6555176 0.4277344 0.6921387 0.4262695 0.6555176 0.4262695 0.6154785 0.4624024 0.6555176 0.4262695 0.6555176 0.4643555 0.6936035 0.4272461 0.7004395 0.4277344 0.6921387 0.4277344 0.6921387 0.4624024 0.6555176 0.4643555 0.6936035 0.4272461 0.7004395 0.4643555 0.6936035 0.4641113 0.7019043 0.4645996 0.6159668 0.4262695 0.6154785 0.4262695 0.6018067 0.4624024 0.6555176 0.4262695 0.6154785 0.4645996 0.6159668 0.4262695 0.6018067 0.4645996 0.6022949 0.4645996 0.6159668 0.4987793 0.621582 0.4645996 0.6159668 0.4645996 0.6022949 0.4987793 0.621582 0.4624024 0.6555176 0.4645996 0.6159668 0.4987793 0.621582 0.4645996 0.6022949 0.4990234 0.6047363 0.498291 0.6567383 0.4643555 0.6936035 0.4624024 0.6555176 0.4624024 0.6555176 0.4987793 0.621582 0.498291 0.6567383 0.5 0.6945801 0.4641113 0.7019043 0.4643555 0.6936035 0.4643555 0.6936035 0.498291 0.6567383 0.5 0.6945801 0.4641113 0.7019043 0.5 0.6945801 0.4997559 0.7028809 0.4987793 0.621582 0.5341797 0.6582031 0.498291 0.6567383 0.5341797 0.6582031 0.5 0.6945801 0.498291 0.6567383 0.5336914 0.6184082 0.4987793 0.621582 0.4990234 0.6047363 0.5341797 0.6582031 0.4987793 0.621582 0.5336914 0.6184082 0.5336914 0.6184082 0.4990234 0.6047363 0.5341797 0.6040039 0.5341797 0.6040039 0.5742188 0.6176758 0.5336914 0.6184082 0.5742188 0.6176758 0.5341797 0.6040039 0.5737305 0.6040039 0.5742188 0.6176758 0.5341797 0.6582031 0.5336914 0.6184082 0.5341797 0.6582031 0.5742188 0.6176758 0.5737305 0.6594238 0.5 0.6945801 0.5341797 0.6582031 0.5341797 0.6965332 0.5341797 0.6965332 0.5341797 0.6582031 0.5737305 0.6594238 0.5341797 0.6965332 0.4997559 0.7028809 0.5 0.6945801 0.5693359 0.699707 0.5341797 0.6965332 0.5737305 0.6594238 0.4997559 0.7028809 0.5341797 0.6965332 0.5332031 0.704834 0.5693359 0.699707 0.5332031 0.704834 0.5341797 0.6965332 0.5332031 0.704834 0.5693359 0.699707 0.5678711 0.7084961 0.5708008 0.7226563 0.534668 0.7172852 0.5698242 0.7141113 0.534668 0.7172852 0.5708008 0.7226563 0.5356445 0.7253418 0.5356445 0.7253418 0.5 0.71875 0.534668 0.7172852 0.5356445 0.7253418 0.5708008 0.7226563 0.5712891 0.7619629 0.5 0.71875 0.5356445 0.7253418 0.5004883 0.7270508 0.5004883 0.7270508 0.4660645 0.7197266 0.5 0.71875 0.5356445 0.7253418 0.5712891 0.7619629 0.5366211 0.7625733 0.5004883 0.7270508 0.5356445 0.7253418 0.5366211 0.7625733 0.4660645 0.7197266 0.5004883 0.7270508 0.4665527 0.7280274 0.4665527 0.7280274 0.4309082 0.7216797 0.4660645 0.7197266 0.5004883 0.7270508 0.5366211 0.7625733 0.5014649 0.7636719 0.4665527 0.7280274 0.5004883 0.7270508 0.5014649 0.7636719 0.5712891 0.7619629 0.5375977 0.8018799 0.5366211 0.7625733 0.5375977 0.8018799 0.5712891 0.7619629 0.5712891 0.8023682 0.5703125 0.8151856 0.5375977 0.8149414 0.5712891 0.8023682 0.5375977 0.8018799 0.5712891 0.8023682 0.5375977 0.8149414 0.5029297 0.8157959 0.5375977 0.8018799 0.5375977 0.8149414 0.5029297 0.8026123 0.5366211 0.7625733 0.5375977 0.8018799 0.5375977 0.8018799 0.5029297 0.8157959 0.5029297 0.8026123 0.5366211 0.7625733 0.5029297 0.8026123 0.5014649 0.7636719 0.4680176 0.8168945 0.5029297 0.8026123 0.5029297 0.8157959 0.5029297 0.8026123 0.4680176 0.8168945 0.4677734 0.8035889 0.4677734 0.8035889 0.5014649 0.7636719 0.5029297 0.8026123 0.4279785 0.8188477 0.4677734 0.8035889 0.4680176 0.8168945 0.5014649 0.7636719 0.4677734 0.8035889 0.4667969 0.7646484 0.4665527 0.7280274 0.5014649 0.7636719 0.4667969 0.7646484 0.4677734 0.8035889 0.4279785 0.8188477 0.4277344 0.8059082 0.4313965 0.7292481 0.4665527 0.7280274 0.4667969 0.7646484 0.4309082 0.7216797 0.4665527 0.7280274 0.4313965 0.7292481 0.4677734 0.8035889 0.4318848 0.7657471 0.4667969 0.7646484 0.4313965 0.7292481 0.4667969 0.7646484 0.4318848 0.7657471 0.4318848 0.7657471 0.4677734 0.8035889 0.4277344 0.8059082 0.3962402 0.7307129 0.4309082 0.7216797 0.4313965 0.7292481 0.4309082 0.7216797 0.3962402 0.7307129 0.3962402 0.7229004 0.3969727 0.7674561 0.4313965 0.7292481 0.4318848 0.7657471 0.4277344 0.8059082 0.3969727 0.7674561 0.4318848 0.7657471 0.4313965 0.7292481 0.3969727 0.7674561 0.3962402 0.7307129 0.3962402 0.7307129 0.3618164 0.7231445 0.3962402 0.7229004 0.3969727 0.7674561 0.4277344 0.8059082 0.3979492 0.8054199 0.3979492 0.8054199 0.4277344 0.8059082 0.4279785 0.8188477 0.4279785 0.8188477 0.3981934 0.8187256 0.3979492 0.8054199 0.3623047 0.7672119 0.3962402 0.7307129 0.3969727 0.7674561 0.3979492 0.8054199 0.3623047 0.7672119 0.3969727 0.7674561 0.3618164 0.7231445 0.3962402 0.7307129 0.3618164 0.730957 0.3962402 0.7307129 0.3623047 0.7672119 0.3618164 0.730957 0.362793 0.8059082 0.3979492 0.8054199 0.3981934 0.8187256 0.3623047 0.7672119 0.3979492 0.8054199 0.362793 0.8059082 0.362793 0.8059082 0.3981934 0.8187256 0.3630371 0.8193359 0.3269043 0.7312012 0.3618164 0.7231445 0.3618164 0.730957 0.3269043 0.7312012 0.3618164 0.730957 0.3623047 0.7672119 0.3618164 0.7231445 0.3269043 0.7312012 0.3269043 0.7231445 0.362793 0.8059082 0.3244629 0.7680664 0.3623047 0.7672119 0.3269043 0.7312012 0.3623047 0.7672119 0.3244629 0.7680664 0.3215332 0.8073731 0.362793 0.8059082 0.3630371 0.8193359 0.3244629 0.7680664 0.362793 0.8059082 0.3215332 0.8073731 0.3215332 0.8073731 0.3630371 0.8193359 0.3215332 0.8204346 0.2924805 0.8201904 0.3215332 0.8073731 0.3215332 0.8204346 0.2919922 0.767334 0.3269043 0.7312012 0.3244629 0.7680664 0.3215332 0.8073731 0.2919922 0.767334 0.3244629 0.7680664 0.3215332 0.8073731 0.2924805 0.8201904 0.2924805 0.8067627 0.2919922 0.767334 0.3215332 0.8073731 0.2924805 0.8067627 0.2568359 0.8201904 0.2924805 0.8067627 0.2924805 0.8201904 0.2924805 0.8067627 0.2568359 0.8201904 0.2570801 0.8067627 0.2570801 0.8067627 0.2919922 0.767334 0.2924805 0.8067627 0.2211914 0.8201904 0.2570801 0.8067627 0.2568359 0.8201904 0.3269043 0.7312012 0.2919922 0.767334 0.2907715 0.7297363 0.2907715 0.7297363 0.3269043 0.7231445 0.3269043 0.7312012 0.3269043 0.7231445 0.2907715 0.7297363 0.2907715 0.7214356 0.2907715 0.7297363 0.2553711 0.7202149 0.2907715 0.7214356 0.2570801 0.8067627 0.2211914 0.8201904 0.2213134 0.8065186 0.1831054 0.8197022 0.2213134 0.8065186 0.2211914 0.8201904 0.2553711 0.7202149 0.2907715 0.7297363 0.255127 0.7292481 0.255127 0.7292481 0.2200927 0.7202149 0.2553711 0.7202149 0.2565918 0.7666016 0.2907715 0.7297363 0.2919922 0.767334 0.2907715 0.7297363 0.2565918 0.7666016 0.255127 0.7292481 0.2919922 0.767334 0.2570801 0.8067627 0.2565918 0.7666016 0.2213134 0.8065186 0.2565918 0.7666016 0.2570801 0.8067627 0.2200927 0.7202149 0.255127 0.7292481 0.2198486 0.7292481 0.2198486 0.7292481 0.255127 0.7292481 0.2565918 0.7666016 0.2198486 0.7292481 0.1839599 0.7202149 0.2200927 0.7202149 0.2565918 0.7666016 0.2213134 0.8065186 0.2199707 0.7669678 0.2198486 0.7292481 0.2565918 0.7666016 0.2199707 0.7669678 0.1839599 0.7202149 0.2198486 0.7292481 0.1835937 0.7285156 0.1835937 0.7285156 0.2198486 0.7292481 0.2199707 0.7669678 0.1835937 0.7285156 0.1502685 0.7199707 0.1839599 0.7202149 0.1829833 0.8060303 0.2199707 0.7669678 0.2213134 0.8065186 0.2213134 0.8065186 0.1831054 0.8197022 0.1829833 0.8060303 0.1835937 0.7285156 0.2199707 0.7669678 0.1837158 0.7659912 0.2199707 0.7669678 0.1829833 0.8060303 0.1837158 0.7659912 0.1495361 0.8197022 0.1829833 0.8060303 0.1831054 0.8197022 0.1497802 0.7285156 0.1835937 0.7285156 0.1837158 0.7659912 0.1502685 0.7199707 0.1835937 0.7285156 0.1497802 0.7285156 0.1829833 0.8060303 0.1501464 0.7661133 0.1837158 0.7659912 0.1497802 0.7285156 0.1837158 0.7659912 0.1501464 0.7661133 0.1829833 0.8060303 0.1495361 0.8197022 0.149414 0.8061524 0.1501464 0.7661133 0.1829833 0.8060303 0.149414 0.8061524 0.1121826 0.7272949 0.1502685 0.7199707 0.1497802 0.7285156 0.1502685 0.7199707 0.1121826 0.7272949 0.1127929 0.7182617 0.1135253 0.7652588 0.1497802 0.7285156 0.1501464 0.7661133 0.149414 0.8061524 0.1135253 0.7652588 0.1501464 0.7661133 0.1497802 0.7285156 0.1135253 0.7652588 0.1121826 0.7272949 0.1134643 0.8057861 0.149414 0.8061524 0.1495361 0.8197022 0.1135253 0.7652588 0.149414 0.8061524 0.1134643 0.8057861 0.1495361 0.8197022 0.1134033 0.8195801 0.1134643 0.8057861 0.07714843 0.7647705 0.1121826 0.7272949 0.1135253 0.7652588 0.1134643 0.8057861 0.07714843 0.7647705 0.1135253 0.7652588 0.0795288 0.7258301 0.1127929 0.7182617 0.1121826 0.7272949 0.1121826 0.7272949 0.07714843 0.7647705 0.0795288 0.7258301 0.1127929 0.7182617 0.0795288 0.7258301 0.08007812 0.7167969 0.07513427 0.8065186 0.1134643 0.8057861 0.1134033 0.8195801 0.07714843 0.7647705 0.1134643 0.8057861 0.07513427 0.8065186 0.07513427 0.8065186 0.1134033 0.8195801 0.07543945 0.8200684 0.040802 0.7640381 0.0795288 0.7258301 0.07714843 0.7647705 0.07513427 0.8065186 0.040802 0.7640381 0.07714843 0.7647705 0.0420227 0.7250977 0.08007812 0.7167969 0.0795288 0.7258301 0.0795288 0.7258301 0.040802 0.7640381 0.0420227 0.7250977 0.08007812 0.7167969 0.0420227 0.7250977 0.04241943 0.7160645 0.04031372 0.805542 0.07513427 0.8065186 0.07543945 0.8200684 0.040802 0.7640381 0.07513427 0.8065186 0.04031372 0.805542 0.04031372 0.805542 0.07543945 0.8200684 0.04064941 0.819458 0.004184722 0.7216797 0.04241943 0.7160645 0.0420227 0.7250977 0.04241943 0.7160645 0.004184722 0.7216797 0.005485534 0.7124024 0.0420227 0.7250977 0.001972198 0.7628174 0.004184722 0.7216797 0.001972198 0.7628174 0.0420227 0.7250977 0.040802 0.7640381 0.040802 0.7640381 0.002204895 0.8061524 0.001972198 0.7628174 0.002204895 0.8061524 0.040802 0.7640381 0.04031372 0.805542 0.002204895 0.8061524 0.04031372 0.805542 0.04064941 0.819458 0.002204895 0.8061524 0.04064941 0.819458 0.003479003 0.8204346 0.3925781 0.9684143 0.3879395 0.9671936 0.3925781 0.9542236 0.3879395 0.9671936 0.3659668 0.9613342 0.3925781 0.9542236 0.3659668 0.9613342 0.3879395 0.9671936 0.3820801 0.9773865 0.3854981 0.9419251 0.3925781 0.9542236 0.3659668 0.9613342 0.3820801 0.9773865 0.3718262 0.9832611 0.3659668 0.9613342 0.3730469 0.9348755 0.3854981 0.9419251 0.3659668 0.9613342 0.3659668 0.9613342 0.3718262 0.9832611 0.3601074 0.9832611 0.3588867 0.9348755 0.3730469 0.9348755 0.3659668 0.9613342 0.3659668 0.9613342 0.3601074 0.9832611 0.3498535 0.9773865 0.3659668 0.9613342 0.3466797 0.9419251 0.3588867 0.9348755 0.3659668 0.9613342 0.3498535 0.9773865 0.3439942 0.9671936 0.3395996 0.9542236 0.3466797 0.9419251 0.3659668 0.9613342 0.3395996 0.9542236 0.3659668 0.9613342 0.3439942 0.9671936 0.3395996 0.9684143 0.3395996 0.9542236 0.3439942 0.9671936 0.534668 0.8404541 0.5390625 0.8392334 0.5390625 0.8535156 0.5126953 0.8463135 0.534668 0.8404541 0.5390625 0.8535156 0.5288086 0.8303223 0.534668 0.8404541 0.5126953 0.8463135 0.5390625 0.8535156 0.5317383 0.8657227 0.5126953 0.8463135 0.5288086 0.8303223 0.5126953 0.8463135 0.5185547 0.8244629 0.5317383 0.8657227 0.5195313 0.8729248 0.5126953 0.8463135 0.5068359 0.8244629 0.5185547 0.8244629 0.5126953 0.8463135 0.5195313 0.8729248 0.5053711 0.8729248 0.5126953 0.8463135 0.496582 0.8303223 0.5068359 0.8244629 0.5126953 0.8463135 0.5053711 0.8729248 0.4931641 0.8657227 0.5126953 0.8463135 0.4907227 0.8404541 0.496582 0.8303223 0.5126953 0.8463135 0.4931641 0.8657227 0.486084 0.8535156 0.5126953 0.8463135 0.486084 0.8535156 0.4907227 0.8404541 0.5126953 0.8463135 0.486084 0.8535156 0.486084 0.8392334 0.4907227 0.8404541 0.9067383 0.942749 0.9116211 0.9439697 0.9067383 0.9569397 0.9116211 0.9439697 0.9335938 0.9498596 0.9067383 0.9569397 0.9335938 0.9498596 0.9116211 0.9439697 0.9174805 0.9338379 0.9140625 0.9692383 0.9067383 0.9569397 0.9335938 0.9498596 0.9174805 0.9338379 0.9277344 0.9279175 0.9335938 0.9498596 0.9262695 0.9763336 0.9140625 0.9692383 0.9335938 0.9498596 0.9335938 0.9498596 0.9277344 0.9279175 0.9394531 0.9279175 0.9404297 0.9763336 0.9262695 0.9763336 0.9335938 0.9498596 0.9335938 0.9498596 0.9394531 0.9279175 0.949707 0.9338379 0.9335938 0.9498596 0.9526367 0.9692383 0.9404297 0.9763336 0.9335938 0.9498596 0.949707 0.9338379 0.9555664 0.9439697 0.9599609 0.9569397 0.9526367 0.9692383 0.9335938 0.9498596 0.9599609 0.9569397 0.9335938 0.9498596 0.9555664 0.9439697 0.9599609 0.942749 0.9599609 0.9569397 0.9555664 0.9439697 0.9213867 0.4125977 0.9169922 0.4140625 0.9169922 0.3994141 0.9433594 0.4067383 0.9213867 0.4125977 0.9169922 0.3994141 0.9272461 0.4228516 0.9213867 0.4125977 0.9433594 0.4067383 0.9169922 0.3994141 0.9238281 0.387207 0.9433594 0.4067383 0.9272461 0.4228516 0.9433594 0.4067383 0.9375 0.4287109 0.9238281 0.387207 0.9365234 0.3803711 0.9433594 0.4067383 0.9492188 0.4287109 0.9375 0.4287109 0.9433594 0.4067383 0.9365234 0.3803711 0.9506836 0.3803711 0.9433594 0.4067383 0.9594727 0.4228516 0.9492188 0.4287109 0.9433594 0.4067383 0.9506836 0.3803711 0.9628906 0.387207 0.9433594 0.4067383 0.965332 0.4125977 0.9594727 0.4228516 0.9433594 0.4067383 0.9628906 0.387207 0.9697266 0.3994141 0.9433594 0.4067383 0.9697266 0.3994141 0.965332 0.4125977 0.9433594 0.4067383 0.9697266 0.3994141 0.9697266 0.4140625 0.965332 0.4125977 0.9169922 0.3427734 0.9213867 0.34375 0.9169922 0.3569336 0.9213867 0.34375 0.9433594 0.3496094 0.9169922 0.3569336 0.9433594 0.3496094 0.9213867 0.34375 0.9272461 0.3339844 0.9238281 0.3691406 0.9169922 0.3569336 0.9433594 0.3496094 0.9272461 0.3339844 0.9375 0.3276367 0.9433594 0.3496094 0.9365234 0.3764649 0.9238281 0.3691406 0.9433594 0.3496094 0.9433594 0.3496094 0.9375 0.3276367 0.9492188 0.3276367 0.9506836 0.3764649 0.9365234 0.3764649 0.9433594 0.3496094 0.9433594 0.3496094 0.9492188 0.3276367 0.9594727 0.3339844 0.9433594 0.3496094 0.9628906 0.3691406 0.9506836 0.3764649 0.9433594 0.3496094 0.9594727 0.3339844 0.965332 0.34375 0.9697266 0.3569336 0.9628906 0.3691406 0.9433594 0.3496094 0.9697266 0.3569336 0.9433594 0.3496094 0.965332 0.34375 0.9697266 0.3427734 0.9697266 0.3569336 0.965332 0.34375 0.965332 0.2392578 0.9697266 0.2377929 0.9697266 0.2519531 0.9433594 0.2451171 0.965332 0.2392578 0.9697266 0.2519531 0.9594727 0.2290039 0.965332 0.2392578 0.9433594 0.2451171 0.9697266 0.2519531 0.9628906 0.2646484 0.9433594 0.2451171 0.9594727 0.2290039 0.9433594 0.2451171 0.9492188 0.2231445 0.9628906 0.2646484 0.9506836 0.2714844 0.9433594 0.2451171 0.9375 0.2231445 0.9492188 0.2231445 0.9433594 0.2451171 0.9506836 0.2714844 0.9365234 0.2714844 0.9433594 0.2451171 0.9272461 0.2290039 0.9375 0.2231445 0.9433594 0.2451171 0.9365234 0.2714844 0.9238281 0.2646484 0.9433594 0.2451171 0.9213867 0.2392578 0.9272461 0.2290039 0.9433594 0.2451171 0.9238281 0.2646484 0.9169922 0.2519531 0.9433594 0.2451171 0.9169922 0.2519531 0.9213867 0.2392578 0.9433594 0.2451171 0.9169922 0.2519531 0.9169922 0.2377929 0.9213867 0.2392578 0.9169922 0.5 0.9213867 0.5009766 0.9169922 0.513916 0.9213867 0.5009766 0.9433594 0.5068359 0.9169922 0.513916 0.9433594 0.5068359 0.9213867 0.5009766 0.9272461 0.4907227 0.9238281 0.5261231 0.9169922 0.513916 0.9433594 0.5068359 0.9272461 0.4907227 0.9375 0.4848633 0.9433594 0.5068359 0.9365234 0.5334473 0.9238281 0.5261231 0.9433594 0.5068359 0.9433594 0.5068359 0.9375 0.4848633 0.9492188 0.4848633 0.9506836 0.5334473 0.9365234 0.5334473 0.9433594 0.5068359 0.9433594 0.5068359 0.9492188 0.4848633 0.9594727 0.4907227 0.9433594 0.5068359 0.9628906 0.5261231 0.9506836 0.5334473 0.9433594 0.5068359 0.9594727 0.4907227 0.965332 0.5009766 0.9697266 0.513916 0.9628906 0.5261231 0.9433594 0.5068359 0.9697266 0.513916 0.9433594 0.5068359 0.965332 0.5009766 0.9697266 0.5 0.9697266 0.513916 0.965332 0.5009766 0.965332 0.2915039 0.9697266 0.2905274 0.9697266 0.3046875 0.9433594 0.2973633 0.965332 0.2915039 0.9697266 0.3046875 0.9594727 0.28125 0.965332 0.2915039 0.9433594 0.2973633 0.9697266 0.3046875 0.9628906 0.3168945 0.9433594 0.2973633 0.9594727 0.28125 0.9433594 0.2973633 0.9492188 0.2753906 0.9628906 0.3168945 0.9506836 0.3237305 0.9433594 0.2973633 0.9375 0.2753906 0.9492188 0.2753906 0.9433594 0.2973633 0.9506836 0.3237305 0.9365234 0.3237305 0.9433594 0.2973633 0.9272461 0.28125 0.9375 0.2753906 0.9433594 0.2973633 0.9365234 0.3237305 0.9238281 0.3168945 0.9433594 0.2973633 0.9213867 0.2915039 0.9272461 0.28125 0.9433594 0.2973633 0.9238281 0.3168945 0.9169922 0.3046875 0.9433594 0.2973633 0.9169922 0.3046875 0.9213867 0.2915039 0.9433594 0.2973633 0.9169922 0.3046875 0.9169922 0.2905274 0.9213867 0.2915039 0.4104004 0.9731598 0.4016113 0.9680481 0.3964844 0.959137 0.4206543 0.9731598 0.4104004 0.9731598 0.3964844 0.959137 0.4296875 0.9680481 0.4206543 0.9731598 0.3964844 0.959137 0.3964844 0.959137 0.3964844 0.9488525 0.4016113 0.9399719 0.3964844 0.959137 0.4016113 0.9399719 0.4296875 0.9680481 0.4016113 0.9399719 0.4104004 0.9348755 0.4206543 0.9348755 0.4206543 0.9348755 0.4296875 0.9680481 0.4016113 0.9399719 0.4206543 0.9348755 0.4296875 0.9399719 0.4296875 0.9680481 0.4296875 0.9399719 0.4348145 0.9488525 0.4296875 0.9680481 0.4348145 0.9488525 0.4348145 0.959137 0.4296875 0.9680481 0.9658203 0.8187256 0.9736328 0.8155518 0.9702149 0.8214111 0.9736328 0.8155518 0.9658203 0.8187256 0.9692383 0.8132324 0.9638672 0.8150635 0.9692383 0.8132324 0.9658203 0.8187256 0.9599609 0.8187256 0.9638672 0.8150635 0.9658203 0.8187256 0.9663086 0.8236084 0.9599609 0.8187256 0.9658203 0.8187256 0.9599609 0.8187256 0.9663086 0.8236084 0.9594727 0.8236084 0.9521484 0.8154297 0.9599609 0.8187256 0.9555664 0.8212891 0.9599609 0.8187256 0.9521484 0.8154297 0.956543 0.8132324 0.9599609 0.8187256 0.9619141 0.8151856 0.9638672 0.8150635 0.9609375 0.8133545 0.9599609 0.8187256 0.956543 0.8132324 0.9599609 0.8187256 0.9609375 0.8133545 0.9619141 0.8151856 0.9648438 0.8133545 0.9638672 0.8150635 0.9619141 0.8151856 0.9692383 0.8132324 0.9638672 0.8150635 0.9648438 0.8133545 0.9619141 0.8151856 0.9609375 0.8133545 0.9619141 0.8114014 0.9619141 0.8114014 0.9648438 0.8133545 0.9619141 0.8151856 0.956543 0.8132324 0.9619141 0.8114014 0.9609375 0.8133545 0.9692383 0.8132324 0.9648438 0.8133545 0.9638672 0.8115234 0.9619141 0.8114014 0.9638672 0.8115234 0.9648438 0.8133545 0.9692383 0.8132324 0.9638672 0.8115234 0.9658203 0.8078613 0.9619141 0.8114014 0.9658203 0.8078613 0.9638672 0.8115234 0.9658203 0.8078613 0.9736328 0.8110352 0.9692383 0.8132324 0.9736328 0.8110352 0.9658203 0.8078613 0.9702149 0.8051758 0.9619141 0.8114014 0.956543 0.8132324 0.9599609 0.8078613 0.9599609 0.8078613 0.9658203 0.8078613 0.9619141 0.8114014 0.9521484 0.8109131 0.9599609 0.8078613 0.956543 0.8132324 0.9555664 0.8051758 0.9599609 0.8078613 0.9521484 0.8109131 0.9599609 0.8078613 0.9663086 0.8029785 0.9658203 0.8078613 0.9663086 0.8029785 0.9599609 0.8078613 0.9594727 0.8029785 0.9658203 0.8640137 0.9736328 0.8608399 0.9702149 0.8666992 0.9736328 0.8608399 0.9658203 0.8640137 0.9692383 0.8586426 0.9638672 0.8604736 0.9692383 0.8586426 0.9658203 0.8640137 0.9599609 0.8640137 0.9638672 0.8604736 0.9658203 0.8640137 0.9663086 0.8690186 0.9599609 0.8640137 0.9658203 0.8640137 0.9599609 0.8640137 0.9663086 0.8690186 0.9594727 0.8688965 0.9521484 0.8608399 0.9599609 0.8640137 0.9555664 0.8665772 0.9599609 0.8640137 0.9521484 0.8608399 0.956543 0.8585205 0.9599609 0.8640137 0.9619141 0.8604736 0.9638672 0.8604736 0.9609375 0.8586426 0.9599609 0.8640137 0.956543 0.8585205 0.9599609 0.8640137 0.9609375 0.8586426 0.9619141 0.8604736 0.9648438 0.8586426 0.9638672 0.8604736 0.9619141 0.8604736 0.9692383 0.8586426 0.9638672 0.8604736 0.9648438 0.8586426 0.9619141 0.8604736 0.9609375 0.8586426 0.9619141 0.8568115 0.9619141 0.8568115 0.9648438 0.8586426 0.9619141 0.8604736 0.956543 0.8585205 0.9619141 0.8568115 0.9609375 0.8586426 0.9692383 0.8586426 0.9648438 0.8586426 0.9638672 0.8568115 0.9619141 0.8568115 0.9638672 0.8568115 0.9648438 0.8586426 0.9692383 0.8586426 0.9638672 0.8568115 0.9658203 0.8531494 0.9619141 0.8568115 0.9658203 0.8531494 0.9638672 0.8568115 0.9658203 0.8531494 0.9736328 0.8563233 0.9692383 0.8586426 0.9736328 0.8563233 0.9658203 0.8531494 0.9702149 0.8505859 0.9619141 0.8568115 0.956543 0.8585205 0.9599609 0.8531494 0.9599609 0.8531494 0.9658203 0.8531494 0.9619141 0.8568115 0.9521484 0.8563233 0.9599609 0.8531494 0.956543 0.8585205 0.9555664 0.8504639 0.9599609 0.8531494 0.9521484 0.8563233 0.9599609 0.8531494 0.9663086 0.8482666 0.9658203 0.8531494 0.9663086 0.8482666 0.9599609 0.8531494 0.9594727 0.8482666 0.9658203 0.7695313 0.9736328 0.7663574 0.9702149 0.7720947 0.9736328 0.7663574 0.9658203 0.7695313 0.9692383 0.7640381 0.9638672 0.7658692 0.9692383 0.7640381 0.9658203 0.7695313 0.9599609 0.7694092 0.9638672 0.7658692 0.9658203 0.7695313 0.9663086 0.7744141 0.9599609 0.7694092 0.9658203 0.7695313 0.9599609 0.7694092 0.9663086 0.7744141 0.9594727 0.7744141 0.9521484 0.7662354 0.9599609 0.7694092 0.9555664 0.7720947 0.9599609 0.7694092 0.9521484 0.7662354 0.956543 0.7640381 0.9599609 0.7694092 0.9619141 0.7658692 0.9638672 0.7658692 0.9609375 0.7641602 0.9599609 0.7694092 0.956543 0.7640381 0.9599609 0.7694092 0.9609375 0.7641602 0.9619141 0.7658692 0.9648438 0.7640381 0.9638672 0.7658692 0.9619141 0.7658692 0.9692383 0.7640381 0.9638672 0.7658692 0.9648438 0.7640381 0.9619141 0.7658692 0.9609375 0.7641602 0.9619141 0.762207 0.9619141 0.762207 0.9648438 0.7640381 0.9619141 0.7658692 0.956543 0.7640381 0.9619141 0.762207 0.9609375 0.7641602 0.9692383 0.7640381 0.9648438 0.7640381 0.9638672 0.762207 0.9619141 0.762207 0.9638672 0.762207 0.9648438 0.7640381 0.9692383 0.7640381 0.9638672 0.762207 0.9658203 0.758667 0.9619141 0.762207 0.9658203 0.758667 0.9638672 0.762207 0.9658203 0.758667 0.9736328 0.7618408 0.9692383 0.7640381 0.9736328 0.7618408 0.9658203 0.758667 0.9702149 0.7559815 0.9619141 0.762207 0.956543 0.7640381 0.9599609 0.758667 0.9599609 0.758667 0.9658203 0.758667 0.9619141 0.762207 0.9521484 0.7617188 0.9599609 0.758667 0.956543 0.7640381 0.9555664 0.7559815 0.9599609 0.758667 0.9521484 0.7617188 0.9599609 0.758667 0.9663086 0.7537842 0.9658203 0.758667 0.9663086 0.7537842 0.9599609 0.758667 0.9594727 0.7537842 0.9658203 0.7940674 0.9736328 0.7908936 0.9702149 0.7967529 0.9736328 0.7908936 0.9658203 0.7940674 0.9692383 0.7886963 0.9638672 0.7905274 0.9692383 0.7886963 0.9658203 0.7940674 0.9599609 0.7940674 0.9638672 0.7905274 0.9658203 0.7940674 0.9663086 0.7990723 0.9599609 0.7940674 0.9658203 0.7940674 0.9599609 0.7940674 0.9663086 0.7990723 0.9594727 0.7989502 0.9521484 0.7908936 0.9599609 0.7940674 0.9555664 0.7967529 0.9599609 0.7940674 0.9521484 0.7908936 0.956543 0.7885742 0.9599609 0.7940674 0.9619141 0.7905274 0.9638672 0.7905274 0.9609375 0.7886963 0.9599609 0.7940674 0.956543 0.7885742 0.9599609 0.7940674 0.9609375 0.7886963 0.9619141 0.7905274 0.9648438 0.7886963 0.9638672 0.7905274 0.9619141 0.7905274 0.9692383 0.7886963 0.9638672 0.7905274 0.9648438 0.7886963 0.9619141 0.7905274 0.9609375 0.7886963 0.9619141 0.7868652 0.9619141 0.7868652 0.9648438 0.7886963 0.9619141 0.7905274 0.956543 0.7885742 0.9619141 0.7868652 0.9609375 0.7886963 0.9692383 0.7886963 0.9648438 0.7886963 0.9638672 0.7868652 0.9619141 0.7868652 0.9638672 0.7868652 0.9648438 0.7886963 0.9692383 0.7886963 0.9638672 0.7868652 0.9658203 0.7833252 0.9619141 0.7868652 0.9658203 0.7833252 0.9638672 0.7868652 0.9658203 0.7833252 0.9736328 0.786377 0.9692383 0.7886963 0.9736328 0.786377 0.9658203 0.7833252 0.9702149 0.7806397 0.9619141 0.7868652 0.956543 0.7885742 0.9599609 0.7833252 0.9599609 0.7833252 0.9658203 0.7833252 0.9619141 0.7868652 0.9521484 0.786377 0.9599609 0.7833252 0.956543 0.7885742 0.9555664 0.7806397 0.9599609 0.7833252 0.9521484 0.786377 0.9599609 0.7833252 0.9663086 0.7783203 0.9658203 0.7833252 0.9663086 0.7783203 0.9599609 0.7833252 0.9594727 0.7783203 0.7895508 0.9244995 0.7895508 0.9333496 0.7836914 0.9395752 0.7836914 0.9395752 0.7749024 0.9395752 0.7895508 0.9244995 0.7895508 0.9244995 0.7749024 0.9395752 0.7685547 0.9333496 0.7685547 0.9333496 0.7685547 0.9244995 0.7895508 0.9244995 0.7685547 0.9244995 0.7749024 0.9182739 0.7895508 0.9244995 0.7749024 0.9182739 0.7836914 0.9182739 0.7895508 0.9244995 0.7685547 0.9080811 0.7685547 0.899231 0.7749024 0.8929443 0.7749024 0.8929443 0.7836914 0.8929443 0.7685547 0.9080811 0.7685547 0.9080811 0.7836914 0.8929443 0.7895508 0.899231 0.7895508 0.899231 0.7895508 0.9080811 0.7685547 0.9080811 0.7895508 0.9080811 0.7836914 0.9143067 0.7685547 0.9080811 0.7836914 0.9143067 0.7749024 0.9143067 0.7685547 0.9080811 0.9521484 0.7436524 0.9521484 0.7348633 0.9584961 0.7285156 0.9584961 0.7285156 0.9672852 0.7285156 0.9521484 0.7436524 0.9521484 0.7436524 0.9672852 0.7285156 0.9736328 0.7348633 0.9736328 0.7348633 0.9736328 0.7436524 0.9521484 0.7436524 0.9736328 0.7436524 0.9672852 0.7497559 0.9521484 0.7436524 0.9672852 0.7497559 0.9584961 0.7497559 0.9521484 0.7436524 0.9736328 0.7182617 0.9672852 0.7246094 0.9584961 0.7246094 0.9584961 0.7246094 0.9521484 0.7182617 0.9736328 0.7182617 0.9736328 0.7182617 0.9521484 0.7182617 0.9521484 0.7094727 0.9521484 0.7094727 0.9584961 0.703125 0.9736328 0.7182617 0.9584961 0.703125 0.9672852 0.703125 0.9736328 0.7182617 0.9672852 0.703125 0.9736328 0.7094727 0.9736328 0.7182617 0.8803711 0.9642639 0.871582 0.9642639 0.8652344 0.9580078 0.8652344 0.9580078 0.8652344 0.9491577 0.8803711 0.9642639 0.8803711 0.9642639 0.8652344 0.9491577 0.871582 0.9429016 0.871582 0.9429016 0.8803711 0.9429016 0.8803711 0.9642639 0.8803711 0.9429016 0.8867188 0.9491577 0.8803711 0.9642639 0.8867188 0.9491577 0.8867188 0.9580078 0.8803711 0.9642639 0.5952149 0.7791748 0.5839844 0.7835693 0.5874024 0.7757568 0.5952149 0.7791748 0.5991211 0.7896729 0.5839844 0.7835693 0.5991211 0.7896729 0.5810547 0.7908936 0.5839844 0.7835693 0.5991211 0.7896729 0.5952149 0.7791748 0.6044922 0.7890625 0.5996094 0.7961426 0.5810547 0.7908936 0.5991211 0.7896729 0.5996094 0.7961426 0.5991211 0.7896729 0.6044922 0.7890625 0.5996094 0.7961426 0.5791016 0.7988281 0.5810547 0.7908936 0.5952149 0.7791748 0.6113281 0.7854004 0.6044922 0.7890625 0.5996094 0.8018799 0.5791016 0.7988281 0.5996094 0.7961426 0.5996094 0.8018799 0.578125 0.8065186 0.5791016 0.7988281 0.6044922 0.7890625 0.605957 0.7961426 0.5996094 0.7961426 0.5996094 0.7961426 0.605957 0.7961426 0.5996094 0.8018799 0.6044922 0.7890625 0.6137695 0.7935791 0.605957 0.7961426 0.6137695 0.7935791 0.6044922 0.7890625 0.6113281 0.7854004 0.605957 0.7961426 0.605957 0.8018799 0.5996094 0.8018799 0.6513672 0.7651367 0.6113281 0.7854004 0.6044922 0.7712402 0.6142578 0.8006592 0.605957 0.7961426 0.6137695 0.7935791 0.605957 0.7961426 0.6142578 0.8006592 0.605957 0.8018799 0.6113281 0.7854004 0.6513672 0.7651367 0.6547852 0.7822266 0.6987305 0.7619629 0.6547852 0.7822266 0.6513672 0.7651367 0.6113281 0.7854004 0.6557617 0.7907715 0.6137695 0.7935791 0.6557617 0.7907715 0.6113281 0.7854004 0.6547852 0.7822266 0.6547852 0.7822266 0.6987305 0.7619629 0.7011719 0.7803955 0.7011719 0.7803955 0.6557617 0.7907715 0.6547852 0.7822266 0.7504883 0.758667 0.7011719 0.7803955 0.6987305 0.7619629 0.6137695 0.7935791 0.6557617 0.7907715 0.65625 0.7991943 0.65625 0.7991943 0.6142578 0.8006592 0.6137695 0.7935791 0.7011719 0.7803955 0.7504883 0.758667 0.7519531 0.777832 0.796875 0.7562256 0.7519531 0.777832 0.7504883 0.758667 0.7519531 0.777832 0.796875 0.7562256 0.7978516 0.7750244 0.6557617 0.7907715 0.7011719 0.7803955 0.7016602 0.7896729 0.7519531 0.777832 0.7016602 0.7896729 0.7011719 0.7803955 0.7978516 0.7750244 0.7524414 0.788208 0.7519531 0.777832 0.7016602 0.7896729 0.7519531 0.777832 0.7524414 0.788208 0.7524414 0.788208 0.7978516 0.7750244 0.7983399 0.786499 0.7524414 0.788208 0.7983399 0.786499 0.7988281 0.7979736 0.7988281 0.7979736 0.7529297 0.798584 0.7524414 0.788208 0.7529297 0.798584 0.7016602 0.7896729 0.7524414 0.788208 0.7529297 0.798584 0.7988281 0.7979736 0.7988281 0.8094483 0.6557617 0.7907715 0.7016602 0.7896729 0.7021484 0.7989502 0.7016602 0.7896729 0.7529297 0.798584 0.7021484 0.7989502 0.7021484 0.7989502 0.65625 0.7991943 0.6557617 0.7907715 0.7988281 0.8094483 0.7529297 0.8088379 0.7529297 0.798584 0.7529297 0.8088379 0.7021484 0.7989502 0.7529297 0.798584 0.65625 0.7991943 0.7021484 0.7989502 0.7026367 0.8082275 0.7021484 0.7989502 0.7529297 0.8088379 0.7026367 0.8082275 0.7988281 0.8094483 0.7524414 0.8192139 0.7529297 0.8088379 0.7524414 0.8192139 0.7988281 0.8094483 0.7983399 0.8209229 0.7529297 0.8088379 0.7021484 0.8175049 0.7026367 0.8082275 0.7021484 0.8175049 0.7529297 0.8088379 0.7524414 0.8192139 0.7026367 0.8082275 0.65625 0.8076172 0.65625 0.7991943 0.6142578 0.8006592 0.65625 0.7991943 0.65625 0.8076172 0.65625 0.81604 0.7026367 0.8082275 0.7021484 0.8175049 0.7026367 0.8082275 0.65625 0.81604 0.65625 0.8076172 0.65625 0.8076172 0.6137695 0.8070068 0.6142578 0.8006592 0.6142578 0.8006592 0.6137695 0.8070068 0.605957 0.8018799 0.6137695 0.8134766 0.65625 0.8076172 0.65625 0.81604 0.65625 0.8076172 0.6137695 0.8134766 0.6137695 0.8070068 0.6137695 0.8070068 0.6064453 0.8068848 0.605957 0.8018799 0.605957 0.8120117 0.6137695 0.8070068 0.6137695 0.8134766 0.6137695 0.8070068 0.605957 0.8120117 0.6064453 0.8068848 0.6064453 0.8068848 0.5996094 0.8068848 0.605957 0.8018799 0.605957 0.8120117 0.5996094 0.8068848 0.6064453 0.8068848 0.605957 0.8018799 0.5996094 0.8068848 0.5996094 0.8018799 0.5996094 0.8068848 0.578125 0.8065186 0.5996094 0.8018799 0.5991211 0.8118897 0.578125 0.8065186 0.5996094 0.8068848 0.5996094 0.8068848 0.605957 0.8120117 0.5991211 0.8118897 0.578125 0.8065186 0.5991211 0.8118897 0.5786133 0.8143311 0.605957 0.817749 0.5991211 0.8118897 0.605957 0.8120117 0.6137695 0.8134766 0.605957 0.817749 0.605957 0.8120117 0.5996094 0.8175049 0.5786133 0.8143311 0.5991211 0.8118897 0.5991211 0.8118897 0.605957 0.817749 0.5996094 0.8175049 0.5786133 0.8143311 0.5996094 0.8175049 0.5805664 0.8222656 0.605957 0.817749 0.6137695 0.8134766 0.6132813 0.8204346 0.65625 0.81604 0.6132813 0.8204346 0.6137695 0.8134766 0.6040039 0.824707 0.5996094 0.8175049 0.605957 0.817749 0.6132813 0.8204346 0.6040039 0.824707 0.605957 0.817749 0.5986328 0.8239746 0.5805664 0.8222656 0.5996094 0.8175049 0.5996094 0.8175049 0.6040039 0.824707 0.5986328 0.8239746 0.5805664 0.8222656 0.5986328 0.8239746 0.5834961 0.8297119 0.5942383 0.8343506 0.5834961 0.8297119 0.5986328 0.8239746 0.5942383 0.8343506 0.5986328 0.8239746 0.6040039 0.824707 0.5834961 0.8297119 0.5942383 0.8343506 0.5864258 0.8376465 0.6108399 0.8286133 0.5942383 0.8343506 0.6040039 0.824707 0.6040039 0.824707 0.6132813 0.8204346 0.6108399 0.8286133 0.6132813 0.8204346 0.65625 0.81604 0.6552734 0.8244629 0.6552734 0.8244629 0.6108399 0.8286133 0.6132813 0.8204346 0.7021484 0.8175049 0.6552734 0.8244629 0.65625 0.81604 0.6503906 0.8499756 0.6040039 0.8425293 0.6108399 0.8286133 0.6108399 0.8286133 0.6542969 0.8328858 0.6503906 0.8499756 0.6108399 0.8286133 0.6552734 0.8244629 0.6542969 0.8328858 0.6542969 0.8328858 0.6977539 0.8543701 0.6503906 0.8499756 0.6552734 0.8244629 0.7021484 0.8175049 0.7011719 0.8266602 0.6542969 0.8328858 0.7001953 0.8359375 0.6977539 0.8543701 0.6552734 0.8244629 0.7001953 0.8359375 0.6542969 0.8328858 0.6552734 0.8244629 0.7011719 0.8266602 0.7001953 0.8359375 0.7001953 0.8359375 0.7490234 0.8590088 0.6977539 0.8543701 0.7524414 0.8192139 0.7011719 0.8266602 0.7021484 0.8175049 0.7490234 0.8590088 0.7001953 0.8359375 0.7509766 0.8398438 0.7011719 0.8266602 0.7509766 0.8398438 0.7001953 0.8359375 0.7509766 0.8398438 0.7954102 0.8626709 0.7490234 0.8590088 0.7509766 0.8398438 0.796875 0.8438721 0.7954102 0.8626709 0.7519531 0.8294678 0.7011719 0.8266602 0.7524414 0.8192139 0.7011719 0.8266602 0.7519531 0.8294678 0.7509766 0.8398438 0.7519531 0.8294678 0.796875 0.8438721 0.7509766 0.8398438 0.7983399 0.8209229 0.7519531 0.8294678 0.7524414 0.8192139 0.7519531 0.8294678 0.7978516 0.8325195 0.796875 0.8438721 0.7519531 0.8294678 0.7983399 0.8209229 0.7978516 0.8325195 0.3244629 0.9527588 0.3354492 0.9491882 0.3352051 0.9534912 0.3354492 0.9491882 0.3244629 0.9527588 0.3251953 0.9485474 0.3186035 0.9529724 0.3251953 0.9485474 0.3244629 0.9527588 0.3256836 0.9447022 0.3354492 0.9491882 0.3251953 0.9485474 0.3354492 0.9491882 0.3256836 0.9447022 0.3354492 0.9447022 0.3251953 0.9485474 0.3186035 0.9529724 0.3178711 0.9486694 0.3178711 0.9486694 0.3256836 0.9447022 0.3251953 0.9485474 0.2890625 0.9540711 0.3178711 0.9486694 0.3186035 0.9529724 0.3251953 0.9408569 0.3354492 0.9447022 0.3256836 0.9447022 0.3354492 0.9447022 0.3251953 0.9408569 0.3354492 0.9402161 0.3251953 0.9408569 0.3352051 0.9359131 0.3354492 0.9402161 0.3244629 0.9366455 0.3352051 0.9359131 0.3251953 0.9408569 0.3186035 0.9364624 0.3244629 0.9366455 0.3251953 0.9408569 0.3178711 0.9407349 0.3251953 0.9408569 0.3256836 0.9447022 0.3186035 0.9364624 0.3251953 0.9408569 0.3178711 0.9407349 0.3256836 0.9447022 0.3173828 0.9447022 0.3178711 0.9407349 0.3256836 0.9447022 0.3178711 0.9486694 0.3173828 0.9447022 0.2880859 0.9398193 0.3186035 0.9364624 0.3178711 0.9407349 0.2880859 0.9398193 0.3178711 0.9407349 0.3173828 0.9447022 0.3186035 0.9364624 0.2880859 0.9398193 0.2890625 0.9353027 0.2753906 0.9348755 0.2890625 0.9353027 0.2880859 0.9398193 0.3178711 0.9486694 0.2868652 0.9447022 0.3173828 0.9447022 0.2880859 0.9398193 0.3173828 0.9447022 0.2868652 0.9447022 0.2880859 0.9398193 0.2761231 0.9396057 0.2753906 0.9348755 0.2868652 0.9447022 0.2761231 0.9396057 0.2880859 0.9398193 0.2761231 0.9396057 0.2105712 0.9349976 0.2753906 0.9348755 0.2105712 0.9349976 0.2761231 0.9396057 0.2105712 0.9398193 0.2770996 0.9447022 0.2105712 0.9398193 0.2761231 0.9396057 0.2761231 0.9396057 0.2868652 0.9447022 0.2770996 0.9447022 0.2105712 0.9398193 0.2770996 0.9447022 0.2105712 0.9447022 0.2105712 0.9447022 0.2770996 0.9447022 0.2105712 0.9495545 0.2761231 0.9497681 0.2105712 0.9495545 0.2770996 0.9447022 0.2868652 0.9447022 0.2761231 0.9497681 0.2770996 0.9447022 0.2761231 0.9497681 0.2105712 0.9544067 0.2105712 0.9495545 0.2105712 0.9544067 0.2761231 0.9497681 0.2753906 0.9545593 0.2761231 0.9497681 0.2868652 0.9447022 0.2880859 0.9495545 0.2880859 0.9495545 0.2753906 0.9545593 0.2761231 0.9497681 0.2868652 0.9447022 0.3178711 0.9486694 0.2880859 0.9495545 0.2753906 0.9545593 0.2880859 0.9495545 0.2890625 0.9540711 0.3178711 0.9486694 0.2890625 0.9540711 0.2880859 0.9495545 0.01892089 0.8474121 0.00774002 0.8518067 0.01119232 0.8439942 0.01892089 0.8474121 0.02281188 0.8579102 0.00774002 0.8518067 0.02281188 0.8579102 0.004901885 0.8591309 0.00774002 0.8518067 0.02281188 0.8579102 0.01892089 0.8474121 0.02815246 0.8572998 0.02357482 0.8643799 0.004901885 0.8591309 0.02281188 0.8579102 0.02357482 0.8643799 0.02281188 0.8579102 0.02815246 0.8572998 0.02357482 0.8643799 0.002840042 0.8670654 0.004901885 0.8591309 0.01892089 0.8474121 0.03512573 0.8536377 0.02815246 0.8572998 0.02326965 0.8701172 0.002840042 0.8670654 0.02357482 0.8643799 0.02326965 0.8701172 0.001972198 0.8748779 0.002840042 0.8670654 0.02815246 0.8572998 0.029953 0.8643799 0.02357482 0.8643799 0.02334594 0.875061 0.001972198 0.8748779 0.02326965 0.8701172 0.02357482 0.8643799 0.03002929 0.8701172 0.02326965 0.8701172 0.03002929 0.8701172 0.02334594 0.875061 0.02326965 0.8701172 0.03002929 0.8701172 0.02357482 0.8643799 0.029953 0.8643799 0.02313232 0.8800659 0.001972198 0.8748779 0.02334594 0.875061 0.001972198 0.8748779 0.02313232 0.8800659 0.002635955 0.8825684 0.03004455 0.8751831 0.02334594 0.875061 0.03002929 0.8701172 0.03004455 0.8751831 0.02313232 0.8800659 0.02334594 0.875061 0.029953 0.8643799 0.03790283 0.8688965 0.03002929 0.8701172 0.03002929 0.8701172 0.0376892 0.8752442 0.03004455 0.8751831 0.0376892 0.8752442 0.03002929 0.8701172 0.03790283 0.8688965 0.02815246 0.8572998 0.03753662 0.8619385 0.029953 0.8643799 0.03790283 0.8688965 0.029953 0.8643799 0.03753662 0.8619385 0.03753662 0.8619385 0.02815246 0.8572998 0.03512573 0.8536377 0.0376892 0.8752442 0.02989196 0.880249 0.03004455 0.8751831 0.02313232 0.8800659 0.03004455 0.8751831 0.02989196 0.880249 0.07537841 0.833374 0.03512573 0.8536377 0.02854919 0.8395996 0.02966308 0.8859253 0.02313232 0.8800659 0.02989196 0.880249 0.03512573 0.8536377 0.07537841 0.833374 0.07879638 0.8504639 0.1227416 0.8302002 0.07879638 0.8504639 0.07537841 0.833374 0.03512573 0.8536377 0.07977294 0.8590088 0.03753662 0.8619385 0.07977294 0.8590088 0.03512573 0.8536377 0.07879638 0.8504639 0.07879638 0.8504639 0.1227416 0.8302002 0.1248168 0.8486328 0.1743164 0.8269043 0.1248168 0.8486328 0.1227416 0.8302002 0.07879638 0.8504639 0.1256103 0.8579102 0.07977294 0.8590088 0.1256103 0.8579102 0.07879638 0.8504639 0.1248168 0.8486328 0.08026123 0.8674317 0.03753662 0.8619385 0.07977294 0.8590088 0.03753662 0.8619385 0.08026123 0.8674317 0.03790283 0.8688965 0.1260986 0.8671875 0.07977294 0.8590088 0.1256103 0.8579102 0.07977294 0.8590088 0.1260986 0.8671875 0.08026123 0.8674317 0.08026123 0.8757935 0.03790283 0.8688965 0.08026123 0.8674317 0.03790283 0.8688965 0.08026123 0.8757935 0.0376892 0.8752442 0.1262207 0.8764038 0.08026123 0.8674317 0.1260986 0.8671875 0.08026123 0.8674317 0.1262207 0.8764038 0.08026123 0.8757935 0.08026123 0.8757935 0.03775024 0.8816528 0.0376892 0.8752442 0.02989196 0.880249 0.0376892 0.8752442 0.03775024 0.8816528 0.03775024 0.8816528 0.02966308 0.8859253 0.02989196 0.880249 0.03775024 0.8816528 0.08026123 0.8757935 0.08001708 0.8842774 0.1262207 0.8764038 0.08001708 0.8842774 0.08026123 0.8757935 0.02966308 0.8859253 0.03775024 0.8816528 0.03717041 0.8886719 0.08001708 0.8842774 0.03717041 0.8886719 0.03775024 0.8816528 0.08001708 0.8842774 0.1262207 0.8764038 0.1258544 0.8856812 0.03717041 0.8886719 0.08001708 0.8842774 0.07928466 0.8926392 0.1258544 0.8856812 0.07928466 0.8926392 0.08001708 0.8842774 0.1260986 0.8671875 0.1766357 0.8770752 0.1262207 0.8764038 0.1766357 0.8770752 0.1258544 0.8856812 0.1262207 0.8764038 0.1766357 0.8770752 0.1260986 0.8671875 0.1766357 0.8668213 0.1256103 0.8579102 0.1766357 0.8668213 0.1260986 0.8671875 0.1258544 0.8856812 0.1766357 0.8770752 0.1763916 0.8873901 0.1766357 0.8668213 0.1256103 0.8579102 0.1762695 0.8564453 0.1248168 0.8486328 0.1762695 0.8564453 0.1256103 0.8579102 0.1766357 0.8668213 0.2224121 0.8776856 0.1766357 0.8770752 0.2224121 0.8776856 0.1763916 0.8873901 0.1766357 0.8770752 0.2224121 0.8776856 0.1766357 0.8668213 0.2224121 0.8662109 0.1762695 0.8564453 0.2224121 0.8662109 0.1766357 0.8668213 0.1763916 0.8873901 0.2224121 0.8776856 0.2221679 0.8892212 0.2224121 0.8662109 0.1762695 0.8564453 0.2221679 0.8547363 0.2221679 0.8892212 0.1757812 0.8977051 0.1763916 0.8873901 0.1757812 0.8977051 0.2221679 0.8892212 0.2215576 0.9006958 0.1757812 0.8977051 0.2215576 0.9006958 0.2207031 0.9121094 0.1756591 0.8460693 0.2221679 0.8547363 0.1762695 0.8564453 0.1762695 0.8564453 0.1248168 0.8486328 0.1756591 0.8460693 0.2221679 0.8547363 0.1756591 0.8460693 0.2215576 0.8432617 0.1248168 0.8486328 0.1743164 0.8269043 0.1756591 0.8460693 0.1756591 0.8460693 0.2204589 0.8244629 0.2215576 0.8432617 0.2204589 0.8244629 0.1756591 0.8460693 0.1743164 0.8269043 0.1757812 0.8977051 0.2207031 0.9121094 0.1749267 0.9080811 0.1749267 0.9080811 0.2207031 0.9121094 0.2191162 0.9309082 0.1749267 0.9080811 0.2191162 0.9309082 0.1729736 0.9272461 0.125122 0.8949585 0.1757812 0.8977051 0.1749267 0.9080811 0.125122 0.8949585 0.1763916 0.8873901 0.1757812 0.8977051 0.1258544 0.8856812 0.1763916 0.8873901 0.125122 0.8949585 0.07928466 0.8926392 0.1258544 0.8856812 0.125122 0.8949585 0.1729736 0.9272461 0.1240844 0.9042358 0.1749267 0.9080811 0.125122 0.8949585 0.1749267 0.9080811 0.1240844 0.9042358 0.07928466 0.8926392 0.125122 0.8949585 0.1240844 0.9042358 0.1240844 0.9042358 0.1729736 0.9272461 0.1215209 0.9226074 0.07928466 0.8926392 0.1240844 0.9042358 0.078125 0.9011841 0.078125 0.9011841 0.1240844 0.9042358 0.1215209 0.9226074 0.03717041 0.8886719 0.07928466 0.8926392 0.078125 0.9011841 0.078125 0.9011841 0.1215209 0.9226074 0.07421875 0.9182129 0.03717041 0.8886719 0.078125 0.9011841 0.03454589 0.8968506 0.03454589 0.8968506 0.078125 0.9011841 0.07421875 0.9182129 0.07421875 0.9182129 0.0276184 0.9107666 0.03454589 0.8968506 0.03454589 0.8968506 0.02966308 0.8859253 0.03717041 0.8886719 0.02966308 0.8859253 0.03454589 0.8968506 0.02767944 0.8930054 0.03454589 0.8968506 0.01820373 0.9026489 0.02767944 0.8930054 0.02767944 0.8930054 0.02328491 0.8857422 0.02966308 0.8859253 0.02313232 0.8800659 0.02966308 0.8859253 0.02328491 0.8857422 0.02328491 0.8857422 0.002635955 0.8825684 0.02313232 0.8800659 0.002635955 0.8825684 0.02328491 0.8857422 0.004489898 0.8905029 0.02328491 0.8857422 0.02767944 0.8930054 0.02236938 0.892273 0.02236938 0.892273 0.004489898 0.8905029 0.02328491 0.8857422 0.01820373 0.9026489 0.02236938 0.892273 0.02767944 0.8930054 0.004489898 0.8905029 0.02236938 0.892273 0.007133483 0.8980103 0.01820373 0.9026489 0.007133483 0.8980103 0.02236938 0.892273 0.007133483 0.8980103 0.01820373 0.9026489 0.0103836 0.9058838 0.9174805 0.196289 0.9287109 0.1918945 0.9248047 0.199707 0.9174805 0.196289 0.9135742 0.1855468 0.9287109 0.1918945 0.9135742 0.1855468 0.9311524 0.1845703 0.9287109 0.1918945 0.9135742 0.1855468 0.9174805 0.196289 0.9082031 0.1865234 0.9125977 0.1791992 0.9311524 0.1845703 0.9135742 0.1855468 0.9125977 0.1791992 0.9135742 0.1855468 0.9082031 0.1865234 0.9125977 0.1791992 0.9335938 0.1767578 0.9311524 0.1845703 0.9174805 0.196289 0.9008789 0.1899414 0.9082031 0.1865234 0.9130859 0.1733398 0.9335938 0.1767578 0.9125977 0.1791992 0.9130859 0.1733398 0.934082 0.1689453 0.9335938 0.1767578 0.9082031 0.1865234 0.90625 0.1791992 0.9125977 0.1791992 0.9130859 0.168457 0.934082 0.1689453 0.9130859 0.1733398 0.9082031 0.1865234 0.8989258 0.1816406 0.90625 0.1791992 0.8989258 0.1816406 0.9082031 0.1865234 0.9008789 0.1899414 0.9130859 0.1635742 0.934082 0.1689453 0.9130859 0.168457 0.934082 0.1689453 0.9130859 0.1635742 0.9335938 0.1611328 0.9130859 0.1733398 0.90625 0.168457 0.9130859 0.168457 0.90625 0.168457 0.9130859 0.1635742 0.9130859 0.168457 0.9125977 0.1791992 0.90625 0.1733398 0.9130859 0.1733398 0.90625 0.168457 0.9130859 0.1733398 0.90625 0.1733398 0.90625 0.1733398 0.9125977 0.1791992 0.90625 0.1791992 0.9130859 0.1635742 0.90625 0.168457 0.90625 0.1635742 0.90625 0.1791992 0.8984375 0.1748046 0.90625 0.1733398 0.8984375 0.1748046 0.90625 0.1791992 0.8989258 0.1816406 0.8984375 0.168457 0.90625 0.168457 0.90625 0.1733398 0.90625 0.1733398 0.8984375 0.1748046 0.8984375 0.168457 0.8984375 0.168457 0.90625 0.1635742 0.90625 0.168457 0.9130859 0.1577148 0.9335938 0.1611328 0.9130859 0.1635742 0.9130859 0.1577148 0.9130859 0.1635742 0.90625 0.1635742 0.9335938 0.1611328 0.9130859 0.1577148 0.9316406 0.152832 0.90625 0.1635742 0.8984375 0.168457 0.8984375 0.1621093 0.9140625 0.1513671 0.9316406 0.152832 0.9130859 0.1577148 0.9316406 0.152832 0.9140625 0.1513671 0.9291992 0.1455078 0.9067383 0.1577148 0.9130859 0.1577148 0.90625 0.1635742 0.8984375 0.1621093 0.9067383 0.1577148 0.90625 0.1635742 0.9130859 0.1577148 0.9086914 0.1503906 0.9140625 0.1513671 0.9086914 0.1503906 0.9130859 0.1577148 0.9067383 0.1577148 0.9179688 0.1411132 0.9291992 0.1455078 0.9140625 0.1513671 0.9179688 0.1411132 0.9140625 0.1513671 0.9086914 0.1503906 0.9291992 0.1455078 0.9179688 0.1411132 0.9257813 0.1376953 0.9018555 0.1464843 0.9179688 0.1411132 0.9086914 0.1503906 0.9067383 0.1577148 0.9018555 0.1464843 0.9086914 0.1503906 0.8618164 0.1254882 0.9086914 0.1328125 0.9018555 0.1464843 0.9067383 0.1577148 0.8989258 0.1547851 0.9018555 0.1464843 0.9067383 0.1577148 0.8984375 0.1621093 0.8989258 0.1547851 0.9018555 0.1464843 0.8579102 0.1425781 0.8618164 0.1254882 0.8989258 0.1547851 0.8579102 0.1425781 0.9018555 0.1464843 0.8579102 0.1425781 0.8144531 0.1210937 0.8618164 0.1254882 0.855957 0.1591796 0.8989258 0.1547851 0.8984375 0.1621093 0.8579102 0.1425781 0.8120117 0.1391601 0.8144531 0.1210937 0.8120117 0.1391601 0.7631836 0.1162109 0.8144531 0.1210937 0.8989258 0.1547851 0.8569336 0.1508789 0.8579102 0.1425781 0.8569336 0.1508789 0.8120117 0.1391601 0.8579102 0.1425781 0.8989258 0.1547851 0.855957 0.1591796 0.8569336 0.1508789 0.7631836 0.1162109 0.8120117 0.1391601 0.7612305 0.1352539 0.7612305 0.1352539 0.7172852 0.1127929 0.7631836 0.1162109 0.7612305 0.1352539 0.715332 0.1313476 0.7172852 0.1127929 0.8569336 0.1508789 0.8110352 0.1484375 0.8120117 0.1391601 0.8110352 0.1484375 0.7612305 0.1352539 0.8120117 0.1391601 0.7602539 0.145996 0.715332 0.1313476 0.7612305 0.1352539 0.8110352 0.1484375 0.7602539 0.145996 0.7612305 0.1352539 0.7602539 0.145996 0.7148438 0.1430664 0.715332 0.1313476 0.7602539 0.145996 0.7138672 0.1542968 0.7148438 0.1430664 0.7138672 0.1542968 0.7602539 0.145996 0.7597656 0.15625 0.8110352 0.1484375 0.7597656 0.15625 0.7602539 0.145996 0.7597656 0.15625 0.7138672 0.1660156 0.7138672 0.1542968 0.8569336 0.1508789 0.8100586 0.1577148 0.8110352 0.1484375 0.7597656 0.15625 0.8110352 0.1484375 0.8100586 0.1577148 0.8100586 0.1577148 0.8569336 0.1508789 0.855957 0.1591796 0.7138672 0.1660156 0.7597656 0.15625 0.7592774 0.1665039 0.8100586 0.1577148 0.7592774 0.1665039 0.7597656 0.15625 0.855957 0.1591796 0.8100586 0.1669921 0.8100586 0.1577148 0.7592774 0.1665039 0.8100586 0.1577148 0.8100586 0.1669921 0.7597656 0.1767578 0.7138672 0.1660156 0.7592774 0.1665039 0.7597656 0.1767578 0.7138672 0.177246 0.7138672 0.1660156 0.8100586 0.1762695 0.7592774 0.1665039 0.8100586 0.1669921 0.7592774 0.1665039 0.8100586 0.1762695 0.7597656 0.1767578 0.8100586 0.1669921 0.855957 0.1591796 0.855957 0.1679687 0.8984375 0.1621093 0.855957 0.1679687 0.855957 0.1591796 0.855957 0.1679687 0.8984375 0.1621093 0.8984375 0.168457 0.855957 0.1679687 0.8984375 0.168457 0.8984375 0.1748046 0.855957 0.1762695 0.8100586 0.1669921 0.855957 0.1679687 0.8984375 0.1748046 0.855957 0.1762695 0.855957 0.1679687 0.855957 0.1762695 0.8100586 0.1762695 0.8100586 0.1669921 0.855957 0.1762695 0.8984375 0.1748046 0.8989258 0.1816406 0.8989258 0.1816406 0.8564453 0.1845703 0.855957 0.1762695 0.8564453 0.1845703 0.8100586 0.1762695 0.855957 0.1762695 0.9008789 0.1899414 0.8564453 0.1845703 0.8989258 0.1816406 0.8564453 0.1845703 0.8105469 0.1855468 0.8100586 0.1762695 0.8105469 0.1855468 0.7597656 0.1767578 0.8100586 0.1762695 0.8564453 0.1845703 0.9008789 0.1899414 0.8574219 0.1933593 0.8574219 0.1933593 0.8105469 0.1855468 0.8564453 0.1845703 0.8608399 0.2104492 0.9008789 0.1899414 0.9077149 0.2041015 0.9008789 0.1899414 0.8608399 0.2104492 0.8574219 0.1933593 0.8134766 0.2133789 0.8574219 0.1933593 0.8608399 0.2104492 0.8574219 0.1933593 0.8134766 0.2133789 0.8115234 0.1948242 0.8105469 0.1855468 0.8574219 0.1933593 0.8115234 0.1948242 0.7617188 0.2167968 0.8115234 0.1948242 0.8134766 0.2133789 0.7597656 0.1767578 0.8105469 0.1855468 0.7597656 0.1870117 0.8115234 0.1948242 0.7597656 0.1870117 0.8105469 0.1855468 0.7597656 0.1870117 0.7138672 0.177246 0.7597656 0.1767578 0.7597656 0.1870117 0.7138672 0.1889648 0.7138672 0.177246 0.8115234 0.1948242 0.7617188 0.2167968 0.7602539 0.1977539 0.7597656 0.1870117 0.8115234 0.1948242 0.7602539 0.1977539 0.7602539 0.1977539 0.7138672 0.1889648 0.7597656 0.1870117 0.7158203 0.2192382 0.7602539 0.1977539 0.7617188 0.2167968 0.7138672 0.1889648 0.7602539 0.1977539 0.7143555 0.2001953 0.7602539 0.1977539 0.7158203 0.2192382 0.7143555 0.2001953 0.4299317 0.907898 0.4411621 0.9035645 0.4377442 0.911377 0.4299317 0.907898 0.4260254 0.8973999 0.4411621 0.9035645 0.4260254 0.8973999 0.4438477 0.8961792 0.4411621 0.9035645 0.4260254 0.8973999 0.4299317 0.907898 0.4206543 0.8980103 0.425293 0.8909302 0.4438477 0.8961792 0.4260254 0.8973999 0.425293 0.8909302 0.4260254 0.8973999 0.4206543 0.8980103 0.425293 0.8909302 0.4460449 0.8883057 0.4438477 0.8961792 0.4299317 0.907898 0.4138184 0.9017334 0.4206543 0.8980103 0.4255371 0.8851929 0.4460449 0.8883057 0.425293 0.8909302 0.4255371 0.8851929 0.4467774 0.8804932 0.4460449 0.8883057 0.4206543 0.8980103 0.4189453 0.8909302 0.425293 0.8909302 0.4138184 0.9017334 0.4189453 0.8909302 0.4206543 0.8980103 0.425293 0.8909302 0.4187012 0.8851929 0.4255371 0.8851929 0.4187012 0.8851929 0.425293 0.8909302 0.4189453 0.8909302 0.4255371 0.880249 0.4467774 0.8804932 0.4255371 0.8851929 0.3735352 0.9219971 0.4138184 0.9017334 0.420166 0.9158325 0.4257813 0.8752442 0.4467774 0.8804932 0.4255371 0.880249 0.4467774 0.8804932 0.4257813 0.8752442 0.4462891 0.8728027 0.4255371 0.8851929 0.4187012 0.880127 0.4255371 0.880249 0.4187012 0.880127 0.4257813 0.8752442 0.4255371 0.880249 0.4187012 0.880127 0.4255371 0.8851929 0.4187012 0.8851929 0.4255371 0.8696289 0.4462891 0.8728027 0.4257813 0.8752442 0.4462891 0.8728027 0.4255371 0.8696289 0.4443359 0.8648682 0.4257813 0.8752442 0.4187012 0.880127 0.4189453 0.875061 0.4255371 0.8696289 0.4257813 0.8752442 0.4189453 0.875061 0.4187012 0.880127 0.4187012 0.8851929 0.4111328 0.8800659 0.4111328 0.8800659 0.4189453 0.875061 0.4187012 0.880127 0.4265137 0.8631592 0.4443359 0.8648682 0.4255371 0.8696289 0.4443359 0.8648682 0.4265137 0.8631592 0.4416504 0.8572998 0.4416504 0.8572998 0.4306641 0.8526611 0.4384766 0.8494873 0.4306641 0.8526611 0.4416504 0.8572998 0.4265137 0.8631592 0.4306641 0.8526611 0.4265137 0.8631592 0.4211426 0.8623047 0.4255371 0.8696289 0.4211426 0.8623047 0.4265137 0.8631592 0.4143067 0.8585205 0.4306641 0.8526611 0.4211426 0.8623047 0.4211426 0.8623047 0.4255371 0.8696289 0.4191895 0.8693848 0.4191895 0.8693848 0.4255371 0.8696289 0.4189453 0.875061 0.4116211 0.8666992 0.4211426 0.8623047 0.4191895 0.8693848 0.4211426 0.8623047 0.4116211 0.8666992 0.4143067 0.8585205 0.4111328 0.8736572 0.4191895 0.8693848 0.4189453 0.875061 0.4191895 0.8693848 0.4111328 0.8736572 0.4116211 0.8666992 0.4189453 0.875061 0.4111328 0.8800659 0.4111328 0.8736572 0.3745117 0.8371582 0.4211426 0.8446045 0.4143067 0.8585205 0.3686524 0.8795166 0.4111328 0.8736572 0.4111328 0.8800659 0.4143067 0.8585205 0.3706055 0.854126 0.3745117 0.8371582 0.3706055 0.854126 0.3273926 0.8327637 0.3745117 0.8371582 0.3693848 0.8626709 0.4143067 0.8585205 0.4116211 0.8666992 0.4143067 0.8585205 0.3693848 0.8626709 0.3706055 0.854126 0.3688965 0.8710938 0.4116211 0.8666992 0.4111328 0.8736572 0.4116211 0.8666992 0.3688965 0.8710938 0.3693848 0.8626709 0.4111328 0.8736572 0.3686524 0.8795166 0.3688965 0.8710938 0.3706055 0.854126 0.324707 0.8510742 0.3273926 0.8327637 0.324707 0.8510742 0.2758789 0.828125 0.3273926 0.8327637 0.3237305 0.8603516 0.3706055 0.854126 0.3693848 0.8626709 0.3706055 0.854126 0.3237305 0.8603516 0.324707 0.8510742 0.3229981 0.8696289 0.3693848 0.8626709 0.3688965 0.8710938 0.3693848 0.8626709 0.3229981 0.8696289 0.3237305 0.8603516 0.2758789 0.828125 0.324707 0.8510742 0.2739258 0.84729 0.2739258 0.84729 0.2297363 0.8244629 0.2758789 0.828125 0.2739258 0.84729 0.2281494 0.8431397 0.2297363 0.8244629 0.2739258 0.84729 0.2272949 0.8546143 0.2281494 0.8431397 0.324707 0.8510742 0.2729492 0.857544 0.2739258 0.84729 0.2272949 0.8546143 0.2739258 0.84729 0.2729492 0.857544 0.2729492 0.857544 0.324707 0.8510742 0.3237305 0.8603516 0.2729492 0.857544 0.2266845 0.8660889 0.2272949 0.8546143 0.2729492 0.857544 0.3237305 0.8603516 0.2724609 0.8679199 0.2266845 0.8660889 0.2729492 0.857544 0.2724609 0.8679199 0.3229981 0.8696289 0.2724609 0.8679199 0.3237305 0.8603516 0.2724609 0.8679199 0.2264404 0.8776245 0.2266845 0.8660889 0.3229981 0.8696289 0.2722168 0.8782349 0.2724609 0.8679199 0.2264404 0.8776245 0.2724609 0.8679199 0.2722168 0.8782349 0.3688965 0.8710938 0.3225098 0.8789063 0.3229981 0.8696289 0.2722168 0.8782349 0.3229981 0.8696289 0.3225098 0.8789063 0.3225098 0.8789063 0.3688965 0.8710938 0.3686524 0.8795166 0.2264404 0.8776245 0.2722168 0.8782349 0.2722168 0.8885498 0.2264404 0.8776245 0.2722168 0.8885498 0.2264404 0.8891602 0.3227539 0.8881226 0.2722168 0.8782349 0.3225098 0.8789063 0.2722168 0.8782349 0.3227539 0.8881226 0.2722168 0.8885498 0.3225098 0.8789063 0.3686524 0.8795166 0.3686524 0.8879395 0.3225098 0.8789063 0.3686524 0.8879395 0.3227539 0.8881226 0.2264404 0.8891602 0.2722168 0.8885498 0.2724609 0.8988648 0.2264404 0.8891602 0.2724609 0.8988648 0.2266845 0.9006348 0.2724609 0.8988648 0.2271728 0.9121094 0.2266845 0.9006348 0.3232422 0.8973999 0.2722168 0.8885498 0.3227539 0.8881226 0.2722168 0.8885498 0.3232422 0.8973999 0.2724609 0.8988648 0.2271728 0.9121094 0.2724609 0.8988648 0.2731934 0.9092407 0.3232422 0.8973999 0.2731934 0.9092407 0.2724609 0.8988648 0.2731934 0.9092407 0.2283935 0.9309082 0.2271728 0.9121094 0.2283935 0.9309082 0.2731934 0.9092407 0.2744141 0.9284668 0.3239746 0.9067383 0.2744141 0.9284668 0.2731934 0.9092407 0.2731934 0.9092407 0.3232422 0.8973999 0.3239746 0.9067383 0.2744141 0.9284668 0.3239746 0.9067383 0.3261719 0.9251709 0.3227539 0.8881226 0.3691406 0.8963623 0.3232422 0.8973999 0.3691406 0.8963623 0.3239746 0.9067383 0.3232422 0.8973999 0.3227539 0.8881226 0.3686524 0.8879395 0.3691406 0.8963623 0.3701172 0.9049072 0.3261719 0.9251709 0.3239746 0.9067383 0.3239746 0.9067383 0.3691406 0.8963623 0.3701172 0.9049072 0.3261719 0.9251709 0.3701172 0.9049072 0.3735352 0.9219971 0.4138184 0.9017334 0.3735352 0.9219971 0.3701172 0.9049072 0.411377 0.8934326 0.3701172 0.9049072 0.3691406 0.8963623 0.3701172 0.9049072 0.411377 0.8934326 0.4138184 0.9017334 0.3686524 0.8879395 0.411377 0.8934326 0.3691406 0.8963623 0.4189453 0.8909302 0.4138184 0.9017334 0.411377 0.8934326 0.3686524 0.8879395 0.4108887 0.8864746 0.411377 0.8934326 0.4108887 0.8864746 0.4189453 0.8909302 0.411377 0.8934326 0.3686524 0.8795166 0.4108887 0.8864746 0.3686524 0.8879395 0.4187012 0.8851929 0.4189453 0.8909302 0.4108887 0.8864746 0.3686524 0.8795166 0.4111328 0.8800659 0.4108887 0.8864746 0.4111328 0.8800659 0.4187012 0.8851929 0.4108887 0.8864746 0.9174805 0.0859375 0.9287109 0.08154296 0.9248047 0.08935546 0.9174805 0.0859375 0.9135742 0.07519531 0.9287109 0.08154296 0.9135742 0.07519531 0.9311524 0.07421875 0.9287109 0.08154296 0.9135742 0.07519531 0.9174805 0.0859375 0.9082031 0.07568359 0.9125977 0.06884765 0.9311524 0.07421875 0.9135742 0.07519531 0.9125977 0.06884765 0.9135742 0.07519531 0.9082031 0.07568359 0.9125977 0.06884765 0.9335938 0.06591796 0.9311524 0.07421875 0.9174805 0.0859375 0.9008789 0.07958984 0.9082031 0.07568359 0.9130859 0.06298828 0.9335938 0.06591796 0.9125977 0.06884765 0.9130859 0.06298828 0.934082 0.05810546 0.9335938 0.06591796 0.9082031 0.07568359 0.90625 0.06884765 0.9125977 0.06884765 0.90625 0.06884765 0.9130859 0.06298828 0.9125977 0.06884765 0.9008789 0.07958984 0.90625 0.06884765 0.9082031 0.07568359 0.9130859 0.05810546 0.934082 0.05810546 0.9130859 0.06298828 0.8608399 0.09960937 0.9008789 0.07958984 0.9077149 0.09375 0.9130859 0.05322265 0.934082 0.05810546 0.9130859 0.05810546 0.934082 0.05810546 0.9130859 0.05322265 0.9335938 0.05078125 0.9008789 0.07958984 0.8608399 0.09960937 0.8574219 0.08251953 0.8134766 0.1030273 0.8574219 0.08251953 0.8608399 0.09960937 0.9130859 0.04736328 0.9335938 0.05078125 0.9130859 0.05322265 0.9335938 0.05078125 0.9130859 0.04736328 0.9316406 0.04248046 0.8574219 0.08251953 0.8134766 0.1030273 0.8115234 0.08447265 0.7617188 0.1064453 0.8115234 0.08447265 0.8134766 0.1030273 0.8574219 0.08251953 0.8989258 0.07128906 0.9008789 0.07958984 0.90625 0.06884765 0.9008789 0.07958984 0.8989258 0.07128906 0.8115234 0.08447265 0.8564453 0.07421875 0.8574219 0.08251953 0.8989258 0.07128906 0.8574219 0.08251953 0.8564453 0.07421875 0.8115234 0.08447265 0.7617188 0.1064453 0.7602539 0.08691406 0.7158203 0.1088867 0.7602539 0.08691406 0.7617188 0.1064453 0.7602539 0.08691406 0.7158203 0.1088867 0.7143555 0.08984375 0.7602539 0.08691406 0.8105469 0.07519531 0.8115234 0.08447265 0.8564453 0.07421875 0.8115234 0.08447265 0.8105469 0.07519531 0.7143555 0.08984375 0.7597656 0.07666015 0.7602539 0.08691406 0.8105469 0.07519531 0.7602539 0.08691406 0.7597656 0.07666015 0.7597656 0.07666015 0.7143555 0.08984375 0.7138672 0.07861328 0.7138672 0.06689453 0.7597656 0.07666015 0.7138672 0.07861328 0.7597656 0.07666015 0.7138672 0.06689453 0.7597656 0.06640625 0.7597656 0.06640625 0.8105469 0.07519531 0.7597656 0.07666015 0.7138672 0.05566406 0.7597656 0.06640625 0.7138672 0.06689453 0.8100586 0.06591796 0.8564453 0.07421875 0.8105469 0.07519531 0.8105469 0.07519531 0.7597656 0.06640625 0.8100586 0.06591796 0.7597656 0.06640625 0.7138672 0.05566406 0.7592774 0.05615234 0.7592774 0.05615234 0.8100586 0.06591796 0.7597656 0.06640625 0.8564453 0.07421875 0.8100586 0.06591796 0.855957 0.06591796 0.855957 0.06591796 0.8989258 0.07128906 0.8564453 0.07421875 0.8100586 0.06591796 0.7592774 0.05615234 0.8100586 0.05664062 0.8100586 0.05664062 0.855957 0.06591796 0.8100586 0.06591796 0.7138672 0.05566406 0.7597656 0.04589843 0.7592774 0.05615234 0.7597656 0.04589843 0.7138672 0.05566406 0.7138672 0.04394531 0.7592774 0.05615234 0.8100586 0.04736328 0.8100586 0.05664062 0.8100586 0.04736328 0.7592774 0.05615234 0.7597656 0.04589843 0.7138672 0.04394531 0.7602539 0.03515625 0.7597656 0.04589843 0.7602539 0.03515625 0.7138672 0.04394531 0.7148438 0.03222656 0.7597656 0.04589843 0.8110352 0.03808593 0.8100586 0.04736328 0.8110352 0.03808593 0.7597656 0.04589843 0.7602539 0.03515625 0.7148438 0.03222656 0.7612305 0.02490234 0.7602539 0.03515625 0.7612305 0.02490234 0.7148438 0.03222656 0.715332 0.02099609 0.7612305 0.02490234 0.715332 0.02099609 0.7172852 0.002441406 0.7612305 0.02490234 0.7172852 0.002441406 0.7631836 0.005859375 0.8120117 0.02880859 0.7602539 0.03515625 0.7612305 0.02490234 0.7631836 0.005859375 0.8120117 0.02880859 0.7612305 0.02490234 0.7602539 0.03515625 0.8120117 0.02880859 0.8110352 0.03808593 0.8120117 0.02880859 0.7631836 0.005859375 0.8144531 0.01074218 0.8579102 0.03173828 0.8120117 0.02880859 0.8144531 0.01074218 0.8579102 0.03173828 0.8110352 0.03808593 0.8120117 0.02880859 0.8579102 0.03173828 0.8144531 0.01074218 0.8618164 0.01513671 0.8110352 0.03808593 0.8579102 0.03173828 0.8569336 0.04052734 0.8569336 0.04052734 0.8100586 0.04736328 0.8110352 0.03808593 0.9018555 0.03613281 0.8579102 0.03173828 0.8618164 0.01513671 0.8618164 0.01513671 0.9086914 0.02246093 0.9018555 0.03613281 0.9018555 0.03613281 0.8569336 0.04052734 0.8579102 0.03173828 0.8100586 0.04736328 0.8569336 0.04052734 0.855957 0.04882812 0.855957 0.04882812 0.8100586 0.05664062 0.8100586 0.04736328 0.8569336 0.04052734 0.9018555 0.03613281 0.8989258 0.04443359 0.8989258 0.04443359 0.855957 0.04882812 0.8569336 0.04052734 0.8100586 0.05664062 0.855957 0.04882812 0.855957 0.0571289 0.855957 0.06591796 0.8100586 0.05664062 0.855957 0.0571289 0.855957 0.04882812 0.8989258 0.04443359 0.8984375 0.05126953 0.8984375 0.05126953 0.855957 0.0571289 0.855957 0.04882812 0.9086914 0.04003906 0.8989258 0.04443359 0.9018555 0.03613281 0.9018555 0.03613281 0.9179688 0.03027343 0.9086914 0.04003906 0.9067383 0.04736328 0.8984375 0.05126953 0.8989258 0.04443359 0.8989258 0.04443359 0.9086914 0.04003906 0.9067383 0.04736328 0.9291992 0.03515625 0.9179688 0.03027343 0.9257813 0.02734375 0.9179688 0.03027343 0.9291992 0.03515625 0.9140625 0.04101562 0.9179688 0.03027343 0.9140625 0.04101562 0.9086914 0.04003906 0.9316406 0.04248046 0.9140625 0.04101562 0.9291992 0.03515625 0.9140625 0.04101562 0.9316406 0.04248046 0.9130859 0.04736328 0.9130859 0.04736328 0.9086914 0.04003906 0.9140625 0.04101562 0.9086914 0.04003906 0.9130859 0.04736328 0.9067383 0.04736328 0.9067383 0.04736328 0.9130859 0.04736328 0.90625 0.05273437 0.8984375 0.05126953 0.9067383 0.04736328 0.90625 0.05273437 0.9130859 0.04736328 0.9130859 0.05322265 0.90625 0.05273437 0.9130859 0.05810546 0.90625 0.05273437 0.9130859 0.05322265 0.90625 0.05273437 0.8984375 0.05810546 0.8984375 0.05126953 0.855957 0.0571289 0.8984375 0.05126953 0.8984375 0.05810546 0.90625 0.05273437 0.9130859 0.05810546 0.90625 0.05810546 0.8984375 0.05810546 0.90625 0.05273437 0.90625 0.05810546 0.9130859 0.06298828 0.90625 0.05810546 0.9130859 0.05810546 0.8984375 0.06445312 0.855957 0.0571289 0.8984375 0.05810546 0.855957 0.0571289 0.8984375 0.06445312 0.855957 0.06591796 0.8989258 0.07128906 0.855957 0.06591796 0.8984375 0.06445312 0.90625 0.06884765 0.8989258 0.07128906 0.8984375 0.06445312 0.90625 0.06298828 0.8984375 0.05810546 0.90625 0.05810546 0.90625 0.06298828 0.8984375 0.06445312 0.8984375 0.05810546 0.90625 0.05810546 0.9130859 0.06298828 0.90625 0.06298828 0.8984375 0.06445312 0.90625 0.06298828 0.90625 0.06884765 0.90625 0.06884765 0.90625 0.06298828 0.9130859 0.06298828 0.9790039 0.6950684 0.9702149 0.6865234 0.9829102 0.6879883 0.9716797 0.6992188 0.9702149 0.6865234 0.9790039 0.6950684 0.9711914 0.6828613 0.9829102 0.6879883 0.9702149 0.6865234 0.9702149 0.6865234 0.9716797 0.6992188 0.9667969 0.6875 0.9829102 0.6879883 0.9711914 0.6828613 0.9829102 0.6796875 0.9716797 0.6992188 0.9633789 0.6992188 0.9667969 0.6875 0.9790039 0.6726074 0.9829102 0.6796875 0.9711914 0.6828613 0.9633789 0.6992188 0.956543 0.6950684 0.9667969 0.6875 0.96875 0.6801758 0.9790039 0.6726074 0.9711914 0.6828613 0.956543 0.6950684 0.9638672 0.6848145 0.9667969 0.6875 0.9790039 0.6726074 0.96875 0.6801758 0.9716797 0.668457 0.9638672 0.6848145 0.956543 0.6950684 0.9521484 0.6879883 0.9633789 0.668457 0.9716797 0.668457 0.96875 0.6801758 0.9521484 0.6796875 0.9638672 0.6848145 0.9521484 0.6879883 0.9648438 0.6811524 0.9633789 0.668457 0.96875 0.6801758 0.9638672 0.6848145 0.9521484 0.6796875 0.9648438 0.6811524 0.9633789 0.668457 0.9648438 0.6811524 0.956543 0.6726074 0.9521484 0.6796875 0.956543 0.6726074 0.9648438 0.6811524 0.8852539 0.5041504 0.8789063 0.5097656 0.8833008 0.5021973 0.8833008 0.5021973 0.890625 0.4980469 0.8852539 0.5041504 0.8789063 0.5097656 0.8852539 0.5041504 0.8813477 0.5104981 0.8813477 0.5104981 0.8789063 0.5185547 0.8789063 0.5097656 0.8916016 0.5004883 0.8852539 0.5041504 0.890625 0.4980469 0.8789063 0.5185547 0.8813477 0.5104981 0.8813477 0.5178223 0.8813477 0.5104981 0.8852539 0.5041504 0.8852539 0.5241699 0.8852539 0.5241699 0.8813477 0.5178223 0.8813477 0.5104981 0.8813477 0.5178223 0.8852539 0.5241699 0.8789063 0.5185547 0.8852539 0.5241699 0.8852539 0.5041504 0.8916016 0.5004883 0.8852539 0.5241699 0.8837891 0.5261231 0.8789063 0.5185547 0.8852539 0.5241699 0.8911133 0.5305176 0.8837891 0.5261231 0.890625 0.4980469 0.8989258 0.5004883 0.8916016 0.5004883 0.8989258 0.5004883 0.890625 0.4980469 0.8994141 0.4980469 0.9072266 0.5021973 0.8989258 0.5004883 0.8994141 0.4980469 0.8911133 0.5305176 0.8852539 0.5241699 0.8916016 0.5280762 0.8916016 0.5280762 0.8994141 0.5305176 0.8911133 0.5305176 0.8989258 0.5004883 0.9072266 0.5021973 0.9052734 0.5039063 0.8994141 0.5305176 0.8916016 0.5280762 0.8989258 0.5280762 0.8989258 0.5280762 0.8916016 0.5280762 0.8852539 0.5241699 0.9072266 0.5021973 0.9116211 0.5097656 0.9052734 0.5039063 0.9052734 0.5241699 0.8994141 0.5305176 0.8989258 0.5280762 0.9052734 0.5241699 0.8989258 0.5280762 0.8852539 0.5241699 0.8994141 0.5305176 0.9052734 0.5241699 0.9072266 0.5261231 0.9086914 0.5178223 0.9052734 0.5241699 0.8852539 0.5241699 0.9086914 0.5178223 0.9072266 0.5261231 0.9052734 0.5241699 0.8852539 0.5241699 0.8916016 0.5004883 0.9086914 0.5178223 0.8916016 0.5004883 0.8989258 0.5004883 0.9086914 0.5178223 0.8989258 0.5004883 0.9052734 0.5039063 0.9086914 0.5178223 0.9111328 0.5185547 0.9072266 0.5261231 0.9086914 0.5178223 0.9086914 0.5178223 0.9116211 0.5097656 0.9111328 0.5185547 0.9052734 0.5039063 0.9091797 0.5104981 0.9086914 0.5178223 0.9052734 0.5039063 0.9116211 0.5097656 0.9091797 0.5104981 0.9116211 0.5097656 0.9086914 0.5178223 0.9091797 0.5104981 0.4819336 0.008789062 0.4538574 0.04003906 0.4448242 0.02392578 0.4208984 0.0415039 0.4448242 0.02392578 0.4538574 0.04003906 0.4538574 0.04003906 0.4819336 0.008789062 0.4870606 0.0258789 0.515625 0.002441406 0.4870606 0.0258789 0.4819336 0.008789062 0.4208984 0.0415039 0.4538574 0.04003906 0.4321289 0.05517578 0.4870606 0.0258789 0.515625 0.002441406 0.527832 0.02001953 0.550293 0.002441406 0.527832 0.02001953 0.515625 0.002441406 0.4538574 0.04003906 0.4870606 0.0258789 0.4616699 0.04443359 0.4616699 0.04443359 0.4321289 0.05517578 0.4538574 0.04003906 0.527832 0.02001953 0.4892578 0.03320312 0.4870606 0.0258789 0.4892578 0.03320312 0.4616699 0.04443359 0.4870606 0.0258789 0.527832 0.02001953 0.550293 0.002441406 0.5488281 0.02001953 0.5820313 0.01074218 0.5488281 0.02001953 0.550293 0.002441406 0.4892578 0.03320312 0.527832 0.02001953 0.527832 0.02734375 0.5478516 0.02734375 0.527832 0.02001953 0.5488281 0.02001953 0.527832 0.02001953 0.5478516 0.02734375 0.527832 0.02734375 0.5488281 0.02001953 0.5820313 0.01074218 0.5791016 0.02490234 0.5791016 0.02490234 0.5478516 0.02734375 0.5488281 0.02001953 0.4892578 0.03320312 0.527832 0.02734375 0.5063477 0.09130859 0.5063477 0.09130859 0.527832 0.02734375 0.5478516 0.02734375 0.5063477 0.09130859 0.4616699 0.04443359 0.4892578 0.03320312 0.5478516 0.02734375 0.5791016 0.02490234 0.5766602 0.0336914 0.5478516 0.02734375 0.5766602 0.0336914 0.5063477 0.09130859 0.5820313 0.01074218 0.6079102 0.03808593 0.5791016 0.02490234 0.6079102 0.03808593 0.5820313 0.01074218 0.6171875 0.02294921 0.6445313 0.04248046 0.6079102 0.03808593 0.6171875 0.02294921 0.5791016 0.02490234 0.6030274 0.04492187 0.5766602 0.0336914 0.6030274 0.04492187 0.5791016 0.02490234 0.6079102 0.03808593 0.5766602 0.0336914 0.6030274 0.04492187 0.6049805 0.1225585 0.6049805 0.1225585 0.5063477 0.09130859 0.5766602 0.0336914 0.6079102 0.03808593 0.6240234 0.05810546 0.6030274 0.04492187 0.6240234 0.05810546 0.6049805 0.1225585 0.6030274 0.04492187 0.6079102 0.03808593 0.6445313 0.04248046 0.6323242 0.05615234 0.6240234 0.05810546 0.6079102 0.03808593 0.6323242 0.05615234 0.6445313 0.04248046 0.6552734 0.07666015 0.6323242 0.05615234 0.6552734 0.07666015 0.6445313 0.04248046 0.6679688 0.0649414 0.6323242 0.05615234 0.6499024 0.08105468 0.6240234 0.05810546 0.6499024 0.08105468 0.6323242 0.05615234 0.6552734 0.07666015 0.6049805 0.1225585 0.6240234 0.05810546 0.6499024 0.08105468 0.6889649 0.0961914 0.6552734 0.07666015 0.6679688 0.0649414 0.6552734 0.07666015 0.6665039 0.1054687 0.6499024 0.08105468 0.6499024 0.08105468 0.6665039 0.1054687 0.6049805 0.1225585 0.6552734 0.07666015 0.6889649 0.0961914 0.6748047 0.105957 0.6665039 0.1054687 0.6552734 0.07666015 0.6748047 0.105957 0.7011719 0.1274414 0.6748047 0.105957 0.6889649 0.0961914 0.6748047 0.105957 0.6777344 0.1333007 0.6665039 0.1054687 0.6665039 0.1054687 0.6777344 0.1333007 0.6049805 0.1225585 0.6748047 0.105957 0.7011719 0.1274414 0.6835938 0.1328125 0.6777344 0.1333007 0.6748047 0.105957 0.6835938 0.1328125 0.7011719 0.1274414 0.6914063 0.161621 0.6835938 0.1328125 0.7011719 0.1274414 0.7089844 0.1596679 0.6914063 0.161621 0.6835938 0.1328125 0.684082 0.1621093 0.6777344 0.1333007 0.684082 0.1621093 0.6835938 0.1328125 0.6914063 0.161621 0.6777344 0.1333007 0.684082 0.1621093 0.6049805 0.1225585 0.7089844 0.1596679 0.6923828 0.1884765 0.6914063 0.161621 0.6914063 0.161621 0.6923828 0.1884765 0.684082 0.1621093 0.7089844 0.1596679 0.7099609 0.1899414 0.6923828 0.1884765 0.7006836 0.2250976 0.6923828 0.1884765 0.7099609 0.1899414 0.6845703 0.1918945 0.684082 0.1621093 0.6923828 0.1884765 0.6049805 0.1225585 0.684082 0.1621093 0.6845703 0.1918945 0.6923828 0.1884765 0.7006836 0.2250976 0.6855469 0.2226562 0.6923828 0.1884765 0.6855469 0.2226562 0.6845703 0.1918945 0.6845703 0.1918945 0.6787109 0.2207031 0.6049805 0.1225585 0.6787109 0.2207031 0.6845703 0.1918945 0.6855469 0.2226562 0.6777344 0.2460937 0.6855469 0.2226562 0.7006836 0.2250976 0.6777344 0.2460937 0.6787109 0.2207031 0.6855469 0.2226562 0.7006836 0.2250976 0.6933594 0.2543945 0.6777344 0.2460937 0.6704102 0.2895508 0.6777344 0.2460937 0.6933594 0.2543945 0.6674805 0.2485351 0.6787109 0.2207031 0.6777344 0.2460937 0.6777344 0.2460937 0.6704102 0.2895508 0.6567383 0.2788086 0.6777344 0.2460937 0.6567383 0.2788086 0.6674805 0.2485351 0.6459961 0.3144531 0.6567383 0.2788086 0.6704102 0.2895508 0.6787109 0.2207031 0.6674805 0.2485351 0.5629883 0.2641602 0.5629883 0.2641602 0.6049805 0.1225585 0.6787109 0.2207031 0.6674805 0.2485351 0.6567383 0.2788086 0.6508789 0.2734375 0.6674805 0.2485351 0.6508789 0.2734375 0.5629883 0.2641602 0.6567383 0.2788086 0.6298828 0.2949219 0.6508789 0.2734375 0.6508789 0.2734375 0.6298828 0.2949219 0.5629883 0.2641602 0.6567383 0.2788086 0.6459961 0.3144531 0.6347656 0.3007813 0.6298828 0.2949219 0.6567383 0.2788086 0.6347656 0.3007813 0.6088867 0.3183594 0.6347656 0.3007813 0.6459961 0.3144531 0.6459961 0.3144531 0.6176758 0.3349609 0.6088867 0.3183594 0.6347656 0.3007813 0.6044922 0.3110352 0.6298828 0.2949219 0.6044922 0.3110352 0.6347656 0.3007813 0.6088867 0.3183594 0.6298828 0.2949219 0.6044922 0.3110352 0.5629883 0.2641602 0.5869141 0.3291016 0.6088867 0.3183594 0.6176758 0.3349609 0.5869141 0.3291016 0.6044922 0.3110352 0.6088867 0.3183594 0.6176758 0.3349609 0.5922852 0.3481445 0.5869141 0.3291016 0.5507813 0.3540039 0.5869141 0.3291016 0.5922852 0.3481445 0.6044922 0.3110352 0.5869141 0.3291016 0.5810547 0.3212891 0.6044922 0.3110352 0.5810547 0.3212891 0.5629883 0.2641602 0.5869141 0.3291016 0.5507813 0.3540039 0.5488281 0.3364258 0.5869141 0.3291016 0.5488281 0.3364258 0.5810547 0.3212891 0.5161133 0.3540039 0.5488281 0.3364258 0.5507813 0.3540039 0.5810547 0.3212891 0.5488281 0.3364258 0.543457 0.328125 0.543457 0.328125 0.5629883 0.2641602 0.5810547 0.3212891 0.5488281 0.3364258 0.5161133 0.3540039 0.5180664 0.3364258 0.5488281 0.3364258 0.5180664 0.3364258 0.543457 0.328125 0.4821777 0.347168 0.5180664 0.3364258 0.5161133 0.3540039 0.5180664 0.3364258 0.5151367 0.3271484 0.543457 0.328125 0.5629883 0.2641602 0.543457 0.328125 0.5151367 0.3271484 0.5180664 0.3364258 0.4821777 0.347168 0.4875488 0.3300781 0.5180664 0.3364258 0.4875488 0.3300781 0.5151367 0.3271484 0.4501953 0.3339844 0.4875488 0.3300781 0.4821777 0.347168 0.5151367 0.3271484 0.4899902 0.3227539 0.5629883 0.2641602 0.4899902 0.3227539 0.5151367 0.3271484 0.4875488 0.3300781 0.4875488 0.3300781 0.4501953 0.3339844 0.4584961 0.3183594 0.423584 0.3144531 0.4584961 0.3183594 0.4501953 0.3339844 0.4875488 0.3300781 0.4624024 0.3115234 0.4899902 0.3227539 0.4624024 0.3115234 0.4875488 0.3300781 0.4584961 0.3183594 0.4584961 0.3183594 0.423584 0.3144531 0.4331055 0.3007813 0.3972168 0.2900391 0.4331055 0.3007813 0.423584 0.3144531 0.4584961 0.3183594 0.439209 0.2939453 0.4624024 0.3115234 0.439209 0.2939453 0.4584961 0.3183594 0.4331055 0.3007813 0.4624024 0.3115234 0.4597168 0.2329101 0.4899902 0.3227539 0.439209 0.2939453 0.4597168 0.2329101 0.4624024 0.3115234 0.5629883 0.2641602 0.4899902 0.3227539 0.4597168 0.2329101 0.4331055 0.3007813 0.4167481 0.2739258 0.439209 0.2939453 0.439209 0.2939453 0.4167481 0.2739258 0.4597168 0.2329101 0.4331055 0.3007813 0.3972168 0.2900391 0.4106445 0.2788086 0.4167481 0.2739258 0.4331055 0.3007813 0.4106445 0.2788086 0.3779297 0.2612305 0.4106445 0.2788086 0.3972168 0.2900391 0.4106445 0.2788086 0.4003906 0.2495117 0.4167481 0.2739258 0.4167481 0.2739258 0.4003906 0.2495117 0.4597168 0.2329101 0.4106445 0.2788086 0.3779297 0.2612305 0.3935547 0.2529297 0.4003906 0.2495117 0.4106445 0.2788086 0.3935547 0.2529297 0.3674317 0.230957 0.3935547 0.2529297 0.3779297 0.2612305 0.3935547 0.2529297 0.3674317 0.230957 0.3823242 0.2246093 0.3823242 0.2246093 0.4003906 0.2495117 0.3935547 0.2529297 0.3579102 0.1953125 0.3823242 0.2246093 0.3674317 0.230957 0.4003906 0.2495117 0.3823242 0.2246093 0.3891602 0.2221679 0.4003906 0.2495117 0.3891602 0.2221679 0.4597168 0.2329101 0.3823242 0.2246093 0.3579102 0.1953125 0.3754883 0.1938476 0.3754883 0.1938476 0.3891602 0.2221679 0.3823242 0.2246093 0.357666 0.1606445 0.3754883 0.1938476 0.3579102 0.1953125 0.3891602 0.2221679 0.3754883 0.1938476 0.3830567 0.192871 0.3830567 0.192871 0.4597168 0.2329101 0.3891602 0.2221679 0.3754883 0.1938476 0.357666 0.1606445 0.3754883 0.1625976 0.3754883 0.1938476 0.3830567 0.1630859 0.3830567 0.192871 0.4597168 0.2329101 0.3830567 0.192871 0.3830567 0.1630859 0.3830567 0.1630859 0.3754883 0.1938476 0.3754883 0.1625976 0.364502 0.1269531 0.3754883 0.1625976 0.357666 0.1606445 0.3830567 0.1630859 0.3886719 0.1342773 0.4597168 0.2329101 0.3754883 0.1625976 0.3886719 0.1342773 0.3830567 0.1630859 0.3754883 0.1625976 0.364502 0.1269531 0.3813477 0.1318359 0.3886719 0.1342773 0.3754883 0.1625976 0.3813477 0.1318359 0.364502 0.1269531 0.3896484 0.1083984 0.3813477 0.1318359 0.3896484 0.1083984 0.364502 0.1269531 0.3740234 0.1000976 0.3967285 0.06591796 0.3896484 0.1083984 0.3740234 0.1000976 0.3813477 0.1318359 0.3972168 0.1118164 0.3886719 0.1342773 0.3972168 0.1118164 0.3813477 0.1318359 0.3896484 0.1083984 0.5063477 0.09130859 0.4597168 0.2329101 0.3886719 0.1342773 0.3886719 0.1342773 0.3972168 0.1118164 0.5063477 0.09130859 0.5063477 0.09130859 0.5629883 0.2641602 0.4597168 0.2329101 0.5629883 0.2641602 0.5063477 0.09130859 0.6049805 0.1225585 0.3896484 0.1083984 0.3967285 0.06591796 0.4104004 0.07714843 0.3896484 0.1083984 0.4104004 0.07714843 0.3972168 0.1118164 0.4208984 0.0415039 0.4104004 0.07714843 0.3967285 0.06591796 0.4104004 0.07714843 0.4208984 0.0415039 0.4321289 0.05517578 0.3972168 0.1118164 0.4162598 0.08203125 0.5063477 0.09130859 0.4162598 0.08203125 0.3972168 0.1118164 0.4104004 0.07714843 0.4328613 0.06542968 0.5063477 0.09130859 0.4162598 0.08203125 0.4104004 0.07714843 0.4328613 0.06542968 0.4162598 0.08203125 0.4328613 0.06542968 0.4104004 0.07714843 0.4321289 0.05517578 0.5063477 0.09130859 0.4328613 0.06542968 0.4616699 0.04443359 0.4321289 0.05517578 0.4616699 0.04443359 0.4328613 0.06542968 0.1949462 0.3554688 0.1601562 0.3554688 0.1613769 0.3447266 0.1259765 0.3461914 0.1613769 0.3447266 0.1601562 0.3554688 0.1613769 0.3447266 0.1939697 0.3447266 0.1949462 0.3554688 0.1939697 0.3447266 0.2288818 0.3486328 0.1949462 0.3554688 0.1613769 0.3447266 0.1259765 0.3461914 0.1291503 0.3364258 0.1939697 0.3447266 0.2259521 0.3378906 0.2288818 0.3486328 0.09899902 0.3242188 0.1291503 0.3364258 0.1259765 0.3461914 0.1259765 0.3461914 0.09368896 0.3334961 0.09899902 0.3242188 0.1423339 0.2954102 0.1613769 0.3447266 0.1291503 0.3364258 0.09899902 0.3242188 0.1423339 0.2954102 0.1291503 0.3364258 0.1613769 0.3447266 0.1898193 0.300293 0.1939697 0.3447266 0.1898193 0.300293 0.1613769 0.3447266 0.1423339 0.2954102 0.1898193 0.300293 0.2259521 0.3378906 0.1939697 0.3447266 0.09368896 0.3334961 0.07080078 0.3066406 0.09899902 0.3242188 0.09368896 0.3334961 0.06433105 0.3144531 0.07080078 0.3066406 0.1423339 0.2954102 0.09899902 0.3242188 0.1002807 0.2729492 0.1002807 0.2729492 0.09899902 0.3242188 0.07080078 0.3066406 0.06433105 0.3144531 0.04882812 0.2822266 0.07080078 0.3066406 0.04882812 0.2822266 0.1002807 0.2729492 0.07080078 0.3066406 0.04882812 0.2822266 0.06433105 0.3144531 0.04040527 0.2880859 0.04040527 0.2880859 0.03134155 0.2563477 0.04882812 0.2822266 0.03134155 0.2563477 0.04040527 0.2880859 0.02130126 0.2617188 0.1002807 0.2729492 0.04882812 0.2822266 0.07208251 0.2353515 0.07208251 0.2353515 0.04882812 0.2822266 0.03134155 0.2563477 0.02130126 0.2617188 0.01768493 0.2255859 0.03134155 0.2563477 0.01768493 0.2255859 0.07208251 0.2353515 0.03134155 0.2563477 0.01768493 0.2255859 0.02130126 0.2617188 0.007110595 0.2280273 0.001972198 0.1972656 0.01768493 0.2255859 0.007110595 0.2280273 0.01768493 0.2255859 0.001972198 0.1972656 0.01146697 0.1943359 0.002145767 0.1611328 0.01146697 0.1943359 0.001972198 0.1972656 0.07208251 0.2353515 0.01768493 0.2255859 0.05819702 0.1894531 0.05819702 0.1894531 0.01768493 0.2255859 0.01146697 0.1943359 0.01146697 0.1943359 0.002145767 0.1611328 0.01288604 0.1621093 0.01288604 0.1621093 0.05819702 0.1894531 0.01146697 0.1943359 0.01004791 0.1264648 0.01288604 0.1621093 0.002145767 0.1611328 0.1798095 0.1821289 0.07208251 0.2353515 0.05819702 0.1894531 0.1798095 0.1821289 0.1002807 0.2729492 0.07208251 0.2353515 0.1798095 0.1821289 0.1423339 0.2954102 0.1002807 0.2729492 0.1798095 0.1821289 0.1898193 0.300293 0.1423339 0.2954102 0.05819702 0.1894531 0.01288604 0.1621093 0.06414794 0.1416015 0.1798095 0.1821289 0.05819702 0.1894531 0.06414794 0.1416015 0.01288604 0.1621093 0.01004791 0.1264648 0.02026367 0.1298828 0.06414794 0.1416015 0.01288604 0.1621093 0.02026367 0.1298828 0.03103637 0.09960937 0.02026367 0.1298828 0.01004791 0.1264648 0.03103637 0.09960937 0.06414794 0.1416015 0.02026367 0.1298828 0.01004791 0.1264648 0.02146911 0.09472656 0.03103637 0.09960937 0.04101562 0.06591796 0.03103637 0.09960937 0.02146911 0.09472656 0.06414794 0.1416015 0.03103637 0.09960937 0.08709716 0.102539 0.1798095 0.1821289 0.06414794 0.1416015 0.08709716 0.102539 0.03103637 0.09960937 0.04101562 0.06591796 0.04937744 0.0727539 0.08709716 0.102539 0.03103637 0.09960937 0.04937744 0.0727539 0.06842041 0.04199218 0.04937744 0.0727539 0.04101562 0.06591796 0.08709716 0.102539 0.04937744 0.0727539 0.07745361 0.05371093 0.04937744 0.0727539 0.06842041 0.04199218 0.07745361 0.05371093 0.07745361 0.05371093 0.1204223 0.07080078 0.08709716 0.102539 0.1798095 0.1821289 0.08709716 0.102539 0.1204223 0.07080078 0.1015014 0.03222656 0.07745361 0.05371093 0.06842041 0.04199218 0.1204223 0.07080078 0.07745361 0.05371093 0.1015014 0.03222656 0.06842041 0.04199218 0.09686279 0.02246093 0.1015014 0.03222656 0.09686279 0.02246093 0.130371 0.01855468 0.1015014 0.03222656 0.1204223 0.07080078 0.1015014 0.03222656 0.130371 0.01855468 0.09686279 0.02246093 0.1276855 0.0078125 0.130371 0.01855468 0.1665039 0.0571289 0.1204223 0.07080078 0.130371 0.01855468 0.1798095 0.1821289 0.1204223 0.07080078 0.1665039 0.0571289 0.1276855 0.0078125 0.1624755 0.01318359 0.130371 0.01855468 0.1624755 0.01318359 0.1665039 0.0571289 0.130371 0.01855468 0.1624755 0.01318359 0.1276855 0.0078125 0.1621093 0.002441406 0.1621093 0.002441406 0.1948242 0.01318359 0.1624755 0.01318359 0.1665039 0.0571289 0.1624755 0.01318359 0.1948242 0.01318359 0.1948242 0.01318359 0.1621093 0.002441406 0.1961669 0.002441406 0.2305908 0.01123046 0.1948242 0.01318359 0.1961669 0.002441406 0.2143554 0.06298828 0.1665039 0.0571289 0.1948242 0.01318359 0.1798095 0.1821289 0.1665039 0.0571289 0.2143554 0.06298828 0.1948242 0.01318359 0.2305908 0.01123046 0.2272949 0.02148437 0.2272949 0.02148437 0.2143554 0.06298828 0.1948242 0.01318359 0.2305908 0.01123046 0.2568359 0.03271484 0.2272949 0.02148437 0.2143554 0.06298828 0.2272949 0.02148437 0.2568359 0.03271484 0.2568359 0.03271484 0.2305908 0.01123046 0.2626953 0.02441406 0.2143554 0.06298828 0.2568359 0.03271484 0.2529297 0.09179687 0.1798095 0.1821289 0.2143554 0.06298828 0.2529297 0.09179687 0.2834473 0.05078125 0.2568359 0.03271484 0.2626953 0.02441406 0.2529297 0.09179687 0.2568359 0.03271484 0.2834473 0.05078125 0.2834473 0.05078125 0.2626953 0.02441406 0.2910156 0.04199218 0.3071289 0.07324218 0.2834473 0.05078125 0.2910156 0.04199218 0.2529297 0.09179687 0.2834473 0.05078125 0.3071289 0.07324218 0.3071289 0.07324218 0.2910156 0.04199218 0.3156738 0.06689453 0.2529297 0.09179687 0.3071289 0.07324218 0.2854004 0.125 0.1798095 0.1821289 0.2529297 0.09179687 0.2854004 0.125 0.3244629 0.1010742 0.3071289 0.07324218 0.3156738 0.06689453 0.2854004 0.125 0.3071289 0.07324218 0.3244629 0.1010742 0.3156738 0.06689453 0.3339844 0.09716796 0.3244629 0.1010742 0.3361817 0.1328125 0.3244629 0.1010742 0.3339844 0.09716796 0.2854004 0.125 0.3244629 0.1010742 0.3361817 0.1328125 0.3339844 0.09716796 0.3461914 0.1308593 0.3361817 0.1328125 0.3361817 0.1328125 0.2993164 0.1679687 0.2854004 0.125 0.1798095 0.1821289 0.2854004 0.125 0.2993164 0.1679687 0.3430176 0.1655273 0.3361817 0.1328125 0.3461914 0.1308593 0.2993164 0.1679687 0.3361817 0.1328125 0.3430176 0.1655273 0.3461914 0.1308593 0.3530274 0.165039 0.3430176 0.1655273 0.3530274 0.165039 0.3432617 0.1958007 0.3430176 0.1655273 0.2993164 0.1679687 0.3430176 0.1655273 0.3432617 0.1958007 0.3530274 0.165039 0.3537598 0.1972656 0.3432617 0.1958007 0.2932129 0.2133789 0.2993164 0.1679687 0.3432617 0.1958007 0.1798095 0.1821289 0.2993164 0.1679687 0.2932129 0.2133789 0.3537598 0.1972656 0.3374024 0.2270507 0.3432617 0.1958007 0.3432617 0.1958007 0.3374024 0.2270507 0.2932129 0.2133789 0.3374024 0.2270507 0.3537598 0.1972656 0.3474121 0.2304687 0.3474121 0.2304687 0.324707 0.2573242 0.3374024 0.2270507 0.2932129 0.2133789 0.3374024 0.2270507 0.324707 0.2573242 0.324707 0.2573242 0.3474121 0.2304687 0.3342285 0.262207 0.3149414 0.2910156 0.324707 0.2573242 0.3342285 0.262207 0.1798095 0.1821289 0.2932129 0.2133789 0.2722168 0.2563477 0.2722168 0.2563477 0.2932129 0.2133789 0.324707 0.2573242 0.324707 0.2573242 0.3149414 0.2910156 0.3066406 0.2841797 0.3066406 0.2841797 0.2722168 0.2563477 0.324707 0.2573242 0.2905274 0.3144531 0.3066406 0.2841797 0.3149414 0.2910156 0.1798095 0.1821289 0.2722168 0.2563477 0.2352294 0.2866211 0.1798095 0.1821289 0.2352294 0.2866211 0.1898193 0.300293 0.2352294 0.2866211 0.2259521 0.3378906 0.1898193 0.300293 0.2834473 0.3071289 0.2722168 0.2563477 0.3066406 0.2841797 0.3066406 0.2841797 0.2905274 0.3144531 0.2834473 0.3071289 0.2722168 0.2563477 0.2834473 0.3071289 0.2352294 0.2866211 0.2612305 0.3349609 0.2834473 0.3071289 0.2905274 0.3144531 0.2259521 0.3378906 0.2352294 0.2866211 0.2558594 0.3261719 0.2352294 0.2866211 0.2834473 0.3071289 0.2558594 0.3261719 0.2834473 0.3071289 0.2612305 0.3349609 0.2558594 0.3261719 0.2558594 0.3261719 0.2288818 0.3486328 0.2259521 0.3378906 0.2288818 0.3486328 0.2558594 0.3261719 0.2612305 0.3349609</float_array>
          <technique_common>
            <accessor source="#SM_Chair_01a-mesh-map-1-array" count="8376" stride="2">
              <param name="S" type="float"/>
              <param name="T" type="float"/>
            </accessor>
          </technique_common>
        </source>
        <source id="SM_Chair_01a-mesh-map-2">
          <float_array id="SM_Chair_01a-mesh-map-2-array" count="16752">0.4655762 0.0390625 0.3671875 0.0390625 0.3671875 0.03613281 0.4655762 0.0390625 0.3671875 0.03613281 0.4655762 0.03613281 0.3405762 0.03955078 0.2421875 0.03955078 0.2421875 0.03613281 0.3405762 0.03955078 0.2421875 0.03613281 0.3405762 0.03613281 0.621582 0.5251465 0.621582 0.5546875 0.6171875 0.5546875 0.621582 0.5251465 0.6171875 0.5546875 0.6171875 0.5251465 0.5859375 0.2226562 0.6118164 0.2226562 0.5859375 0.2265625 0.5859375 0.2265625 0.6118164 0.2226562 0.6118164 0.2265625 0.8984375 0.01953125 0.9243164 0.0234375 0.8984375 0.0234375 0.9243164 0.0234375 0.8984375 0.01953125 0.9243164 0.01953125 0.4968262 0.1328125 0.5800781 0.1230468 0.4921875 0.1230468 0.5800781 0.1230468 0.4968262 0.1328125 0.5844727 0.1328125 0.3828125 0.3203125 0.3828125 0.2324218 0.4101563 0.3203125 0.4101563 0.3203125 0.3828125 0.2324218 0.4101563 0.2324218 0.4707031 0.1328125 0.3874512 0.1230468 0.3828125 0.1333007 0.3874512 0.1230468 0.4707031 0.1328125 0.4753418 0.1230468 0.5805664 0.0390625 0.5546875 0.0390625 0.5805664 0.03515625 0.5805664 0.03515625 0.5546875 0.0390625 0.5546875 0.03515625 0.9453125 0.01953125 0.9711914 0.01953125 0.9711914 0.0234375 0.9711914 0.0234375 0.9453125 0.0234375 0.9453125 0.01953125 0.9804688 0.1171875 0.9765625 0.09130859 0.9804688 0.09130859 0.9765625 0.09130859 0.9804688 0.1171875 0.9765625 0.1171875 0.7929688 0.01318359 0.7890625 0.0390625 0.7890625 0.01318359 0.7890625 0.0390625 0.7929688 0.01318359 0.7929688 0.0390625 0.6640625 0.03515625 0.6899414 0.03515625 0.6640625 0.0390625 0.6899414 0.0390625 0.6640625 0.0390625 0.6899414 0.03515625 0.7617188 0.01318359 0.7617188 0.0390625 0.7578125 0.0390625 0.7617188 0.01318359 0.7578125 0.0390625 0.7578125 0.01318359 0.7368164 0.03515625 0.7109375 0.0390625 0.7109375 0.03515625 0.7109375 0.0390625 0.7368164 0.03515625 0.7368164 0.0390625 0.6015625 0.01953125 0.6274414 0.01953125 0.6274414 0.0234375 0.6015625 0.01953125 0.6274414 0.0234375 0.6015625 0.0234375 0.04391479 0.08349609 0.04022216 0.07861328 0.04971313 0.0859375 0.04971313 0.0859375 0.04022216 0.07861328 0.0390625 0.0727539 0.05572509 0.0859375 0.04971313 0.0859375 0.0390625 0.0727539 0.06518554 0.07861328 0.06152343 0.08398437 0.05572509 0.0859375 0.06518554 0.07861328 0.05572509 0.0859375 0.0390625 0.0727539 0.0390625 0.0727539 0.04034423 0.06640625 0.044281 0.06201171 0.0390625 0.0727539 0.05596923 0.05957031 0.06518554 0.07861328 0.044281 0.06201171 0.05596923 0.05957031 0.0390625 0.0727539 0.044281 0.06201171 0.04971313 0.05908203 0.05596923 0.05957031 0.06658935 0.0727539 0.06518554 0.07861328 0.05596923 0.05957031 0.05596923 0.05957031 0.06137084 0.06201171 0.06658935 0.0727539 0.06536865 0.06640625 0.06658935 0.0727539 0.06137084 0.06201171 0.0078125 0.2749024 0.0078125 0.3828125 0.01679992 0.3828125 0.01679992 0.3828125 0.01678466 0.2749024 0.0078125 0.2749024 0.01678466 0.2749024 0.01679992 0.3828125 0.02578735 0.3828125 0.02578735 0.3828125 0.02577209 0.2749024 0.01678466 0.2749024 0.02578735 0.3828125 0.03475952 0.2749024 0.02577209 0.2749024 0.03475952 0.2749024 0.02578735 0.3828125 0.03475952 0.3828125 0.03475952 0.2749024 0.03475952 0.3828125 0.0437622 0.3828125 0.0437622 0.3828125 0.0437622 0.2749024 0.03475952 0.2749024 0.0437622 0.3828125 0.05273437 0.2749024 0.0437622 0.2749024 0.05273437 0.2749024 0.0437622 0.3828125 0.05273437 0.3828125 0.05273437 0.3828125 0.06173706 0.2749024 0.05273437 0.2749024 0.06173706 0.2749024 0.05273437 0.3828125 0.06173706 0.3828125 0.06173706 0.2749024 0.06173706 0.3828125 0.07067871 0.3828125 0.07067871 0.3828125 0.07067871 0.2749024 0.06173706 0.2749024 0.07067871 0.2749024 0.07067871 0.3828125 0.07965087 0.3828125 0.07965087 0.3828125 0.07971191 0.2749024 0.07067871 0.2749024 0.07965087 0.3828125 0.08868408 0.2749024 0.07971191 0.2749024 0.08868408 0.2749024 0.07965087 0.3828125 0.08868408 0.3828125 0.08868408 0.2749024 0.08868408 0.3828125 0.09765625 0.3828125 0.09765625 0.3828125 0.09765625 0.2749024 0.08868408 0.2749024 0.09765625 0.3828125 0.1066284 0.2749024 0.09765625 0.2749024 0.1066284 0.2749024 0.09765625 0.3828125 0.1066284 0.3828125 0.1066284 0.3828125 0.1156616 0.2749024 0.1066284 0.2749024 0.1156616 0.2749024 0.1066284 0.3828125 0.1156616 0.3828125 0.2683106 0.1796875 0.2421875 0.1796875 0.2421875 0.1694335 0.2683106 0.1796875 0.2421875 0.1694335 0.2683106 0.1694335 0.2683106 0.1694335 0.2421875 0.1694335 0.2421875 0.1591796 0.2421875 0.1591796 0.2683106 0.1591796 0.2683106 0.1694335 0.2421875 0.1591796 0.2683106 0.1489257 0.2683106 0.1591796 0.2683106 0.1489257 0.2421875 0.1591796 0.2421875 0.1489257 0.2683106 0.1489257 0.2421875 0.1489257 0.2421875 0.1386718 0.2421875 0.1386718 0.2683106 0.1386718 0.2683106 0.1489257 0.2421875 0.1284179 0.2683106 0.1386718 0.2421875 0.1386718 0.2421875 0.1284179 0.2683106 0.1284179 0.2683106 0.1386718 0.7041016 0.6081543 0.6977539 0.6171875 0.684082 0.607666 0.6977539 0.6171875 0.6699219 0.6171875 0.684082 0.607666 0.6640625 0.6081543 0.684082 0.607666 0.6699219 0.6171875 0.730957 0.08349609 0.7275391 0.07861328 0.7368164 0.0859375 0.7368164 0.0859375 0.7275391 0.07861328 0.7265625 0.0727539 0.7431641 0.0859375 0.7368164 0.0859375 0.7265625 0.0727539 0.7524414 0.07861328 0.7490234 0.08398437 0.7431641 0.0859375 0.7524414 0.07861328 0.7431641 0.0859375 0.7265625 0.0727539 0.7265625 0.0727539 0.7275391 0.06640625 0.7314453 0.06201171 0.7265625 0.0727539 0.7431641 0.05957031 0.7524414 0.07861328 0.7314453 0.06201171 0.7431641 0.05957031 0.7265625 0.0727539 0.7314453 0.06201171 0.7368164 0.05908203 0.7431641 0.05957031 0.7539063 0.0727539 0.7524414 0.07861328 0.7431641 0.05957031 0.7431641 0.05957031 0.7485352 0.06201171 0.7539063 0.0727539 0.7524414 0.06640625 0.7539063 0.0727539 0.7485352 0.06201171 0.6704102 0.3671875 0.6328125 0.3671875 0.6342774 0.328125 0.668457 0.328125 0.6704102 0.3671875 0.6342774 0.328125 0.6357422 0.284668 0.668457 0.328125 0.6342774 0.328125 0.668457 0.328125 0.6357422 0.284668 0.6669922 0.284668 0.6357422 0.284668 0.6660156 0.2446289 0.6669922 0.284668 0.6660156 0.2446289 0.6357422 0.284668 0.6367188 0.2446289 0.6621094 0.2099609 0.6650391 0.2045898 0.6660156 0.2446289 0.6572266 0.2138671 0.6621094 0.2099609 0.6660156 0.2446289 0.6513672 0.215332 0.6572266 0.2138671 0.6660156 0.2446289 0.6660156 0.2446289 0.6367188 0.2446289 0.6513672 0.215332 0.6455078 0.2138671 0.6513672 0.215332 0.6367188 0.2446289 0.6367188 0.2446289 0.640625 0.2099609 0.6455078 0.2138671 0.6367188 0.2446289 0.6376953 0.2045898 0.640625 0.2099609 0.934082 0.114746 0.9306641 0.1098632 0.9399414 0.1171875 0.9399414 0.1171875 0.9306641 0.1098632 0.9296875 0.1040039 0.9462891 0.1171875 0.9399414 0.1171875 0.9296875 0.1040039 0.9555664 0.1098632 0.9521484 0.1152343 0.9462891 0.1171875 0.9555664 0.1098632 0.9462891 0.1171875 0.9296875 0.1040039 0.9296875 0.1040039 0.9306641 0.09765625 0.9345703 0.09326171 0.9296875 0.1040039 0.9462891 0.09082031 0.9555664 0.1098632 0.9345703 0.09326171 0.9462891 0.09082031 0.9296875 0.1040039 0.9345703 0.09326171 0.9399414 0.09033203 0.9462891 0.09082031 0.9570313 0.1040039 0.9555664 0.1098632 0.9462891 0.09082031 0.9462891 0.09082031 0.9516602 0.09326171 0.9570313 0.1040039 0.9555664 0.09765625 0.9570313 0.1040039 0.9516602 0.09326171 0.684082 0.08349609 0.6806641 0.07861328 0.6899414 0.0859375 0.6899414 0.0859375 0.6806641 0.07861328 0.6796875 0.0727539 0.6962891 0.0859375 0.6899414 0.0859375 0.6796875 0.0727539 0.7055664 0.07861328 0.7021484 0.08398437 0.6962891 0.0859375 0.7055664 0.07861328 0.6962891 0.0859375 0.6796875 0.0727539 0.6796875 0.0727539 0.6806641 0.06640625 0.6845703 0.06201171 0.6796875 0.0727539 0.6962891 0.05957031 0.7055664 0.07861328 0.6845703 0.06201171 0.6962891 0.05957031 0.6796875 0.0727539 0.6845703 0.06201171 0.6899414 0.05908203 0.6962891 0.05957031 0.7070313 0.0727539 0.7055664 0.07861328 0.6962891 0.05957031 0.6962891 0.05957031 0.7016602 0.06201171 0.7070313 0.0727539 0.7055664 0.06640625 0.7070313 0.0727539 0.7016602 0.06201171 0.2000732 0.161621 0.1964111 0.1567382 0.2059326 0.1640625 0.2059326 0.1640625 0.1964111 0.1567382 0.1953125 0.1508789 0.211914 0.1640625 0.2059326 0.1640625 0.1953125 0.1508789 0.2214355 0.1567382 0.2177734 0.1621093 0.211914 0.1640625 0.2214355 0.1567382 0.211914 0.1640625 0.1953125 0.1508789 0.1953125 0.1508789 0.1965332 0.1445312 0.2004394 0.1401367 0.1953125 0.1508789 0.2121582 0.1376953 0.2214355 0.1567382 0.2004394 0.1401367 0.2121582 0.1376953 0.1953125 0.1508789 0.2004394 0.1401367 0.2059326 0.137207 0.2121582 0.1376953 0.2227783 0.1508789 0.2214355 0.1567382 0.2121582 0.1376953 0.2121582 0.1376953 0.2175292 0.1401367 0.2227783 0.1508789 0.2215576 0.1445312 0.2227783 0.1508789 0.2175292 0.1401367 0.3359375 0.1284179 0.3620606 0.1284179 0.3620606 0.1386718 0.3359375 0.1284179 0.3620606 0.1386718 0.3359375 0.1386718 0.3620606 0.1489257 0.3359375 0.1386718 0.3620606 0.1386718 0.3359375 0.1386718 0.3620606 0.1489257 0.3359375 0.1489257 0.3620606 0.1489257 0.3359375 0.1591796 0.3359375 0.1489257 0.3359375 0.1591796 0.3620606 0.1489257 0.3620606 0.1591796 0.3620606 0.1591796 0.3359375 0.1694335 0.3359375 0.1591796 0.3359375 0.1694335 0.3620606 0.1591796 0.3620606 0.1694335 0.3359375 0.1694335 0.3620606 0.1694335 0.3620606 0.1796875 0.3620606 0.1796875 0.3359375 0.1796875 0.3359375 0.1694335 0.2498779 0.0703125 0.2421875 0.06738281 0.2421875 0.0703125 0.2421875 0.06738281 0.2498779 0.0703125 0.2498779 0.06738281 0.2556152 0.0703125 0.2498779 0.06738281 0.2498779 0.0703125 0.2498779 0.06738281 0.2556152 0.0703125 0.2556152 0.06738281 0.2653809 0.0703125 0.2556152 0.06738281 0.2556152 0.0703125 0.2556152 0.06738281 0.2653809 0.0703125 0.2653809 0.06738281 0.2746582 0.0703125 0.2653809 0.06738281 0.2653809 0.0703125 0.2653809 0.06738281 0.2746582 0.0703125 0.2746582 0.06738281 0.2944336 0.06738281 0.2746582 0.06738281 0.2746582 0.0703125 0.2944336 0.06738281 0.2746582 0.0703125 0.2944336 0.0703125 0.3066406 0.06738281 0.2944336 0.06738281 0.2944336 0.0703125 0.2944336 0.0703125 0.3066406 0.0703125 0.3066406 0.06738281 0.3066406 0.0703125 0.3452149 0.0703125 0.3066406 0.06738281 0.3452149 0.06738281 0.3066406 0.06738281 0.3452149 0.0703125 0.3452149 0.0703125 0.3574219 0.0703125 0.3452149 0.06738281 0.3452149 0.06738281 0.3574219 0.0703125 0.3574219 0.06738281 0.3771973 0.06738281 0.3574219 0.06738281 0.3574219 0.0703125 0.3771973 0.06738281 0.3574219 0.0703125 0.3771973 0.0703125 0.3864746 0.0703125 0.3771973 0.06738281 0.3771973 0.0703125 0.3771973 0.06738281 0.3864746 0.0703125 0.3864746 0.06738281 0.3962402 0.0703125 0.3864746 0.06738281 0.3864746 0.0703125 0.3864746 0.06738281 0.3962402 0.0703125 0.3962402 0.06738281 0.4020996 0.0703125 0.3962402 0.06738281 0.3962402 0.0703125 0.3962402 0.06738281 0.4020996 0.0703125 0.4020996 0.06738281 0.409668 0.0703125 0.4020996 0.06738281 0.4020996 0.0703125 0.4020996 0.06738281 0.409668 0.0703125 0.409668 0.06738281 0.4372559 0.0703125 0.4296875 0.06738281 0.4296875 0.0703125 0.4296875 0.06738281 0.4372559 0.0703125 0.4372559 0.06738281 0.4428711 0.0703125 0.4372559 0.06738281 0.4372559 0.0703125 0.4372559 0.06738281 0.4428711 0.0703125 0.4428711 0.06738281 0.4528809 0.0703125 0.4428711 0.06738281 0.4428711 0.0703125 0.4428711 0.06738281 0.4528809 0.0703125 0.4528809 0.06738281 0.4621582 0.0703125 0.4528809 0.06738281 0.4528809 0.0703125 0.4528809 0.06738281 0.4621582 0.0703125 0.4621582 0.06738281 0.4621582 0.0703125 0.4819336 0.0703125 0.4621582 0.06738281 0.4819336 0.06738281 0.4621582 0.06738281 0.4819336 0.0703125 0.4941406 0.0703125 0.4819336 0.06738281 0.4819336 0.0703125 0.4819336 0.06738281 0.4941406 0.0703125 0.4941406 0.06738281 0.4941406 0.0703125 0.5327149 0.06738281 0.4941406 0.06738281 0.4941406 0.0703125 0.5327149 0.0703125 0.5327149 0.06738281 0.5449219 0.06738281 0.5327149 0.06738281 0.5327149 0.0703125 0.5327149 0.0703125 0.5449219 0.0703125 0.5449219 0.06738281 0.5449219 0.0703125 0.5644531 0.06738281 0.5449219 0.06738281 0.5449219 0.0703125 0.5644531 0.0703125 0.5644531 0.06738281 0.5737305 0.0703125 0.5644531 0.06738281 0.5644531 0.0703125 0.5644531 0.06738281 0.5737305 0.0703125 0.5737305 0.06738281 0.5834961 0.0703125 0.5737305 0.06738281 0.5737305 0.0703125 0.5737305 0.06738281 0.5834961 0.0703125 0.5834961 0.06738281 0.5834961 0.0703125 0.5893555 0.06738281 0.5834961 0.06738281 0.5893555 0.0703125 0.5893555 0.06738281 0.5834961 0.0703125 0.597168 0.0703125 0.5893555 0.06738281 0.5893555 0.0703125 0.5893555 0.06738281 0.597168 0.0703125 0.597168 0.06738281 0.05218505 0.9825287 0.0440979 0.9888535 0.04937744 0.9806976 0.0440979 0.9888535 0.05218505 0.9825287 0.04592895 0.9921875 0.04592895 0.9921875 0.01588439 0.9888535 0.0440979 0.9888535 0.01588439 0.9888535 0.04592895 0.9921875 0.0140686 0.9921875 0.0140686 0.9921875 0.0078125 0.9825287 0.01588439 0.9888535 0.01588439 0.9888535 0.0078125 0.9825287 0.01061248 0.9806976 0.3046875 0.717041 0.3127442 0.7233887 0.3073731 0.715332 0.3127442 0.7233887 0.3046875 0.717041 0.310791 0.7265625 0.310791 0.7265625 0.3408203 0.7233887 0.3127442 0.7233887 0.3408203 0.7233887 0.310791 0.7265625 0.3427734 0.7265625 0.348877 0.717041 0.3408203 0.7233887 0.3427734 0.7265625 0.3408203 0.7233887 0.348877 0.717041 0.3461914 0.715332 0.3828125 0.3447266 0.3881836 0.4453125 0.3828125 0.4453125 0.3881836 0.4453125 0.3828125 0.3447266 0.3881836 0.3447266 0.3881836 0.3447266 0.3937988 0.4453125 0.3881836 0.4453125 0.3937988 0.3447266 0.3937988 0.4453125 0.3881836 0.3447266 0.3937988 0.3447266 0.3991699 0.4453125 0.3937988 0.4453125 0.3991699 0.4453125 0.3937988 0.3447266 0.3991699 0.3447266 0.3991699 0.3447266 0.4047852 0.4453125 0.3991699 0.4453125 0.4047852 0.3447266 0.4047852 0.4453125 0.3991699 0.3447266 0.4047852 0.3447266 0.4104004 0.4453125 0.4047852 0.4453125 0.4104004 0.3447266 0.4104004 0.4453125 0.4047852 0.3447266 0.4104004 0.3447266 0.4157715 0.4453125 0.4104004 0.4453125 0.4157715 0.4453125 0.4104004 0.3447266 0.4157715 0.3447266 0.4157715 0.3447266 0.4213867 0.4453125 0.4157715 0.4453125 0.4213867 0.4453125 0.4157715 0.3447266 0.4213867 0.3447266 0.4213867 0.3447266 0.427002 0.4453125 0.4213867 0.4453125 0.427002 0.3447266 0.427002 0.4453125 0.4213867 0.3447266 0.427002 0.3447266 0.4323731 0.4453125 0.427002 0.4453125 0.4323731 0.4453125 0.427002 0.3447266 0.4323731 0.3447266 0.4323731 0.3447266 0.4379883 0.4453125 0.4323731 0.4453125 0.4379883 0.3447266 0.4379883 0.4453125 0.4323731 0.3447266 0.4379883 0.3447266 0.4436035 0.4453125 0.4379883 0.4453125 0.4436035 0.3447266 0.4436035 0.4453125 0.4379883 0.3447266 0.4436035 0.3447266 0.4489746 0.4453125 0.4436035 0.4453125 0.4489746 0.4453125 0.4436035 0.3447266 0.4489746 0.3447266 0.6010742 0.6745606 0.5800781 0.6647949 0.5849609 0.6796875 0.5800781 0.6647949 0.6010742 0.6745606 0.5961914 0.6594238 0.5751953 0.65625 0.5800781 0.6647949 0.5961914 0.6594238 0.5947266 0.6499024 0.5751953 0.65625 0.5961914 0.6594238 0.5751953 0.65625 0.5947266 0.6499024 0.5673828 0.6503906 0.5976563 0.640625 0.5673828 0.6503906 0.5947266 0.6499024 0.5673828 0.6503906 0.5976563 0.640625 0.5810547 0.6396484 0.5712891 0.6413574 0.5673828 0.6503906 0.5810547 0.6396484 0.5810547 0.6396484 0.5976563 0.640625 0.590332 0.6352539 0.5610352 0.6398926 0.5673828 0.6503906 0.5712891 0.6413574 0.5673828 0.6503906 0.5610352 0.6398926 0.5581055 0.6474609 0.5810547 0.6396484 0.6015625 0.6196289 0.5712891 0.6413574 0.5810547 0.6396484 0.590332 0.6352539 0.6015625 0.6196289 0.5610352 0.6398926 0.5712891 0.6413574 0.6015625 0.6196289 0.5488281 0.6445313 0.5581055 0.6474609 0.5610352 0.6398926 0.590332 0.6352539 0.5976563 0.640625 0.5976563 0.6279297 0.5976563 0.6279297 0.6015625 0.6196289 0.590332 0.6352539 0.5976563 0.640625 0.6035156 0.6325684 0.5976563 0.6279297 0.6035156 0.6325684 0.609375 0.6247559 0.5976563 0.6279297 0.6015625 0.6196289 0.5976563 0.6279297 0.609375 0.6247559 0.5488281 0.6445313 0.5610352 0.6398926 0.5517578 0.6352539 0.5610352 0.6398926 0.6015625 0.6196289 0.5517578 0.6352539 0.5517578 0.6352539 0.5449219 0.6279297 0.5488281 0.6445313 0.5449219 0.6279297 0.5517578 0.6352539 0.6015625 0.6196289 0.5449219 0.6279297 0.5302734 0.6186524 0.5488281 0.6445313 0.5488281 0.6445313 0.5302734 0.6186524 0.5390625 0.6445313 0.5449219 0.6279297 0.6015625 0.6196289 0.6035156 0.6088867 0.6015625 0.6196289 0.609375 0.6247559 0.6035156 0.6088867 0.5390625 0.6445313 0.5302734 0.6186524 0.5268555 0.6279297 0.5390625 0.6445313 0.5268555 0.6279297 0.5302734 0.6486817 0.5205078 0.6350098 0.5302734 0.6486817 0.5268555 0.6279297 0.5205078 0.6350098 0.5175781 0.657959 0.5302734 0.6486817 0.5175781 0.657959 0.5205078 0.6350098 0.5078125 0.6445313 0.5400391 0.6188965 0.5302734 0.6186524 0.5449219 0.6279297 0.5400391 0.6188965 0.5449219 0.6279297 0.6035156 0.6088867 0.5385742 0.6088867 0.5302734 0.6186524 0.5400391 0.6188965 0.5385742 0.6088867 0.5400391 0.6188965 0.6035156 0.6088867 0.5302734 0.6186524 0.5385742 0.6088867 0.5302734 0.6088867 0.5385742 0.6088867 0.5302734 0.5991211 0.5302734 0.6088867 0.5400391 0.5986328 0.5385742 0.6088867 0.6035156 0.6088867 0.5302734 0.5991211 0.5385742 0.6088867 0.5400391 0.5986328 0.5449219 0.5898438 0.5400391 0.5986328 0.6035156 0.6088867 0.5449219 0.5898438 0.5302734 0.5991211 0.5400391 0.5986328 0.609375 0.6247559 0.609375 0.5930176 0.6035156 0.6088867 0.6171875 0.6191406 0.609375 0.5930176 0.609375 0.6247559 0.609375 0.5930176 0.6171875 0.6191406 0.6171875 0.5983887 0.6264649 0.6171875 0.6171875 0.5983887 0.6171875 0.6191406 0.6171875 0.5983887 0.6264649 0.6171875 0.6264649 0.6005859 0.6425781 0.6171875 0.6264649 0.6005859 0.6264649 0.6171875 0.6264649 0.6005859 0.6425781 0.6171875 0.6425781 0.6005859 0.6035156 0.6088867 0.609375 0.5930176 0.6015625 0.5981445 0.6035156 0.6088867 0.6015625 0.5981445 0.5449219 0.5898438 0.609375 0.5930176 0.5976563 0.5898438 0.6015625 0.5981445 0.5976563 0.5898438 0.609375 0.5930176 0.6035156 0.5852051 0.5976563 0.5771484 0.5976563 0.5898438 0.6035156 0.5852051 0.5976563 0.5898438 0.590332 0.5825195 0.6015625 0.5981445 0.5976563 0.5898438 0.5976563 0.5771484 0.590332 0.5825195 0.590332 0.5825195 0.5976563 0.5771484 0.5810547 0.578125 0.6015625 0.5981445 0.590332 0.5825195 0.5810547 0.578125 0.5976563 0.5771484 0.5673828 0.5673828 0.5810547 0.578125 0.5947266 0.5678711 0.5673828 0.5673828 0.5976563 0.5771484 0.5810547 0.578125 0.5712891 0.576416 0.6015625 0.5981445 0.5810547 0.578125 0.5673828 0.5673828 0.5712891 0.576416 0.5673828 0.5673828 0.5947266 0.5678711 0.5751953 0.5615234 0.5961914 0.5581055 0.5751953 0.5615234 0.5947266 0.5678711 0.5751953 0.5615234 0.5961914 0.5581055 0.5800781 0.5529785 0.5961914 0.5581055 0.5849609 0.5378418 0.5800781 0.5529785 0.5849609 0.5378418 0.5961914 0.5581055 0.6010742 0.5432129 0.5712891 0.576416 0.5673828 0.5673828 0.5610352 0.5778809 0.5712891 0.576416 0.5610352 0.5778809 0.6015625 0.5981445 0.5673828 0.5673828 0.5581055 0.5703125 0.5610352 0.5778809 0.5488281 0.5732422 0.5610352 0.5778809 0.5581055 0.5703125 0.5610352 0.5778809 0.5517578 0.5825195 0.6015625 0.5981445 0.5610352 0.5778809 0.5488281 0.5732422 0.5517578 0.5825195 0.6015625 0.5981445 0.5517578 0.5825195 0.5449219 0.5898438 0.5517578 0.5825195 0.5488281 0.5732422 0.5449219 0.5898438 0.5488281 0.5732422 0.5302734 0.5991211 0.5449219 0.5898438 0.5390625 0.5729981 0.5302734 0.5991211 0.5488281 0.5732422 0.5302734 0.5991211 0.5390625 0.5729981 0.5268555 0.5898438 0.5302734 0.5690918 0.5268555 0.5898438 0.5390625 0.5729981 0.5268555 0.5898438 0.5302734 0.5690918 0.5205078 0.5827637 0.5175781 0.5598145 0.5205078 0.5827637 0.5302734 0.5690918 0.5205078 0.5827637 0.5175781 0.5598145 0.5078125 0.5732422 0.8842774 0.328125 0.9204102 0.3671875 0.8828125 0.3671875 0.8842774 0.328125 0.918457 0.328125 0.9204102 0.3671875 0.8857422 0.284668 0.918457 0.328125 0.8842774 0.328125 0.918457 0.328125 0.8857422 0.284668 0.9169922 0.284668 0.8857422 0.284668 0.9160156 0.2446289 0.9169922 0.284668 0.9160156 0.2446289 0.8857422 0.284668 0.8867188 0.2446289 0.9121094 0.2099609 0.9150391 0.2045898 0.9160156 0.2446289 0.9072266 0.2138671 0.9121094 0.2099609 0.9160156 0.2446289 0.9013672 0.215332 0.9072266 0.2138671 0.9160156 0.2446289 0.9160156 0.2446289 0.8867188 0.2446289 0.9013672 0.215332 0.8955078 0.2138671 0.9013672 0.215332 0.8867188 0.2446289 0.8867188 0.2446289 0.890625 0.2099609 0.8955078 0.2138671 0.8867188 0.2446289 0.8876953 0.2045898 0.890625 0.2099609 0.7578125 0.4609375 0.7641602 0.4545899 0.7641602 0.4609375 0.7578125 0.4609375 0.7578125 0.4545899 0.7641602 0.4545899 0.7578125 0.4545899 0.7641602 0.4487305 0.7641602 0.4545899 0.7578125 0.4545899 0.7578125 0.4487305 0.7641602 0.4487305 0.7578125 0.4487305 0.7641602 0.4423828 0.7641602 0.4487305 0.7578125 0.4487305 0.7578125 0.4423828 0.7641602 0.4423828 0.7578125 0.4360352 0.7641602 0.4423828 0.7578125 0.4423828 0.7641602 0.4423828 0.7578125 0.4360352 0.7641602 0.4360352 0.7578125 0.4301758 0.7641602 0.4360352 0.7578125 0.4360352 0.7641602 0.4360352 0.7578125 0.4301758 0.7641602 0.4301758 0.7578125 0.4301758 0.7641602 0.4238281 0.7641602 0.4301758 0.7578125 0.4301758 0.7578125 0.4238281 0.7641602 0.4238281 0.6542969 0.1015625 0.644043 0.1015625 0.6542969 0.09716796 0.644043 0.09716796 0.6542969 0.09716796 0.644043 0.1015625 0.644043 0.1015625 0.6367188 0.1015625 0.644043 0.09716796 0.6367188 0.1015625 0.6367188 0.09716796 0.644043 0.09716796 0.6367188 0.09716796 0.6367188 0.1015625 0.6289063 0.1015625 0.6367188 0.09716796 0.6289063 0.1015625 0.6289063 0.09716796 0.621582 0.1015625 0.6289063 0.09716796 0.6289063 0.1015625 0.6289063 0.09716796 0.621582 0.1015625 0.621582 0.09716796 0.6142578 0.1015625 0.621582 0.09716796 0.621582 0.1015625 0.6142578 0.09716796 0.621582 0.09716796 0.6142578 0.1015625 0.6142578 0.1015625 0.5517578 0.09716796 0.6142578 0.09716796 0.5517578 0.09716796 0.6142578 0.1015625 0.5517578 0.1015625 0.5517578 0.1015625 0.5488281 0.09716796 0.5517578 0.09716796 0.5488281 0.09716796 0.5517578 0.1015625 0.5488281 0.1015625 0.5488281 0.1015625 0.515625 0.09716796 0.5488281 0.09716796 0.515625 0.09716796 0.5488281 0.1015625 0.515625 0.1015625 0.512207 0.1015625 0.515625 0.09716796 0.515625 0.1015625 0.512207 0.1015625 0.512207 0.09716796 0.515625 0.09716796 0.3984375 0.1015625 0.512207 0.09716796 0.512207 0.1015625 0.512207 0.09716796 0.3984375 0.1015625 0.3984375 0.09716796 0.6152344 0.5080567 0.6152344 0.3950195 0.5859375 0.5080567 0.5859375 0.5080567 0.6152344 0.3950195 0.5859375 0.3950195 0.5859375 0.3950195 0.6152344 0.3950195 0.6152344 0.3916016 0.5859375 0.3950195 0.6152344 0.3916016 0.5859375 0.3916016 0.6152344 0.3579102 0.5859375 0.3916016 0.6152344 0.3916016 0.5859375 0.3916016 0.6152344 0.3579102 0.5859375 0.3579102 0.6152344 0.3579102 0.5859375 0.3544922 0.5859375 0.3579102 0.5859375 0.3544922 0.6152344 0.3579102 0.6152344 0.3544922 0.6152344 0.2919922 0.5859375 0.3544922 0.6152344 0.3544922 0.5859375 0.3544922 0.6152344 0.2919922 0.5859375 0.2919922 0.6152344 0.2919922 0.5859375 0.2836914 0.5859375 0.2919922 0.5859375 0.2836914 0.6152344 0.2919922 0.6152344 0.2836914 0.6152344 0.2836914 0.5859375 0.2753906 0.5859375 0.2836914 0.5859375 0.2753906 0.6152344 0.2836914 0.6152344 0.2753906 0.6152344 0.2753906 0.5859375 0.2670899 0.5859375 0.2753906 0.5859375 0.2670899 0.6152344 0.2753906 0.6152344 0.2670899 0.6152344 0.2670899 0.5859375 0.2592774 0.5859375 0.2670899 0.5859375 0.2592774 0.6152344 0.2670899 0.6152344 0.2592774 0.6152344 0.2485351 0.5859375 0.2592774 0.6152344 0.2592774 0.6152344 0.2485351 0.5859375 0.2485351 0.5859375 0.2592774 0.9746094 0.3671875 0.9453125 0.2524414 0.9453125 0.3671875 0.9453125 0.2524414 0.9746094 0.3671875 0.9746094 0.2524414 0.9746094 0.2524414 0.9453125 0.2490234 0.9453125 0.2524414 0.9453125 0.2490234 0.9746094 0.2524414 0.9746094 0.2490234 0.9746094 0.2490234 0.9453125 0.2167968 0.9453125 0.2490234 0.9453125 0.2167968 0.9746094 0.2490234 0.9746094 0.2167968 0.9453125 0.2167968 0.9746094 0.2167968 0.9746094 0.2133789 0.9453125 0.2167968 0.9746094 0.2133789 0.9453125 0.2133789 0.2590332 0.1020507 0.3730469 0.1020507 0.3730469 0.09716796 0.3730469 0.09716796 0.2590332 0.09716796 0.2590332 0.1020507 0.2590332 0.09716796 0.2556152 0.1020507 0.2590332 0.1020507 0.2556152 0.1020507 0.2590332 0.09716796 0.2556152 0.09716796 0.2227783 0.09716796 0.2556152 0.1020507 0.2556152 0.09716796 0.2556152 0.1020507 0.2227783 0.09716796 0.2227783 0.1020507 0.2227783 0.1020507 0.2227783 0.09716796 0.2194824 0.09716796 0.2227783 0.1020507 0.2194824 0.09716796 0.2194824 0.1020507 0.1569824 0.09716796 0.2194824 0.1020507 0.2194824 0.09716796 0.2194824 0.1020507 0.1569824 0.09716796 0.1569824 0.1020507 0.1569824 0.09716796 0.1495361 0.1020507 0.1569824 0.1020507 0.1495361 0.1020507 0.1569824 0.09716796 0.1495361 0.09716796 0.1495361 0.09716796 0.1422119 0.1020507 0.1495361 0.1020507 0.1422119 0.1020507 0.1495361 0.09716796 0.1422119 0.09716796 0.1422119 0.09716796 0.1348876 0.1020507 0.1422119 0.1020507 0.1348876 0.1020507 0.1422119 0.09716796 0.1348876 0.09716796 0.1348876 0.09716796 0.1275634 0.1020507 0.1348876 0.1020507 0.1275634 0.1020507 0.1348876 0.09716796 0.1275634 0.09716796 0.1275634 0.09716796 0.1171875 0.1020507 0.1275634 0.1020507 0.1171875 0.1020507 0.1275634 0.09716796 0.1171875 0.09716796 0.01383209 0.1484375 0.0078125 0.1411132 0.0078125 0.1484375 0.0078125 0.1411132 0.01383209 0.1484375 0.01454925 0.1411132 0.01454925 0.1411132 0.0078125 0.1333007 0.0078125 0.1411132 0.0078125 0.1333007 0.01454925 0.1411132 0.01737976 0.1333007 0.01737976 0.1333007 0.0078125 0.1254882 0.0078125 0.1333007 0.0078125 0.1254882 0.01737976 0.1333007 0.02297973 0.1254882 0.02297973 0.1254882 0.0078125 0.1176757 0.0078125 0.1254882 0.0078125 0.1176757 0.02297973 0.1254882 0.02644348 0.1176757 0.0078125 0.1176757 0.02644348 0.1176757 0.02297973 0.1098632 0.0078125 0.1176757 0.02297973 0.1098632 0.0078125 0.1098632 0.0078125 0.1098632 0.02297973 0.1098632 0.01739501 0.1020507 0.0078125 0.1098632 0.01739501 0.1020507 0.0078125 0.1020507 0.01454925 0.09472656 0.0078125 0.1020507 0.01739501 0.1020507 0.0078125 0.1020507 0.01454925 0.09472656 0.0078125 0.09472656 0.01383209 0.08691406 0.0078125 0.09472656 0.01454925 0.09472656 0.0078125 0.09472656 0.01383209 0.08691406 0.0078125 0.08691406 0.01847839 0.6796875 0.008804321 0.673584 0.01333618 0.6782227 0.01847839 0.6796875 0.0078125 0.6672363 0.008804321 0.673584 0.0078125 0.6672363 0.01847839 0.6796875 0.02445983 0.6796875 0.008285522 0.6481934 0.0078125 0.6672363 0.02445983 0.6796875 0.02445983 0.6796875 0.05471801 0.6728516 0.008285522 0.6481934 0.05471801 0.6728516 0.09710693 0.6257324 0.008285522 0.6481934 0.07769775 0.6665039 0.09710693 0.6257324 0.05471801 0.6728516 0.07769775 0.6665039 0.08947753 0.6625977 0.09710693 0.6257324 0.0951538 0.6599121 0.09710693 0.6257324 0.08947753 0.6625977 0.09710693 0.6257324 0.0951538 0.6599121 0.1008911 0.6557617 0.09710693 0.6257324 0.1008911 0.6557617 0.1062011 0.6491699 0.1097412 0.642334 0.09710693 0.6257324 0.1062011 0.6491699 0.008972167 0.6130371 0.008285522 0.6481934 0.09710693 0.6257324 0.1097412 0.642334 0.1141357 0.6242676 0.09710693 0.6257324 0.09753417 0.5974121 0.008972167 0.6130371 0.09710693 0.6257324 0.1141357 0.6242676 0.09753417 0.5974121 0.09710693 0.6257324 0.09753417 0.5974121 0.009414672 0.5644531 0.008972167 0.6130371 0.09753417 0.5974121 0.1141357 0.6242676 0.1192016 0.598877 0.009414672 0.5644531 0.09753417 0.5974121 0.0974121 0.5644531 0.1231079 0.5698242 0.09753417 0.5974121 0.1192016 0.598877 0.09753417 0.5974121 0.1231079 0.5698242 0.0974121 0.5644531 0.1243896 0.5444336 0.0974121 0.5644531 0.1231079 0.5698242 0.0974121 0.5644531 0.1243896 0.5444336 0.0974121 0.5444336 0.1243896 0.5444336 0.0974121 0.5241699 0.0974121 0.5444336 0.1243896 0.5444336 0.1231079 0.5187988 0.0974121 0.5241699 0.1231079 0.5187988 0.09753417 0.4912109 0.0974121 0.5241699 0.09753417 0.4912109 0.1231079 0.5187988 0.1192016 0.4897461 0.09753417 0.4912109 0.009414672 0.5244141 0.0974121 0.5241699 0.1141357 0.4643555 0.09753417 0.4912109 0.1192016 0.4897461 0.009414672 0.5244141 0.09753417 0.4912109 0.008972167 0.4760742 0.09753417 0.4912109 0.1141357 0.4643555 0.09710693 0.4628906 0.09710693 0.4628906 0.008972167 0.4760742 0.09753417 0.4912109 0.1097412 0.4467774 0.09710693 0.4628906 0.1141357 0.4643555 0.1097412 0.4467774 0.1062011 0.4394531 0.09710693 0.4628906 0.09710693 0.4628906 0.1062011 0.4394531 0.1008911 0.4331055 0.09710693 0.4628906 0.1008911 0.4331055 0.0951538 0.4287109 0.09710693 0.4628906 0.0951538 0.4287109 0.08947753 0.4262695 0.08947753 0.4262695 0.07769775 0.4223633 0.09710693 0.4628906 0.09710693 0.4628906 0.07769775 0.4223633 0.05471801 0.4160156 0.008972167 0.4760742 0.09710693 0.4628906 0.008285522 0.4404297 0.008285522 0.4404297 0.09710693 0.4628906 0.05471801 0.4160156 0.05471801 0.4160156 0.02445983 0.4091797 0.008285522 0.4404297 0.0078125 0.4213867 0.008285522 0.4404297 0.02445983 0.4091797 0.02445983 0.4091797 0.01847839 0.4091797 0.0078125 0.4213867 0.01847839 0.4091797 0.008804321 0.4150391 0.0078125 0.4213867 0.01847839 0.4091797 0.01333618 0.4106445 0.008804321 0.4150391 0.6171875 0.05078125 0.6396484 0.05419921 0.6396484 0.05078125 0.6396484 0.05419921 0.6171875 0.05078125 0.6171875 0.05419921 0.6396484 0.05419921 0.6171875 0.05419921 0.6396484 0.05761718 0.6171875 0.05761718 0.6396484 0.05761718 0.6171875 0.05419921 0.6171875 0.05761718 0.6396484 0.06054687 0.6396484 0.05761718 0.6171875 0.06054687 0.6396484 0.06054687 0.6171875 0.05761718 0.6171875 0.06396484 0.6396484 0.06054687 0.6171875 0.06054687 0.6396484 0.06054687 0.6171875 0.06396484 0.6396484 0.06396484 0.6171875 0.06738281 0.6396484 0.06396484 0.6171875 0.06396484 0.6396484 0.06396484 0.6171875 0.06738281 0.6396484 0.06738281 0.6171875 0.0703125 0.6396484 0.06738281 0.6171875 0.06738281 0.6396484 0.06738281 0.6171875 0.0703125 0.6396484 0.0703125 0.7578125 0.4912109 0.769043 0.4838867 0.7578125 0.4838867 0.769043 0.4838867 0.7578125 0.4912109 0.769043 0.4912109 0.7578125 0.4985352 0.769043 0.4912109 0.7578125 0.4912109 0.769043 0.4912109 0.7578125 0.4985352 0.769043 0.4985352 0.769043 0.4985352 0.7578125 0.4985352 0.769043 0.5053711 0.7578125 0.5053711 0.769043 0.5053711 0.7578125 0.4985352 0.769043 0.5053711 0.7578125 0.5053711 0.769043 0.5126953 0.7578125 0.5126953 0.769043 0.5126953 0.7578125 0.5053711 0.7578125 0.5200195 0.769043 0.5126953 0.7578125 0.5126953 0.769043 0.5126953 0.7578125 0.5200195 0.769043 0.5200195 0.7578125 0.5270996 0.769043 0.5200195 0.7578125 0.5200195 0.769043 0.5200195 0.7578125 0.5270996 0.769043 0.5270996 0.769043 0.5270996 0.7578125 0.5270996 0.769043 0.5344238 0.769043 0.5344238 0.7578125 0.5270996 0.7578125 0.5344238 0.7578125 0.5344238 0.769043 0.5415039 0.769043 0.5344238 0.769043 0.5415039 0.7578125 0.5344238 0.7578125 0.5415039 0.7578125 0.5488281 0.769043 0.5415039 0.7578125 0.5415039 0.769043 0.5415039 0.7578125 0.5488281 0.769043 0.5488281 0.7578125 0.5559082 0.769043 0.5488281 0.7578125 0.5488281 0.769043 0.5488281 0.7578125 0.5559082 0.769043 0.5559082 0.7578125 0.5559082 0.769043 0.5632324 0.769043 0.5559082 0.769043 0.5632324 0.7578125 0.5559082 0.7578125 0.5632324 0.7578125 0.5632324 0.769043 0.5703125 0.769043 0.5632324 0.7578125 0.5632324 0.7578125 0.5703125 0.769043 0.5703125 0.0859375 0.0703125 0.09631347 0.0703125 0.0859375 0.0649414 0.09631347 0.0649414 0.0859375 0.0649414 0.09631347 0.0703125 0.1381835 0.06933593 0.09631347 0.0649414 0.09631347 0.0703125 0.09631347 0.0649414 0.1381835 0.06933593 0.1381835 0.06640625 0.1420898 0.06933593 0.1381835 0.06640625 0.1381835 0.06933593 0.1381835 0.06640625 0.1420898 0.06933593 0.1420898 0.06640625 0.1555175 0.06933593 0.1420898 0.06640625 0.1420898 0.06933593 0.1420898 0.06640625 0.1555175 0.06933593 0.1555175 0.06640625 0.1555175 0.06933593 0.1594238 0.06640625 0.1555175 0.06640625 0.1594238 0.06640625 0.1555175 0.06933593 0.1594238 0.06933593 0.1594238 0.06933593 0.2012939 0.0649414 0.1594238 0.06640625 0.1594238 0.06933593 0.2012939 0.0703125 0.2012939 0.0649414 0.2012939 0.0703125 0.2116699 0.0649414 0.2012939 0.0649414 0.2012939 0.0703125 0.2116699 0.0703125 0.2116699 0.0649414 0.7592774 0.34375 0.7954102 0.3828125 0.7578125 0.3828125 0.7954102 0.3828125 0.7592774 0.34375 0.793457 0.34375 0.7607422 0.300293 0.793457 0.34375 0.7592774 0.34375 0.793457 0.34375 0.7607422 0.300293 0.7919922 0.300293 0.7607422 0.300293 0.7910156 0.2602539 0.7919922 0.300293 0.7910156 0.2602539 0.7607422 0.300293 0.7617188 0.2602539 0.7871094 0.2255859 0.7900391 0.2202148 0.7910156 0.2602539 0.7822266 0.2294921 0.7871094 0.2255859 0.7910156 0.2602539 0.7763672 0.230957 0.7822266 0.2294921 0.7910156 0.2602539 0.7910156 0.2602539 0.7617188 0.2602539 0.7763672 0.230957 0.7705078 0.2294921 0.7763672 0.230957 0.7617188 0.2602539 0.7617188 0.2602539 0.765625 0.2255859 0.7705078 0.2294921 0.7617188 0.2602539 0.7626953 0.2202148 0.765625 0.2255859 0.8671875 0.05517578 0.8735352 0.04833984 0.8735352 0.05517578 0.8671875 0.05517578 0.8671875 0.04833984 0.8735352 0.04833984 0.8671875 0.04833984 0.8735352 0.04248046 0.8735352 0.04833984 0.8671875 0.04833984 0.8671875 0.04248046 0.8735352 0.04248046 0.8671875 0.04248046 0.8735352 0.03613281 0.8735352 0.04248046 0.8671875 0.04248046 0.8671875 0.03613281 0.8735352 0.03613281 0.8671875 0.02978515 0.8735352 0.03613281 0.8671875 0.03613281 0.8735352 0.03613281 0.8671875 0.02978515 0.8735352 0.02978515 0.8671875 0.02392578 0.8735352 0.02978515 0.8671875 0.02978515 0.8735352 0.02978515 0.8671875 0.02392578 0.8735352 0.02392578 0.8671875 0.02392578 0.8735352 0.01757812 0.8735352 0.02392578 0.8671875 0.02392578 0.8671875 0.01757812 0.8735352 0.01757812 0.6787109 0.9861679 0.6708984 0.9921875 0.6787109 0.9921875 0.6708984 0.9921875 0.6787109 0.9861679 0.6708984 0.9854508 0.6708984 0.9854508 0.6635742 0.9921875 0.6708984 0.9921875 0.6635742 0.9921875 0.6708984 0.9854508 0.6635742 0.9826202 0.6635742 0.9826202 0.6557617 0.9921875 0.6635742 0.9921875 0.6557617 0.9921875 0.6635742 0.9826202 0.6557617 0.9770203 0.6557617 0.9770203 0.6479492 0.9921875 0.6557617 0.9921875 0.6479492 0.9921875 0.6557617 0.9770203 0.6479492 0.9735565 0.6479492 0.9921875 0.6479492 0.9735565 0.6401367 0.9770203 0.6479492 0.9921875 0.6401367 0.9770203 0.6401367 0.9921875 0.6401367 0.9921875 0.6401367 0.9770203 0.6323242 0.982605 0.6401367 0.9921875 0.6323242 0.982605 0.6323242 0.9921875 0.6245117 0.9854508 0.6323242 0.9921875 0.6323242 0.982605 0.6323242 0.9921875 0.6245117 0.9854508 0.6245117 0.9921875 0.6171875 0.9861679 0.6245117 0.9921875 0.6245117 0.9854508 0.6245117 0.9921875 0.6171875 0.9861679 0.6171875 0.9921875 0.5292969 0.0390625 0.5229492 0.03271484 0.5292969 0.03271484 0.5292969 0.0390625 0.5229492 0.0390625 0.5229492 0.03271484 0.5229492 0.0390625 0.5170899 0.03271484 0.5229492 0.03271484 0.5229492 0.0390625 0.5170899 0.0390625 0.5170899 0.03271484 0.5170899 0.0390625 0.5107422 0.03271484 0.5170899 0.03271484 0.5170899 0.0390625 0.5107422 0.0390625 0.5107422 0.03271484 0.5043945 0.0390625 0.5107422 0.03271484 0.5107422 0.0390625 0.5107422 0.03271484 0.5043945 0.0390625 0.5043945 0.03271484 0.4985352 0.0390625 0.5043945 0.03271484 0.5043945 0.0390625 0.5043945 0.03271484 0.4985352 0.0390625 0.4985352 0.03271484 0.4985352 0.0390625 0.4921875 0.03271484 0.4985352 0.03271484 0.4985352 0.0390625 0.4921875 0.0390625 0.4921875 0.03271484 0.9453125 0.1953125 0.9711914 0.1850585 0.9711914 0.1953125 0.9711914 0.1850585 0.9453125 0.1953125 0.9453125 0.1850585 0.9453125 0.1850585 0.9711914 0.1748046 0.9711914 0.1850585 0.9711914 0.1748046 0.9453125 0.1850585 0.9453125 0.1748046 0.9453125 0.1748046 0.9711914 0.1645507 0.9711914 0.1748046 0.9711914 0.1645507 0.9453125 0.1748046 0.9453125 0.1645507 0.9453125 0.1542968 0.9711914 0.1645507 0.9453125 0.1645507 0.9453125 0.1542968 0.9711914 0.1542968 0.9711914 0.1645507 0.9453125 0.1542968 0.9711914 0.1440429 0.9711914 0.1542968 0.9711914 0.1440429 0.9453125 0.1542968 0.9453125 0.1440429 0.5512695 0.2890625 0.5639649 0.2631836 0.5639649 0.2890625 0.5512695 0.2890625 0.5512695 0.2631836 0.5639649 0.2631836 0.5385742 0.2890625 0.5512695 0.2631836 0.5512695 0.2890625 0.5385742 0.2890625 0.5385742 0.2631836 0.5512695 0.2631836 0.5263672 0.2890625 0.5385742 0.2631836 0.5385742 0.2890625 0.5385742 0.2631836 0.5263672 0.2890625 0.5263672 0.2631836 0.5263672 0.2631836 0.5263672 0.2890625 0.5185547 0.2763672 0.5263672 0.2631836 0.5185547 0.2763672 0.515625 0.269043 0.5185547 0.2763672 0.5263672 0.2890625 0.515625 0.2832031 0.5263672 0.2631836 0.515625 0.269043 0.5136719 0.2636719 0.515625 0.2832031 0.5263672 0.2890625 0.5136719 0.2890625 0.5136719 0.2636719 0.515625 0.269043 0.5078125 0.2666016 0.515625 0.2832031 0.5136719 0.2890625 0.5078125 0.2861328 0.5136719 0.2636719 0.5078125 0.2666016 0.5014649 0.2636719 0.5078125 0.2861328 0.5136719 0.2890625 0.5009766 0.2890625 0.5014649 0.2636719 0.5078125 0.2666016 0.4992676 0.269043 0.5009766 0.2890625 0.4992676 0.2832031 0.5078125 0.2861328 0.4946289 0.2763672 0.5014649 0.2636719 0.4992676 0.269043 0.4946289 0.2763672 0.4992676 0.2832031 0.5009766 0.2890625 0.4946289 0.2763672 0.4887695 0.2636719 0.5014649 0.2636719 0.5009766 0.2890625 0.4887695 0.2890625 0.4946289 0.2763672 0.4887695 0.2890625 0.4887695 0.2636719 0.4946289 0.2763672 0.4887695 0.2636719 0.4887695 0.2890625 0.4765625 0.2890625 0.4887695 0.2636719 0.4765625 0.2890625 0.4765625 0.2636719 0.178955 0.1582031 0.1712646 0.1640625 0.178955 0.1640625 0.1712646 0.1640625 0.178955 0.1582031 0.1712646 0.1577148 0.1712646 0.1577148 0.1635742 0.1640625 0.1712646 0.1640625 0.1635742 0.1640625 0.1712646 0.1577148 0.1635742 0.1547851 0.1635742 0.1547851 0.1557617 0.1640625 0.1635742 0.1640625 0.1557617 0.1640625 0.1635742 0.1547851 0.1557617 0.1489257 0.1557617 0.1489257 0.1480712 0.1640625 0.1557617 0.1640625 0.1480712 0.1640625 0.1557617 0.1489257 0.1480712 0.1455078 0.1480712 0.1640625 0.1480712 0.1455078 0.1403808 0.1489257 0.1480712 0.1640625 0.1403808 0.1489257 0.1403808 0.1640625 0.1403808 0.1640625 0.1403808 0.1489257 0.1325683 0.1547851 0.1403808 0.1640625 0.1325683 0.1547851 0.1325683 0.1640625 0.1325683 0.1640625 0.1325683 0.1547851 0.1248779 0.1577148 0.1325683 0.1640625 0.1248779 0.1577148 0.1248779 0.1640625 0.1171875 0.1582031 0.1248779 0.1640625 0.1248779 0.1577148 0.1248779 0.1640625 0.1171875 0.1582031 0.1171875 0.1640625 0.8217774 0.34375 0.8579102 0.3828125 0.8203125 0.3828125 0.8579102 0.3828125 0.8217774 0.34375 0.855957 0.34375 0.8232422 0.300293 0.855957 0.34375 0.8217774 0.34375 0.855957 0.34375 0.8232422 0.300293 0.8544922 0.300293 0.8232422 0.300293 0.8535156 0.2602539 0.8544922 0.300293 0.8535156 0.2602539 0.8232422 0.300293 0.8242188 0.2602539 0.8496094 0.2255859 0.8525391 0.2202148 0.8535156 0.2602539 0.8447266 0.2294921 0.8496094 0.2255859 0.8535156 0.2602539 0.8388672 0.230957 0.8447266 0.2294921 0.8535156 0.2602539 0.8535156 0.2602539 0.8242188 0.2602539 0.8388672 0.230957 0.8330078 0.2294921 0.8388672 0.230957 0.8242188 0.2602539 0.8242188 0.2602539 0.828125 0.2255859 0.8330078 0.2294921 0.8242188 0.2602539 0.8251953 0.2202148 0.828125 0.2255859 0.2424316 0.2734375 0.2486572 0.2670899 0.2486572 0.2734375 0.2424316 0.2734375 0.2424316 0.2670899 0.2486572 0.2670899 0.2424316 0.2670899 0.2486572 0.2612305 0.2486572 0.2670899 0.2424316 0.2670899 0.2423095 0.2612305 0.2486572 0.2612305 0.2423095 0.2612305 0.2486572 0.2548828 0.2486572 0.2612305 0.2423095 0.2612305 0.2421875 0.2548828 0.2486572 0.2548828 0.2423095 0.2485351 0.2486572 0.2548828 0.2421875 0.2548828 0.2486572 0.2548828 0.2423095 0.2485351 0.2486572 0.2485351 0.2424316 0.2426757 0.2486572 0.2485351 0.2423095 0.2485351 0.2486572 0.2485351 0.2424316 0.2426757 0.2486572 0.2426757 0.2424316 0.2426757 0.2486572 0.2363281 0.2486572 0.2426757 0.2424316 0.2426757 0.2424316 0.2363281 0.2486572 0.2363281 0.6328125 0.1796875 0.6586914 0.1694335 0.6586914 0.1796875 0.6586914 0.1694335 0.6328125 0.1796875 0.6328125 0.1694335 0.6328125 0.1694335 0.6586914 0.1591796 0.6586914 0.1694335 0.6586914 0.1591796 0.6328125 0.1694335 0.6328125 0.1591796 0.6328125 0.1591796 0.6586914 0.1489257 0.6586914 0.1591796 0.6586914 0.1489257 0.6328125 0.1591796 0.6328125 0.1489257 0.6586914 0.1489257 0.6328125 0.1489257 0.6328125 0.1386718 0.6586914 0.1489257 0.6328125 0.1386718 0.6586914 0.1386718 0.6328125 0.1386718 0.6586914 0.1284179 0.6586914 0.1386718 0.6586914 0.1284179 0.6328125 0.1386718 0.6328125 0.1284179 0.08276367 0.2578125 0.09527587 0.2319335 0.09527587 0.2578125 0.08276367 0.2578125 0.08276367 0.2319335 0.09527587 0.2319335 0.08276367 0.2319335 0.08276367 0.2578125 0.07025146 0.2578125 0.07025146 0.2578125 0.07025146 0.2319335 0.08276367 0.2319335 0.07025146 0.2319335 0.07025146 0.2578125 0.05780029 0.2319335 0.05780029 0.2578125 0.05780029 0.2319335 0.07025146 0.2578125 0.05780029 0.2319335 0.05780029 0.2578125 0.04995727 0.2451171 0.05780029 0.2319335 0.04995727 0.2451171 0.04699707 0.2377929 0.04995727 0.2451171 0.05780029 0.2578125 0.04696655 0.2519531 0.05780029 0.2319335 0.04699707 0.2377929 0.04513549 0.2324218 0.04696655 0.2519531 0.05780029 0.2578125 0.04507446 0.2578125 0.04513549 0.2324218 0.04699707 0.2377929 0.03942871 0.2353515 0.04696655 0.2519531 0.04507446 0.2578125 0.03936767 0.2548828 0.04513549 0.2324218 0.03942871 0.2353515 0.03271484 0.2324218 0.04507446 0.2578125 0.03262329 0.2578125 0.03936767 0.2548828 0.03271484 0.2324218 0.03942871 0.2353515 0.03060913 0.2377929 0.03056335 0.2519531 0.03936767 0.2548828 0.03262329 0.2578125 0.02609252 0.2451171 0.03271484 0.2324218 0.03060913 0.2377929 0.02609252 0.2451171 0.03056335 0.2519531 0.03262329 0.2578125 0.02609252 0.2451171 0.02017211 0.2324218 0.03271484 0.2324218 0.03262329 0.2578125 0.02005004 0.2578125 0.02609252 0.2451171 0.02005004 0.2578125 0.02017211 0.2324218 0.02609252 0.2451171 0.02005004 0.2578125 0.0078125 0.2578125 0.02017211 0.2324218 0.02017211 0.2324218 0.0078125 0.2578125 0.007919311 0.2324218 0.7412109 0.1269531 0.7333984 0.1328125 0.7412109 0.1328125 0.7333984 0.1328125 0.7412109 0.1269531 0.7333984 0.1264648 0.7333984 0.1264648 0.7260742 0.1328125 0.7333984 0.1328125 0.7260742 0.1328125 0.7333984 0.1264648 0.7260742 0.1235351 0.7260742 0.1235351 0.7182617 0.1328125 0.7260742 0.1328125 0.7182617 0.1328125 0.7260742 0.1235351 0.7182617 0.1176757 0.7182617 0.1176757 0.7104492 0.1328125 0.7182617 0.1328125 0.7104492 0.1328125 0.7182617 0.1176757 0.7104492 0.1142578 0.7104492 0.1328125 0.7104492 0.1142578 0.7026367 0.1176757 0.7104492 0.1328125 0.7026367 0.1176757 0.7026367 0.1328125 0.7026367 0.1328125 0.7026367 0.1176757 0.6948242 0.1235351 0.7026367 0.1328125 0.6948242 0.1235351 0.6948242 0.1328125 0.6948242 0.1328125 0.6948242 0.1235351 0.6870117 0.1264648 0.6948242 0.1328125 0.6870117 0.1264648 0.6870117 0.1328125 0.6796875 0.1269531 0.6870117 0.1328125 0.6870117 0.1264648 0.6870117 0.1328125 0.6796875 0.1269531 0.6796875 0.1328125 0.6953125 0.3671875 0.6967774 0.328125 0.7329102 0.3671875 0.7329102 0.3671875 0.6967774 0.328125 0.730957 0.328125 0.6982422 0.284668 0.730957 0.328125 0.6967774 0.328125 0.730957 0.328125 0.6982422 0.284668 0.7294922 0.284668 0.6982422 0.284668 0.7285156 0.2446289 0.7294922 0.284668 0.7285156 0.2446289 0.6982422 0.284668 0.6992188 0.2446289 0.7246094 0.2099609 0.7275391 0.2045898 0.7285156 0.2446289 0.7197266 0.2138671 0.7246094 0.2099609 0.7285156 0.2446289 0.7138672 0.215332 0.7197266 0.2138671 0.7285156 0.2446289 0.7285156 0.2446289 0.6992188 0.2446289 0.7138672 0.215332 0.7080078 0.2138671 0.7138672 0.215332 0.6992188 0.2446289 0.6992188 0.2446289 0.703125 0.2099609 0.7080078 0.2138671 0.6992188 0.2446289 0.7001953 0.2045898 0.703125 0.2099609 0.5292969 0.5388184 0.5229492 0.5327149 0.5292969 0.5327149 0.5292969 0.5388184 0.5229492 0.5388184 0.5229492 0.5327149 0.5229492 0.5388184 0.5170899 0.5327149 0.5229492 0.5327149 0.5229492 0.5388184 0.5170899 0.5390625 0.5170899 0.5327149 0.5170899 0.5390625 0.5107422 0.5327149 0.5170899 0.5327149 0.5170899 0.5390625 0.5107422 0.5390625 0.5107422 0.5327149 0.5043945 0.5390625 0.5107422 0.5327149 0.5107422 0.5390625 0.5107422 0.5327149 0.5043945 0.5390625 0.5043945 0.5327149 0.4985352 0.5388184 0.5043945 0.5327149 0.5043945 0.5390625 0.5043945 0.5327149 0.4985352 0.5388184 0.4985352 0.5327149 0.4985352 0.5388184 0.4921875 0.5327149 0.4985352 0.5327149 0.4985352 0.5388184 0.4921875 0.5388184 0.4921875 0.5327149 0.8193359 0.1269531 0.8115234 0.1328125 0.8193359 0.1328125 0.8115234 0.1328125 0.8193359 0.1269531 0.8115234 0.1264648 0.8115234 0.1264648 0.8041992 0.1328125 0.8115234 0.1328125 0.8041992 0.1328125 0.8115234 0.1264648 0.8041992 0.1235351 0.8041992 0.1235351 0.7963867 0.1328125 0.8041992 0.1328125 0.7963867 0.1328125 0.8041992 0.1235351 0.7963867 0.1176757 0.7963867 0.1176757 0.7885742 0.1328125 0.7963867 0.1328125 0.7885742 0.1328125 0.7963867 0.1176757 0.7885742 0.1142578 0.7885742 0.1328125 0.7885742 0.1142578 0.7807617 0.1176757 0.7885742 0.1328125 0.7807617 0.1176757 0.7807617 0.1328125 0.7807617 0.1328125 0.7807617 0.1176757 0.7729492 0.1235351 0.7807617 0.1328125 0.7729492 0.1235351 0.7729492 0.1328125 0.7651367 0.1264648 0.7729492 0.1328125 0.7729492 0.1235351 0.7729492 0.1328125 0.7651367 0.1264648 0.7651367 0.1328125 0.7578125 0.1269531 0.7651367 0.1328125 0.7651367 0.1264648 0.7651367 0.1328125 0.7578125 0.1269531 0.7578125 0.1328125 0.8828125 0.1367187 0.8828125 0.125 0.90625 0.125 0.90625 0.1367187 0.8828125 0.1367187 0.90625 0.125 0.90625 0.168457 0.8828125 0.1367187 0.90625 0.1367187 0.8828125 0.1367187 0.90625 0.168457 0.8828125 0.168457 0.90625 0.168457 0.8828125 0.1801757 0.8828125 0.168457 0.90625 0.1801757 0.8828125 0.1801757 0.90625 0.168457 0.1329345 0.4384766 0.1331787 0.4301758 0.1383056 0.4448242 0.1383056 0.4448242 0.1331787 0.4301758 0.1358642 0.4257813 0.1358642 0.4257813 0.1418457 0.4228516 0.1383056 0.4448242 0.1553955 0.4453125 0.1383056 0.4448242 0.1418457 0.4228516 0.1553955 0.4453125 0.1418457 0.4228516 0.1564941 0.3828125 0.1566162 0.362793 0.1564941 0.3828125 0.1418457 0.4228516 0.1566162 0.362793 0.1418457 0.4228516 0.1416015 0.3232422 0.1553955 0.4453125 0.1564941 0.3828125 0.1652832 0.3935547 0.1416015 0.3232422 0.1552734 0.300293 0.1566162 0.362793 0.1553955 0.4453125 0.1652832 0.3935547 0.1696777 0.3979492 0.1696777 0.3979492 0.1690673 0.4453125 0.1553955 0.4453125 0.1380615 0.3007813 0.1552734 0.300293 0.1416015 0.3232422 0.1416015 0.3232422 0.1357421 0.3198242 0.1380615 0.3007813 0.1357421 0.3198242 0.1329345 0.315918 0.1380615 0.3007813 0.1329345 0.315918 0.1328125 0.3071289 0.1380615 0.3007813 0.2160644 0.3974609 0.1690673 0.4453125 0.1696777 0.3979492 0.1690673 0.4453125 0.2160644 0.3974609 0.2156982 0.4453125 0.2160644 0.3974609 0.2294921 0.4453125 0.2156982 0.4453125 0.1696777 0.3979492 0.2204589 0.3930664 0.2160644 0.3974609 0.2294921 0.4453125 0.2160644 0.3974609 0.2204589 0.3930664 0.1652832 0.3935547 0.2204589 0.3930664 0.1696777 0.3979492 0.2203369 0.3520508 0.2294921 0.4453125 0.2204589 0.3930664 0.2204589 0.3930664 0.1652832 0.3935547 0.1734619 0.3828125 0.2204589 0.3930664 0.1734619 0.3632813 0.2203369 0.3520508 0.2204589 0.3930664 0.1734619 0.3828125 0.1734619 0.3632813 0.1652832 0.3935547 0.1652832 0.3837891 0.1734619 0.3828125 0.1652832 0.3837891 0.1652832 0.3935547 0.1564941 0.3828125 0.1734619 0.3828125 0.1652832 0.3837891 0.1679687 0.3754883 0.1623535 0.3759766 0.1652832 0.3837891 0.1564941 0.3828125 0.1652832 0.3837891 0.1623535 0.3759766 0.1679687 0.3754883 0.1564941 0.3828125 0.1566162 0.362793 0.1623535 0.3759766 0.1678466 0.3701172 0.1734619 0.3828125 0.1679687 0.3754883 0.1623535 0.3759766 0.1678466 0.3701172 0.1679687 0.3754883 0.1734619 0.3632813 0.1734619 0.3828125 0.1678466 0.3701172 0.1678466 0.3701172 0.1623535 0.3759766 0.1623535 0.3701172 0.1623535 0.3759766 0.1566162 0.362793 0.1623535 0.3701172 0.1623535 0.3701172 0.1652832 0.3623047 0.1678466 0.3701172 0.1623535 0.3701172 0.1566162 0.362793 0.1652832 0.3623047 0.1652832 0.3623047 0.1734619 0.3632813 0.1678466 0.3701172 0.1566162 0.362793 0.1652832 0.3525391 0.1652832 0.3623047 0.1652832 0.3623047 0.1652832 0.3525391 0.1734619 0.3632813 0.1652832 0.3525391 0.1566162 0.362793 0.1552734 0.300293 0.1652832 0.3525391 0.2203369 0.3520508 0.1734619 0.3632813 0.1652832 0.3525391 0.1552734 0.300293 0.1696777 0.3476563 0.2203369 0.3520508 0.1652832 0.3525391 0.1696777 0.3476563 0.1696777 0.3476563 0.1552734 0.300293 0.1690673 0.300293 0.1696777 0.3476563 0.1690673 0.300293 0.2158203 0.2998047 0.2159423 0.3476563 0.1696777 0.3476563 0.2158203 0.2998047 0.2203369 0.3520508 0.1696777 0.3476563 0.2159423 0.3476563 0.2296142 0.2998047 0.2159423 0.3476563 0.2158203 0.2998047 0.2159423 0.3476563 0.2296142 0.2998047 0.2203369 0.3520508 0.2294921 0.4453125 0.2203369 0.3520508 0.2296142 0.2998047 0.2294921 0.4453125 0.2296142 0.2998047 0.2440185 0.4223633 0.2471923 0.4453125 0.2294921 0.4453125 0.2440185 0.4223633 0.2440185 0.4223633 0.2296142 0.2998047 0.2441406 0.3227539 0.2440185 0.4223633 0.25 0.4257813 0.2471923 0.4453125 0.2441406 0.3227539 0.2296142 0.2998047 0.2473144 0.2998047 0.25 0.4257813 0.2529297 0.4301758 0.2471923 0.4453125 0.2529297 0.4301758 0.2529297 0.4394531 0.2471923 0.4453125 0.2473144 0.2998047 0.2502442 0.3193359 0.2441406 0.3227539 0.2529297 0.3149414 0.2502442 0.3193359 0.2473144 0.2998047 0.2473144 0.2998047 0.2529297 0.3061524 0.2529297 0.3149414 0.4887695 0.2167968 0.4765625 0.2421875 0.4765625 0.2167968 0.4765625 0.2421875 0.4887695 0.2167968 0.4887695 0.2421875 0.4887695 0.2421875 0.4887695 0.2167968 0.4946289 0.2294921 0.5009766 0.2421875 0.4887695 0.2421875 0.4946289 0.2294921 0.4946289 0.2294921 0.4887695 0.2167968 0.5014649 0.2167968 0.4946289 0.2294921 0.4992676 0.2363281 0.5009766 0.2421875 0.4946289 0.2294921 0.5014649 0.2167968 0.4992676 0.2221679 0.4992676 0.2363281 0.5078125 0.2392578 0.5009766 0.2421875 0.5014649 0.2167968 0.5078125 0.2197265 0.4992676 0.2221679 0.5136719 0.2421875 0.5009766 0.2421875 0.5078125 0.2392578 0.5136719 0.2167968 0.5078125 0.2197265 0.5014649 0.2167968 0.515625 0.2363281 0.5136719 0.2421875 0.5078125 0.2392578 0.5136719 0.2167968 0.515625 0.2221679 0.5078125 0.2197265 0.515625 0.2363281 0.5263672 0.2421875 0.5136719 0.2421875 0.5263672 0.2163085 0.515625 0.2221679 0.5136719 0.2167968 0.5185547 0.2294921 0.5263672 0.2421875 0.515625 0.2363281 0.5263672 0.2163085 0.5185547 0.2294921 0.515625 0.2221679 0.5263672 0.2163085 0.5263672 0.2421875 0.5185547 0.2294921 0.5385742 0.2163085 0.5263672 0.2421875 0.5263672 0.2163085 0.5263672 0.2421875 0.5385742 0.2163085 0.5385742 0.2421875 0.5385742 0.2163085 0.5512695 0.2421875 0.5385742 0.2421875 0.5512695 0.2421875 0.5385742 0.2163085 0.5512695 0.2163085 0.5512695 0.2421875 0.5512695 0.2163085 0.5639649 0.2163085 0.5512695 0.2421875 0.5639649 0.2163085 0.5639649 0.2421875 0.7255859 0.1591796 0.7231445 0.1752929 0.7255859 0.1723632 0.7231445 0.1752929 0.7255859 0.1591796 0.7231445 0.15625 0.6821289 0.1655273 0.7231445 0.1752929 0.7231445 0.15625 0.6811524 0.1796875 0.7231445 0.1752929 0.6821289 0.1655273 0.6796875 0.1699218 0.6811524 0.1796875 0.6821289 0.1655273 0.6821289 0.1655273 0.7231445 0.15625 0.6811524 0.1513671 0.6796875 0.161621 0.6821289 0.1655273 0.6811524 0.1513671 0.8789063 0.6328125 0.8789063 0.6230469 0.8745117 0.6252442 0.8789063 0.6328125 0.8745117 0.6252442 0.875 0.6328125 0.875 0.6328125 0.8745117 0.6252442 0.8691406 0.6328125 0.8745117 0.6252442 0.8691406 0.6252442 0.8691406 0.6328125 0.8691406 0.6252442 0.8652344 0.6328125 0.8691406 0.6328125 0.8652344 0.6328125 0.8691406 0.6252442 0.8652344 0.6230469 0.8608399 0.6252442 0.8652344 0.6328125 0.8652344 0.6230469 0.8652344 0.6328125 0.8608399 0.6252442 0.8608399 0.6328125 0.8554688 0.6252442 0.8608399 0.6328125 0.8608399 0.6252442 0.8554688 0.6328125 0.8608399 0.6328125 0.8554688 0.6252442 0.8554688 0.6252442 0.8515625 0.6328125 0.8554688 0.6328125 0.8515625 0.6328125 0.8554688 0.6252442 0.8515625 0.6230469 0.2810059 0.9904862 0.2770996 0.9832916 0.2810059 0.9849854 0.2770996 0.9921875 0.2770996 0.9832916 0.2810059 0.9904862 0.2734375 0.9904862 0.2770996 0.9832916 0.2770996 0.9921875 0.2770996 0.9832916 0.2734375 0.9904862 0.2734375 0.9849854 0.640625 0.6674805 0.6245117 0.6650391 0.6376953 0.6650391 0.640625 0.6674805 0.621582 0.6674805 0.6245117 0.6650391 0.6313477 0.7084961 0.621582 0.6674805 0.640625 0.6674805 0.6313477 0.7084961 0.640625 0.6674805 0.6455078 0.7092285 0.6352539 0.7109375 0.6313477 0.7084961 0.6455078 0.7092285 0.6171875 0.7092285 0.621582 0.6674805 0.6313477 0.7084961 0.6269531 0.7109375 0.6171875 0.7092285 0.6313477 0.7084961 0.3151856 0.1796875 0.2890625 0.1796875 0.2890625 0.1694335 0.3151856 0.1796875 0.2890625 0.1694335 0.3151856 0.1694335 0.2890625 0.1694335 0.3151856 0.1591796 0.3151856 0.1694335 0.3151856 0.1591796 0.2890625 0.1694335 0.2890625 0.1591796 0.2890625 0.1591796 0.3151856 0.1489257 0.3151856 0.1591796 0.3151856 0.1489257 0.2890625 0.1591796 0.2890625 0.1489257 0.2890625 0.1386718 0.3151856 0.1489257 0.2890625 0.1489257 0.3151856 0.1489257 0.2890625 0.1386718 0.3151856 0.1386718 0.2890625 0.1386718 0.3151856 0.1284179 0.3151856 0.1386718 0.3151856 0.1284179 0.2890625 0.1386718 0.2890625 0.1284179 0.4553223 0.2456054 0.4299317 0.2329101 0.4553223 0.2333984 0.4553223 0.2456054 0.4299317 0.2451171 0.4299317 0.2329101 0.4299317 0.2451171 0.4553223 0.2456054 0.442627 0.2514649 0.4299317 0.2578125 0.4299317 0.2451171 0.442627 0.2514649 0.442627 0.2514649 0.4553223 0.2456054 0.4553223 0.2578125 0.442627 0.2514649 0.435791 0.2558594 0.4299317 0.2578125 0.442627 0.2514649 0.4553223 0.2578125 0.449707 0.2558594 0.435791 0.2558594 0.4326172 0.2646484 0.4299317 0.2578125 0.4553223 0.2578125 0.4523926 0.2646484 0.449707 0.2558594 0.4296875 0.2705078 0.4299317 0.2578125 0.4326172 0.2646484 0.4553223 0.2705078 0.4523926 0.2646484 0.4553223 0.2578125 0.4355469 0.2724609 0.4296875 0.2705078 0.4326172 0.2646484 0.4553223 0.2705078 0.449707 0.2724609 0.4523926 0.2646484 0.4355469 0.2724609 0.4296875 0.2832031 0.4296875 0.2705078 0.4555664 0.2832031 0.449707 0.2724609 0.4553223 0.2705078 0.442627 0.2753906 0.4296875 0.2832031 0.4355469 0.2724609 0.4555664 0.2832031 0.442627 0.2753906 0.449707 0.2724609 0.4555664 0.2832031 0.4296875 0.2832031 0.442627 0.2753906 0.4555664 0.2954102 0.4296875 0.2832031 0.4555664 0.2832031 0.4296875 0.2832031 0.4555664 0.2954102 0.4296875 0.2954102 0.4555664 0.2954102 0.4296875 0.3081055 0.4296875 0.2954102 0.4296875 0.3081055 0.4555664 0.2954102 0.4555664 0.3081055 0.4296875 0.3081055 0.4555664 0.3081055 0.4555664 0.3203125 0.4296875 0.3081055 0.4555664 0.3203125 0.4296875 0.3203125 0.1451416 0.2480468 0.1328125 0.2734375 0.1328125 0.2480468 0.1450195 0.2734375 0.1328125 0.2734375 0.1451416 0.2480468 0.1450195 0.2734375 0.1451416 0.2480468 0.1510009 0.2607422 0.1575927 0.2734375 0.1450195 0.2734375 0.1510009 0.2607422 0.1510009 0.2607422 0.1451416 0.2480468 0.1577148 0.2480468 0.1510009 0.2607422 0.1555175 0.2675781 0.1575927 0.2734375 0.1510009 0.2607422 0.1577148 0.2480468 0.1555175 0.253418 0.1643066 0.2705078 0.1575927 0.2734375 0.1555175 0.2675781 0.1577148 0.2480468 0.1644287 0.2509766 0.1555175 0.253418 0.1700439 0.2734375 0.1575927 0.2734375 0.1643066 0.2705078 0.1700439 0.2480468 0.1644287 0.2509766 0.1577148 0.2480468 0.171875 0.2675781 0.1700439 0.2734375 0.1643066 0.2705078 0.1700439 0.2480468 0.171997 0.253418 0.1644287 0.2509766 0.171875 0.2675781 0.1827392 0.2734375 0.1700439 0.2734375 0.1827392 0.2475585 0.171997 0.253418 0.1700439 0.2480468 0.1749267 0.2607422 0.1827392 0.2734375 0.171875 0.2675781 0.1827392 0.2475585 0.1749267 0.2607422 0.171997 0.253418 0.1827392 0.2475585 0.1827392 0.2734375 0.1749267 0.2607422 0.1827392 0.2475585 0.1951904 0.2734375 0.1827392 0.2734375 0.1951904 0.2734375 0.1827392 0.2475585 0.1951904 0.2475585 0.1951904 0.2475585 0.2077636 0.2734375 0.1951904 0.2734375 0.2077636 0.2734375 0.1951904 0.2475585 0.2077636 0.2475585 0.2077636 0.2734375 0.2077636 0.2475585 0.2202148 0.2475585 0.2077636 0.2734375 0.2202148 0.2475585 0.2202148 0.2734375 0.9609375 0.3930664 0.9746094 0.402832 0.9863281 0.4389649 0.9609375 0.3930664 0.9863281 0.4389649 0.9506836 0.4765625 0.9863281 0.4389649 0.980957 0.4545899 0.9506836 0.4765625 0.9506836 0.4765625 0.9233399 0.3930664 0.9609375 0.3930664 0.909668 0.402832 0.9233399 0.3930664 0.9506836 0.4765625 0.9506836 0.4765625 0.8984375 0.4389649 0.909668 0.402832 0.9033203 0.4545899 0.8984375 0.4389649 0.9506836 0.4765625 0.9506836 0.4765625 0.9335938 0.4765625 0.9033203 0.4545899 0.4914551 0.1826171 0.4875488 0.1816406 0.4914551 0.1699218 0.4875488 0.1816406 0.4682617 0.1762695 0.4914551 0.1699218 0.4682617 0.1762695 0.4875488 0.1816406 0.4824219 0.1904296 0.4853516 0.1591796 0.4914551 0.1699218 0.4682617 0.1762695 0.4824219 0.1904296 0.4736328 0.1953125 0.4682617 0.1762695 0.4746094 0.1533203 0.4853516 0.1591796 0.4682617 0.1762695 0.4682617 0.1762695 0.4736328 0.1953125 0.4631348 0.1953125 0.4621582 0.1533203 0.4746094 0.1533203 0.4682617 0.1762695 0.4682617 0.1762695 0.4631348 0.1953125 0.4543457 0.1904296 0.4682617 0.1762695 0.451416 0.1591796 0.4621582 0.1533203 0.4682617 0.1762695 0.4543457 0.1904296 0.4492188 0.1816406 0.4453125 0.1699218 0.451416 0.1591796 0.4682617 0.1762695 0.4453125 0.1699218 0.4682617 0.1762695 0.4492188 0.1816406 0.4453125 0.1826171 0.4453125 0.1699218 0.4492188 0.1816406 0.03613281 0.1689453 0.03720092 0.165039 0.02476501 0.165039 0.0309906 0.1879882 0.03613281 0.1689453 0.02476501 0.165039 0.04501342 0.1738281 0.03613281 0.1689453 0.0309906 0.1879882 0.02476501 0.165039 0.01402282 0.1708984 0.0309906 0.1879882 0.04501342 0.1738281 0.0309906 0.1879882 0.05017089 0.1831054 0.01402282 0.1708984 0.0078125 0.1816406 0.0309906 0.1879882 0.05017089 0.1933593 0.05017089 0.1831054 0.0309906 0.1879882 0.0078125 0.1816406 0.0078125 0.1943359 0.0309906 0.1879882 0.04501342 0.2021484 0.05017089 0.1933593 0.0309906 0.1879882 0.0078125 0.1943359 0.01402282 0.2050781 0.0309906 0.1879882 0.03613281 0.2070312 0.04501342 0.2021484 0.0309906 0.1879882 0.01402282 0.2050781 0.02476501 0.2109375 0.0309906 0.1879882 0.02476501 0.2109375 0.03613281 0.2070312 0.0309906 0.1879882 0.02476501 0.2109375 0.03720092 0.2109375 0.03613281 0.2070312 0.8481445 0.6555176 0.8393555 0.6652832 0.8564453 0.6582031 0.8393555 0.6652832 0.8481445 0.6555176 0.8305664 0.6625977 0.8393555 0.6652832 0.8305664 0.6625977 0.8334961 0.6755371 0.8398438 0.6516113 0.8305664 0.6625977 0.8481445 0.6555176 0.8305664 0.6625977 0.8256836 0.6708984 0.8334961 0.6755371 0.8305664 0.6625977 0.8398438 0.6516113 0.8227539 0.6594238 0.8305664 0.6625977 0.8227539 0.6594238 0.8256836 0.6708984 0.8339844 0.6477051 0.8227539 0.6594238 0.8398438 0.6516113 0.8256836 0.6708984 0.8286133 0.6809082 0.8334961 0.6755371 0.8227539 0.6594238 0.8339844 0.6477051 0.8168945 0.6564942 0.8286133 0.644043 0.8168945 0.6564942 0.8339844 0.6477051 0.8227539 0.6594238 0.8178711 0.6667481 0.8256836 0.6708984 0.8178711 0.6667481 0.8227539 0.6594238 0.8168945 0.6564942 0.8286133 0.6809082 0.8256836 0.6708984 0.8212891 0.6755371 0.8178711 0.6667481 0.8212891 0.6755371 0.8256836 0.6708984 0.8168945 0.6564942 0.8286133 0.644043 0.8110352 0.6535645 0.8188477 0.6362305 0.8110352 0.6535645 0.8286133 0.644043 0.8168945 0.6564942 0.8125 0.6643067 0.8178711 0.6667481 0.8125 0.6643067 0.8168945 0.6564942 0.8110352 0.6535645 0.8212891 0.6755371 0.8178711 0.6667481 0.8144531 0.6708984 0.8125 0.6643067 0.8144531 0.6708984 0.8178711 0.6667481 0.815918 0.6816406 0.8286133 0.6809082 0.8212891 0.6755371 0.8286133 0.6809082 0.815918 0.6816406 0.8212891 0.6875 0.8081055 0.6911621 0.8212891 0.6875 0.815918 0.6816406 0.8212891 0.6755371 0.8100586 0.677002 0.815918 0.6816406 0.8100586 0.677002 0.8212891 0.6755371 0.8144531 0.6708984 0.8100586 0.677002 0.8081055 0.6911621 0.815918 0.6816406 0.8144531 0.6708984 0.8125 0.6643067 0.809082 0.6687012 0.809082 0.6687012 0.8100586 0.677002 0.8144531 0.6708984 0.8110352 0.6535645 0.8056641 0.661377 0.8125 0.6643067 0.8125 0.6643067 0.8056641 0.661377 0.809082 0.6687012 0.8110352 0.6535645 0.8188477 0.6362305 0.7998047 0.6481934 0.7998047 0.6481934 0.8056641 0.661377 0.8110352 0.6535645 0.7978516 0.6225586 0.7998047 0.6481934 0.8188477 0.6362305 0.809082 0.6687012 0.8017578 0.6738281 0.8100586 0.677002 0.8017578 0.6738281 0.8081055 0.6911621 0.8100586 0.677002 0.7998047 0.6481934 0.7978516 0.6225586 0.7763672 0.6379395 0.769043 0.6071777 0.7763672 0.6379395 0.7978516 0.6225586 0.8017578 0.6738281 0.809082 0.6687012 0.8032227 0.6665039 0.809082 0.6687012 0.8056641 0.661377 0.8032227 0.6665039 0.8056641 0.661377 0.7998047 0.6481934 0.7949219 0.6574707 0.8056641 0.661377 0.7949219 0.6574707 0.8032227 0.6665039 0.7998047 0.6481934 0.7763672 0.6379395 0.7949219 0.6574707 0.8032227 0.6665039 0.7890625 0.6699219 0.8017578 0.6738281 0.7890625 0.6699219 0.8081055 0.6911621 0.8017578 0.6738281 0.7949219 0.6574707 0.7915039 0.6625977 0.8032227 0.6665039 0.7890625 0.6699219 0.8032227 0.6665039 0.7915039 0.6625977 0.7763672 0.6379395 0.7719727 0.6486817 0.7949219 0.6574707 0.7719727 0.6486817 0.7915039 0.6625977 0.7949219 0.6574707 0.7763672 0.6379395 0.769043 0.6071777 0.7456055 0.6259766 0.7456055 0.6259766 0.7719727 0.6486817 0.7763672 0.6379395 0.7636719 0.6040039 0.7456055 0.6259766 0.769043 0.6071777 0.7915039 0.6625977 0.7719727 0.6486817 0.7695313 0.6552734 0.7456055 0.6259766 0.7636719 0.6040039 0.7392578 0.6235352 0.7597656 0.6000977 0.7392578 0.6235352 0.7636719 0.6040039 0.7392578 0.6235352 0.7597656 0.6000977 0.734375 0.6201172 0.7280274 0.6335449 0.7392578 0.6235352 0.734375 0.6201172 0.7719727 0.6486817 0.7456055 0.6259766 0.7402344 0.6376953 0.7392578 0.6235352 0.7402344 0.6376953 0.7456055 0.6259766 0.7392578 0.6235352 0.7280274 0.6335449 0.7338867 0.6354981 0.7402344 0.6376953 0.7392578 0.6235352 0.7338867 0.6354981 0.7294922 0.6435547 0.7338867 0.6354981 0.7280274 0.6335449 0.7397461 0.6452637 0.7719727 0.6486817 0.7402344 0.6376953 0.7719727 0.6486817 0.7397461 0.6452637 0.7695313 0.6552734 0.734375 0.644043 0.7402344 0.6376953 0.7338867 0.6354981 0.7338867 0.6354981 0.7294922 0.6435547 0.734375 0.644043 0.7402344 0.6376953 0.734375 0.644043 0.7397461 0.6452637 0.7333984 0.6542969 0.734375 0.644043 0.7294922 0.6435547 0.7333984 0.6542969 0.7397461 0.6452637 0.734375 0.644043 0.7431641 0.6547852 0.7695313 0.6552734 0.7397461 0.6452637 0.7397461 0.6452637 0.7333984 0.6542969 0.7431641 0.6547852 0.7695313 0.6552734 0.7431641 0.6547852 0.769043 0.6630859 0.769043 0.6630859 0.7915039 0.6625977 0.7695313 0.6552734 0.7915039 0.6625977 0.769043 0.6630859 0.7890625 0.6699219 0.7431641 0.6708984 0.769043 0.6630859 0.7431641 0.6547852 0.7431641 0.6708984 0.7431641 0.6547852 0.7333984 0.6542969 0.7739258 0.6823731 0.7890625 0.6699219 0.769043 0.6630859 0.769043 0.6630859 0.7431641 0.6708984 0.7739258 0.6823731 0.7890625 0.6699219 0.7739258 0.6823731 0.8081055 0.6911621 0.7294922 0.6633301 0.7431641 0.6708984 0.7333984 0.6542969 0.7763672 0.7006836 0.8081055 0.6911621 0.7739258 0.6823731 0.7436524 0.6901856 0.7739258 0.6823731 0.7431641 0.6708984 0.7739258 0.6823731 0.7436524 0.6901856 0.7763672 0.7006836 0.7275391 0.6838379 0.7431641 0.6708984 0.7294922 0.6633301 0.7431641 0.6708984 0.7275391 0.6838379 0.7436524 0.6901856 0.8081055 0.6911621 0.7763672 0.7006836 0.8120117 0.7084961 0.8120117 0.7084961 0.8208008 0.6906738 0.8081055 0.6911621 0.7436524 0.723877 0.7763672 0.7006836 0.7436524 0.6901856 0.8208008 0.6906738 0.8120117 0.7084961 0.8251953 0.7087402 0.7792969 0.7299805 0.8120117 0.7084961 0.7763672 0.7006836 0.7763672 0.7006836 0.7436524 0.723877 0.7792969 0.7299805 0.8168945 0.7355957 0.8251953 0.7087402 0.8120117 0.7084961 0.8120117 0.7084961 0.7792969 0.7299805 0.8168945 0.7355957 0.8339844 0.7077637 0.8208008 0.6906738 0.8251953 0.7087402 0.8208008 0.6906738 0.8339844 0.7077637 0.8291016 0.6875 0.8339844 0.7077637 0.8359375 0.6860352 0.8291016 0.6875 0.8251953 0.7087402 0.8168945 0.7355957 0.8305664 0.736084 0.8305664 0.736084 0.8339844 0.7077637 0.8251953 0.7087402 0.8359375 0.6860352 0.8339844 0.7077637 0.8413086 0.7070313 0.8359375 0.6860352 0.8413086 0.7070313 0.8466797 0.6845703 0.8339844 0.7077637 0.8305664 0.736084 0.8398438 0.736084 0.8398438 0.736084 0.8413086 0.7070313 0.8339844 0.7077637 0.8515625 0.7053223 0.8466797 0.6845703 0.8413086 0.7070313 0.8515625 0.7053223 0.859375 0.6967774 0.8466797 0.6845703 0.859375 0.6967774 0.8515625 0.7053223 0.8623047 0.7150879 0.8466797 0.7355957 0.8515625 0.7053223 0.8413086 0.7070313 0.8413086 0.7070313 0.8398438 0.736084 0.8466797 0.7355957 0.8569336 0.734375 0.8623047 0.7150879 0.8515625 0.7053223 0.8515625 0.7053223 0.8466797 0.7355957 0.8569336 0.734375 0.8623047 0.7150879 0.8569336 0.734375 0.8662109 0.7409668 0.8608399 0.767334 0.8662109 0.7409668 0.8569336 0.734375 0.8662109 0.7409668 0.8608399 0.767334 0.8681641 0.7702637 0.8466797 0.7355957 0.8505859 0.7681885 0.8569336 0.734375 0.8608399 0.767334 0.8569336 0.734375 0.8505859 0.7681885 0.8618164 0.7961426 0.8681641 0.7702637 0.8608399 0.767334 0.8505859 0.7681885 0.8618164 0.7961426 0.8608399 0.767334 0.8681641 0.7702637 0.8618164 0.7961426 0.8691406 0.7961426 0.8681641 0.8220215 0.8691406 0.7961426 0.8618164 0.7961426 0.8466797 0.7355957 0.8432617 0.7683106 0.8505859 0.7681885 0.8432617 0.7683106 0.8466797 0.7355957 0.8398438 0.736084 0.8618164 0.7961426 0.8608399 0.8250733 0.8681641 0.8220215 0.8608399 0.8250733 0.8662109 0.8514404 0.8681641 0.8220215 0.8618164 0.7961426 0.8505859 0.7681885 0.8515625 0.7961426 0.8662109 0.8514404 0.8608399 0.8250733 0.8569336 0.8579102 0.8569336 0.8579102 0.8623047 0.8772583 0.8662109 0.8514404 0.8618164 0.7961426 0.8505859 0.8240967 0.8608399 0.8250733 0.8569336 0.8579102 0.8608399 0.8250733 0.8505859 0.8240967 0.8505859 0.8240967 0.8618164 0.7961426 0.8515625 0.7961426 0.8623047 0.8772583 0.8569336 0.8579102 0.8515625 0.8869629 0.8515625 0.8869629 0.859375 0.8956909 0.8623047 0.8772583 0.859375 0.8956909 0.8515625 0.8869629 0.8466797 0.9077759 0.8515625 0.7961426 0.8505859 0.7681885 0.8447266 0.7961426 0.8505859 0.8240967 0.8515625 0.7961426 0.8447266 0.7961426 0.8432617 0.7683106 0.8447266 0.7961426 0.8505859 0.7681885 0.8569336 0.8579102 0.8505859 0.8240967 0.8466797 0.8568115 0.8515625 0.8869629 0.8569336 0.8579102 0.8466797 0.8568115 0.8505859 0.8240967 0.8447266 0.7961426 0.8432617 0.8239746 0.8466797 0.8568115 0.8505859 0.8240967 0.8432617 0.8239746 0.8466797 0.9077759 0.8515625 0.8869629 0.8413086 0.885315 0.8515625 0.8869629 0.8466797 0.8568115 0.8413086 0.885315 0.8466797 0.9077759 0.8413086 0.885315 0.8359375 0.906189 0.8413086 0.885315 0.8466797 0.8568115 0.8398438 0.8564453 0.8466797 0.8568115 0.8432617 0.8239746 0.8398438 0.8564453 0.8359375 0.906189 0.8413086 0.885315 0.8339844 0.8846436 0.8413086 0.885315 0.8398438 0.8564453 0.8339844 0.8846436 0.8359375 0.906189 0.8339844 0.8846436 0.8291016 0.9047852 0.8339844 0.8846436 0.8208008 0.9017944 0.8291016 0.9047852 0.8398438 0.8564453 0.8432617 0.8239746 0.8349609 0.8238525 0.8208008 0.9017944 0.8339844 0.8846436 0.8251953 0.883667 0.8305664 0.8562012 0.8339844 0.8846436 0.8398438 0.8564453 0.8339844 0.8846436 0.8305664 0.8562012 0.8251953 0.883667 0.8398438 0.8564453 0.8349609 0.8238525 0.8305664 0.8562012 0.8120117 0.8837891 0.8208008 0.9017944 0.8251953 0.883667 0.8208008 0.9017944 0.8120117 0.8837891 0.8081055 0.9012451 0.8168945 0.8568115 0.8251953 0.883667 0.8305664 0.8562012 0.8251953 0.883667 0.8168945 0.8568115 0.8120117 0.8837891 0.8198242 0.8238525 0.8305664 0.8562012 0.8349609 0.8238525 0.8305664 0.8562012 0.8198242 0.8238525 0.8168945 0.8568115 0.8432617 0.8239746 0.8364258 0.7961426 0.8349609 0.8238525 0.8432617 0.8239746 0.8447266 0.7961426 0.8364258 0.7961426 0.8447266 0.7961426 0.8432617 0.7683106 0.8364258 0.7961426 0.8198242 0.7961426 0.8349609 0.8238525 0.8364258 0.7961426 0.8349609 0.8238525 0.8198242 0.7961426 0.8198242 0.8238525 0.8349609 0.7685547 0.8364258 0.7961426 0.8432617 0.7683106 0.8349609 0.7685547 0.8198242 0.7961426 0.8364258 0.7961426 0.8398438 0.736084 0.8349609 0.7685547 0.8432617 0.7683106 0.8349609 0.7685547 0.8398438 0.736084 0.8305664 0.736084 0.8305664 0.736084 0.8198242 0.7685547 0.8349609 0.7685547 0.8198242 0.7961426 0.8349609 0.7685547 0.8198242 0.7685547 0.8198242 0.7685547 0.8305664 0.736084 0.8168945 0.7355957 0.8198242 0.7685547 0.7797852 0.7961426 0.8198242 0.7961426 0.8198242 0.8238525 0.8198242 0.7961426 0.7797852 0.7961426 0.8198242 0.7685547 0.8168945 0.7355957 0.7802734 0.7664795 0.7797852 0.7961426 0.8198242 0.7685547 0.7802734 0.7664795 0.8168945 0.7355957 0.7792969 0.7299805 0.7802734 0.7664795 0.8198242 0.8238525 0.7797852 0.7961426 0.7802734 0.8259277 0.8198242 0.8238525 0.7802734 0.8259277 0.8168945 0.8568115 0.7802734 0.7664795 0.7426758 0.7961426 0.7797852 0.7961426 0.7426758 0.7961426 0.7802734 0.8259277 0.7797852 0.7961426 0.7792969 0.7299805 0.7431641 0.7630615 0.7802734 0.7664795 0.7426758 0.7961426 0.7802734 0.7664795 0.7431641 0.7630615 0.7431641 0.7630615 0.7792969 0.7299805 0.7436524 0.723877 0.8168945 0.8568115 0.7802734 0.8259277 0.7792969 0.8624268 0.7792969 0.8624268 0.8120117 0.8837891 0.8168945 0.8568115 0.7802734 0.8259277 0.7426758 0.7961426 0.7431641 0.8292236 0.7431641 0.8292236 0.7792969 0.8624268 0.7802734 0.8259277 0.7431641 0.7630615 0.7246094 0.7961426 0.7426758 0.7961426 0.7246094 0.7961426 0.7431641 0.8292236 0.7426758 0.7961426 0.8120117 0.8837891 0.7792969 0.8624268 0.7763672 0.8916626 0.7763672 0.8916626 0.8081055 0.9012451 0.8120117 0.8837891 0.7792969 0.8624268 0.7431641 0.8292236 0.7436524 0.8685303 0.7436524 0.8685303 0.7763672 0.8916626 0.7792969 0.8624268 0.7431641 0.8292236 0.7246094 0.7961426 0.7246094 0.8305664 0.7436524 0.8685303 0.7431641 0.8292236 0.7246094 0.8305664 0.7246094 0.7961426 0.7431641 0.7630615 0.7246094 0.7617188 0.7436524 0.723877 0.7246094 0.7617188 0.7431641 0.7630615 0.7246094 0.8305664 0.7246094 0.7961426 0.7143555 0.7961426 0.7246094 0.7961426 0.7246094 0.7617188 0.7143555 0.7961426 0.7246094 0.7617188 0.7436524 0.723877 0.7255859 0.720459 0.7436524 0.6901856 0.7255859 0.720459 0.7436524 0.723877 0.7255859 0.720459 0.7436524 0.6901856 0.7275391 0.6838379 0.7255859 0.720459 0.7138672 0.7608643 0.7246094 0.7617188 0.7138672 0.7608643 0.7143555 0.7961426 0.7246094 0.7617188 0.7275391 0.6838379 0.7158203 0.7182617 0.7255859 0.720459 0.7138672 0.7608643 0.7255859 0.720459 0.7158203 0.7182617 0.7158203 0.7182617 0.7275391 0.6838379 0.71875 0.6801758 0.7294922 0.6633301 0.71875 0.6801758 0.7275391 0.6838379 0.7138672 0.7608643 0.7158203 0.7182617 0.7060547 0.7182617 0.71875 0.6801758 0.7294922 0.6633301 0.7211914 0.6589356 0.7294922 0.6633301 0.7333984 0.6542969 0.7211914 0.6589356 0.7158203 0.7182617 0.71875 0.6801758 0.7094727 0.6791992 0.7211914 0.6589356 0.7094727 0.6791992 0.71875 0.6801758 0.7158203 0.7182617 0.7094727 0.6791992 0.7060547 0.7182617 0.7211914 0.6589356 0.7333984 0.6542969 0.7226563 0.6501465 0.7226563 0.6501465 0.7333984 0.6542969 0.7255859 0.6462402 0.7163086 0.6425781 0.7226563 0.6501465 0.7255859 0.6462402 0.7211914 0.6589356 0.7226563 0.6501465 0.7128906 0.65625 0.7094727 0.6791992 0.7211914 0.6589356 0.7128906 0.65625 0.7226563 0.6501465 0.7163086 0.6425781 0.7143555 0.6484375 0.7226563 0.6501465 0.7143555 0.6484375 0.7128906 0.65625 0.7011719 0.6430664 0.7143555 0.6484375 0.7163086 0.6425781 0.7011719 0.6501465 0.7128906 0.65625 0.7143555 0.6484375 0.7143555 0.6484375 0.7011719 0.6430664 0.7011719 0.6501465 0.6748047 0.6640625 0.7011719 0.6430664 0.6733399 0.6577149 0.7011719 0.6430664 0.6748047 0.6640625 0.7011719 0.6501465 0.7128906 0.65625 0.7011719 0.6501465 0.699707 0.6564942 0.7011719 0.6501465 0.6748047 0.6640625 0.699707 0.6564942 0.699707 0.6564942 0.7094727 0.6791992 0.7128906 0.65625 0.699707 0.6564942 0.6748047 0.6640625 0.6733399 0.6704102 0.699707 0.6564942 0.6733399 0.6704102 0.6953125 0.675293 0.7094727 0.6791992 0.699707 0.6564942 0.6953125 0.675293 0.6953125 0.675293 0.6733399 0.6704102 0.6694336 0.6894531 0.7094727 0.6791992 0.6953125 0.675293 0.6894531 0.7150879 0.6894531 0.7150879 0.6953125 0.675293 0.6694336 0.6894531 0.7060547 0.7182617 0.7094727 0.6791992 0.6894531 0.7150879 0.6694336 0.6894531 0.6655274 0.7258301 0.6894531 0.7150879 0.6655274 0.7258301 0.6875 0.7619629 0.6894531 0.7150879 0.6894531 0.7150879 0.6875 0.7619629 0.7060547 0.7182617 0.6875 0.7619629 0.6655274 0.7258301 0.6640625 0.7757568 0.6733399 0.7819824 0.6875 0.7619629 0.6640625 0.7757568 0.7045899 0.7613525 0.7060547 0.7182617 0.6875 0.7619629 0.7138672 0.7608643 0.7060547 0.7182617 0.7045899 0.7613525 0.7143555 0.7961426 0.7138672 0.7608643 0.7045899 0.7613525 0.6875 0.7619629 0.6733399 0.7819824 0.6875 0.7961426 0.6733399 0.8103027 0.6875 0.7961426 0.6733399 0.7819824 0.6875 0.7619629 0.7045899 0.7961426 0.7045899 0.7613525 0.7045899 0.7961426 0.6875 0.7619629 0.6875 0.7961426 0.7143555 0.7961426 0.7045899 0.7613525 0.7045899 0.7961426 0.6733399 0.8103027 0.6875 0.8304443 0.6875 0.7961426 0.6875 0.8304443 0.7045899 0.7961426 0.6875 0.7961426 0.6733399 0.8103027 0.6640625 0.8165283 0.6875 0.8304443 0.6655274 0.8664551 0.6875 0.8304443 0.6640625 0.8165283 0.7045899 0.7961426 0.7045899 0.8309326 0.7143555 0.7961426 0.7045899 0.7961426 0.6875 0.8304443 0.7045899 0.8309326 0.7138672 0.831543 0.7143555 0.7961426 0.7045899 0.8309326 0.7246094 0.8305664 0.7143555 0.7961426 0.7138672 0.831543 0.6875 0.8304443 0.7060547 0.8740234 0.7045899 0.8309326 0.7060547 0.8740234 0.7138672 0.831543 0.7045899 0.8309326 0.6875 0.8304443 0.6655274 0.8664551 0.6894531 0.8771973 0.7060547 0.8740234 0.6875 0.8304443 0.6894531 0.8771973 0.6694336 0.902832 0.6894531 0.8771973 0.6655274 0.8664551 0.7138672 0.831543 0.7255859 0.8720703 0.7246094 0.8305664 0.7436524 0.8685303 0.7246094 0.8305664 0.7255859 0.8720703 0.6953125 0.9171143 0.6894531 0.8771973 0.6694336 0.902832 0.6953125 0.9171143 0.6694336 0.902832 0.6733399 0.9220581 0.7255859 0.8720703 0.7436524 0.9022217 0.7436524 0.8685303 0.7763672 0.8916626 0.7436524 0.8685303 0.7436524 0.9022217 0.6733399 0.9220581 0.699707 0.9359741 0.6953125 0.9171143 0.699707 0.9359741 0.6733399 0.9220581 0.6748047 0.9282837 0.7094727 0.9132691 0.6894531 0.8771973 0.6953125 0.9171143 0.699707 0.9359741 0.7094727 0.9132691 0.6953125 0.9171143 0.6894531 0.8771973 0.7094727 0.9132691 0.7060547 0.8740234 0.6748047 0.9282837 0.7011719 0.9422302 0.699707 0.9359741 0.7011719 0.9493103 0.6748047 0.9282837 0.6733399 0.9347534 0.6748047 0.9282837 0.7011719 0.9493103 0.7011719 0.9422302 0.7011719 0.9422302 0.7128906 0.9360352 0.699707 0.9359741 0.7094727 0.9132691 0.699707 0.9359741 0.7128906 0.9360352 0.7011719 0.9493103 0.7143555 0.9440003 0.7011719 0.9422302 0.7128906 0.9360352 0.7011719 0.9422302 0.7143555 0.9440003 0.7143555 0.9440003 0.7011719 0.9493103 0.7163086 0.9498596 0.7163086 0.9498596 0.7226563 0.9423218 0.7143555 0.9440003 0.7226563 0.9423218 0.7128906 0.9360352 0.7143555 0.9440003 0.7226563 0.9423218 0.7163086 0.9498596 0.7255859 0.946106 0.7226563 0.9423218 0.7255859 0.946106 0.7333984 0.9381409 0.7128906 0.9360352 0.7226563 0.9423218 0.7211914 0.9334107 0.7094727 0.9132691 0.7128906 0.9360352 0.7211914 0.9334107 0.7211914 0.9334107 0.7226563 0.9423218 0.7333984 0.9381409 0.7211914 0.9334107 0.71875 0.9121094 0.7094727 0.9132691 0.7060547 0.8740234 0.7094727 0.9132691 0.7158203 0.8741455 0.7158203 0.8741455 0.7094727 0.9132691 0.71875 0.9121094 0.7138672 0.831543 0.7060547 0.8740234 0.7158203 0.8741455 0.7255859 0.8720703 0.7138672 0.831543 0.7158203 0.8741455 0.7294922 0.9290161 0.71875 0.9121094 0.7211914 0.9334107 0.7294922 0.9290161 0.7211914 0.9334107 0.7333984 0.9381409 0.7275391 0.9084473 0.7158203 0.8741455 0.71875 0.9121094 0.7158203 0.8741455 0.7275391 0.9084473 0.7255859 0.8720703 0.71875 0.9121094 0.7294922 0.9290161 0.7275391 0.9084473 0.7436524 0.9022217 0.7255859 0.8720703 0.7275391 0.9084473 0.7275391 0.9084473 0.7294922 0.9290161 0.7431641 0.9215698 0.7431641 0.9215698 0.7436524 0.9022217 0.7275391 0.9084473 0.7294922 0.9290161 0.7333984 0.9381409 0.7431641 0.9215698 0.7739258 0.9100342 0.7436524 0.9022217 0.7431641 0.9215698 0.7436524 0.9022217 0.7739258 0.9100342 0.7763672 0.8916626 0.8081055 0.9012451 0.7763672 0.8916626 0.7739258 0.9100342 0.7431641 0.9215698 0.7333984 0.9381409 0.7431641 0.9376526 0.7431641 0.9215698 0.769043 0.9291992 0.7739258 0.9100342 0.769043 0.9291992 0.7431641 0.9215698 0.7431641 0.9376526 0.7739258 0.9100342 0.7890625 0.9225464 0.8081055 0.9012451 0.7890625 0.9225464 0.7739258 0.9100342 0.769043 0.9291992 0.7333984 0.9381409 0.7397461 0.946991 0.7431641 0.9376526 0.7431641 0.9376526 0.7695313 0.9371948 0.769043 0.9291992 0.7695313 0.9371948 0.7431641 0.9376526 0.7397461 0.946991 0.769043 0.9291992 0.7695313 0.9371948 0.7915039 0.9296875 0.7890625 0.9225464 0.769043 0.9291992 0.7915039 0.9296875 0.7397461 0.946991 0.7719727 0.9436951 0.7695313 0.9371948 0.7719727 0.9436951 0.7915039 0.9296875 0.7695313 0.9371948 0.7397461 0.946991 0.7333984 0.9381409 0.734375 0.9482422 0.7333984 0.9381409 0.7294922 0.948761 0.734375 0.9482422 0.734375 0.9482422 0.7402344 0.9547424 0.7397461 0.946991 0.7719727 0.9436951 0.7397461 0.946991 0.7402344 0.9547424 0.7294922 0.948761 0.7338867 0.9567566 0.734375 0.9482422 0.7402344 0.9547424 0.734375 0.9482422 0.7338867 0.9567566 0.7338867 0.9567566 0.7294922 0.948761 0.7280274 0.9587097 0.7280274 0.9587097 0.7392578 0.9689026 0.7338867 0.9567566 0.7402344 0.9547424 0.7338867 0.9567566 0.7392578 0.9689026 0.7392578 0.9689026 0.7280274 0.9587097 0.734375 0.9721222 0.7597656 0.9921875 0.7392578 0.9689026 0.734375 0.9721222 0.7392578 0.9689026 0.7597656 0.9921875 0.7636719 0.9883652 0.7456055 0.9664307 0.7402344 0.9547424 0.7392578 0.9689026 0.7636719 0.9883652 0.7456055 0.9664307 0.7392578 0.9689026 0.7719727 0.9436951 0.7402344 0.9547424 0.7456055 0.9664307 0.7456055 0.9664307 0.7636719 0.9883652 0.769043 0.9852829 0.769043 0.9852829 0.7763672 0.9545288 0.7456055 0.9664307 0.7456055 0.9664307 0.7763672 0.9545288 0.7719727 0.9436951 0.7763672 0.9545288 0.769043 0.9852829 0.7978516 0.9698486 0.7763672 0.9545288 0.7949219 0.9349365 0.7719727 0.9436951 0.7915039 0.9296875 0.7719727 0.9436951 0.7949219 0.9349365 0.7978516 0.9698486 0.7998047 0.9441834 0.7763672 0.9545288 0.7949219 0.9349365 0.7763672 0.9545288 0.7998047 0.9441834 0.7998047 0.9441834 0.7978516 0.9698486 0.8188477 0.9562073 0.7949219 0.9349365 0.8032227 0.9258423 0.7915039 0.9296875 0.7890625 0.9225464 0.7915039 0.9296875 0.8032227 0.9258423 0.8056641 0.9309692 0.7949219 0.9349365 0.7998047 0.9441834 0.8032227 0.9258423 0.7949219 0.9349365 0.8056641 0.9309692 0.8188477 0.9562073 0.8110352 0.9387207 0.7998047 0.9441834 0.7998047 0.9441834 0.8110352 0.9387207 0.8056641 0.9309692 0.8110352 0.9387207 0.8188477 0.9562073 0.8286133 0.9483948 0.8017578 0.9186401 0.7890625 0.9225464 0.8032227 0.9258423 0.7890625 0.9225464 0.8017578 0.9186401 0.8081055 0.9012451 0.8286133 0.9483948 0.8168945 0.935791 0.8110352 0.9387207 0.8168945 0.935791 0.8286133 0.9483948 0.8339844 0.9446411 0.809082 0.9237061 0.8017578 0.9186401 0.8032227 0.9258423 0.809082 0.9237061 0.8032227 0.9258423 0.8056641 0.9309692 0.8110352 0.9387207 0.8125 0.9281616 0.8056641 0.9309692 0.8056641 0.9309692 0.8125 0.9281616 0.809082 0.9237061 0.8125 0.9281616 0.8110352 0.9387207 0.8168945 0.935791 0.8017578 0.9186401 0.809082 0.9237061 0.8100586 0.9153442 0.8017578 0.9186401 0.8100586 0.9153442 0.8081055 0.9012451 0.8125 0.9281616 0.8144531 0.9215088 0.809082 0.9237061 0.809082 0.9237061 0.8144531 0.9215088 0.8100586 0.9153442 0.8168945 0.935791 0.8178711 0.9256592 0.8125 0.9281616 0.8144531 0.9215088 0.8125 0.9281616 0.8178711 0.9256592 0.8339844 0.9446411 0.8227539 0.9328613 0.8168945 0.935791 0.8178711 0.9256592 0.8168945 0.935791 0.8227539 0.9328613 0.8227539 0.9328613 0.8339844 0.9446411 0.8398438 0.9406433 0.8178711 0.9256592 0.8212891 0.9167481 0.8144531 0.9215088 0.8212891 0.9167481 0.8100586 0.9153442 0.8144531 0.9215088 0.8178711 0.9256592 0.8227539 0.9328613 0.8256836 0.9215698 0.8212891 0.9167481 0.8178711 0.9256592 0.8256836 0.9215698 0.8398438 0.9406433 0.8305664 0.9297485 0.8227539 0.9328613 0.8305664 0.9297485 0.8256836 0.9215698 0.8227539 0.9328613 0.8305664 0.9297485 0.8398438 0.9406433 0.8481445 0.9367676 0.8393555 0.927063 0.8481445 0.9367676 0.8564453 0.9341431 0.8481445 0.9367676 0.8393555 0.927063 0.8305664 0.9297485 0.8393555 0.927063 0.8334961 0.9169312 0.8305664 0.9297485 0.8305664 0.9297485 0.8334961 0.9169312 0.8256836 0.9215698 0.8286133 0.9113159 0.8256836 0.9215698 0.8334961 0.9169312 0.8256836 0.9215698 0.8286133 0.9113159 0.8212891 0.9167481 0.815918 0.9107666 0.8212891 0.9167481 0.8286133 0.9113159 0.8100586 0.9153442 0.8212891 0.9167481 0.815918 0.9107666 0.8100586 0.9153442 0.815918 0.9107666 0.8081055 0.9012451 0.8286133 0.9113159 0.8212891 0.9048462 0.815918 0.9107666 0.8081055 0.9012451 0.815918 0.9107666 0.8212891 0.9048462 0.9052734 0.4936524 0.8984375 0.5244141 0.8984375 0.4936524 0.8984375 0.5244141 0.9052734 0.4936524 0.9052734 0.5244141 0.9052734 0.5244141 0.8984375 0.5549317 0.8984375 0.5244141 0.9052734 0.5244141 0.9052734 0.4936524 0.9384766 0.4936524 0.8984375 0.5549317 0.9052734 0.5244141 0.9052734 0.5549317 0.9052734 0.5244141 0.9384766 0.4936524 0.9384766 0.5244141 0.9052734 0.5549317 0.9052734 0.5244141 0.9384766 0.5244141 0.9052734 0.5549317 0.9052734 0.5893555 0.8984375 0.5549317 0.9052734 0.5893555 0.8984375 0.5893555 0.8984375 0.5549317 0.9052734 0.5893555 0.8984375 0.6186524 0.8984375 0.5893555 0.9052734 0.5549317 0.9384766 0.5244141 0.9384766 0.5549317 0.9052734 0.5893555 0.9052734 0.5549317 0.9384766 0.5549317 0.9384766 0.4936524 0.9736328 0.5244141 0.9384766 0.5244141 0.9736328 0.5244141 0.9384766 0.4936524 0.9736328 0.4936524 0.9853516 0.5244141 0.9736328 0.4936524 0.9853516 0.4936524 0.9736328 0.4936524 0.9853516 0.5244141 0.9736328 0.5244141 0.9853516 0.5549317 0.9736328 0.5244141 0.9853516 0.5244141 0.9736328 0.5549317 0.9384766 0.5244141 0.9736328 0.5244141 0.9736328 0.5244141 0.9853516 0.5549317 0.9736328 0.5549317 0.9384766 0.5244141 0.9736328 0.5549317 0.9384766 0.5549317 0.9853516 0.5893555 0.9736328 0.5549317 0.9853516 0.5549317 0.9736328 0.5549317 0.9384766 0.5893555 0.9384766 0.5549317 0.9052734 0.5893555 0.9384766 0.5549317 0.9384766 0.5893555 0.9736328 0.5549317 0.9853516 0.5893555 0.9736328 0.5893555 0.9384766 0.5893555 0.9736328 0.5549317 0.9736328 0.5893555 0.9736328 0.6186524 0.9736328 0.5893555 0.9853516 0.5893555 0.9384766 0.5893555 0.9736328 0.5893555 0.9736328 0.6186524 0.9853516 0.5893555 0.9853516 0.6186524 0.9736328 0.6186524 0.9052734 0.6186524 0.9052734 0.5893555 0.9384766 0.5893555 0.8984375 0.6186524 0.9052734 0.5893555 0.9052734 0.6186524 0.9384766 0.6186524 0.9384766 0.5893555 0.9736328 0.6186524 0.9052734 0.6186524 0.9384766 0.5893555 0.9384766 0.6186524 0.9736328 0.6489258 0.9736328 0.6186524 0.9853516 0.6186524 0.9736328 0.6489258 0.9384766 0.6186524 0.9736328 0.6186524 0.9853516 0.6186524 0.9853516 0.6489258 0.9736328 0.6489258 0.9384766 0.6489258 0.9052734 0.6186524 0.9384766 0.6186524 0.9384766 0.6186524 0.9736328 0.6489258 0.9384766 0.6489258 0.9052734 0.6489258 0.8984375 0.6186524 0.9052734 0.6186524 0.9052734 0.6186524 0.9384766 0.6489258 0.9052734 0.6489258 0.8984375 0.6186524 0.9052734 0.6489258 0.8984375 0.6489258 0.9052734 0.6809082 0.8984375 0.6489258 0.9052734 0.6489258 0.9052734 0.6809082 0.9052734 0.6489258 0.9384766 0.6489258 0.8984375 0.6489258 0.9052734 0.6809082 0.8984375 0.6809082 0.9736328 0.6489258 0.9384766 0.6809082 0.9384766 0.6489258 0.9052734 0.6809082 0.9384766 0.6489258 0.9384766 0.6809082 0.9736328 0.6809082 0.9736328 0.6489258 0.9853516 0.6489258 0.9384766 0.6809082 0.9736328 0.6489258 0.9736328 0.6809082 0.9736328 0.6809082 0.9853516 0.6489258 0.9853516 0.6809082 0.9384766 0.7138672 0.9052734 0.6809082 0.9384766 0.6809082 0.9736328 0.6809082 0.9384766 0.7138672 0.9384766 0.6809082 0.9052734 0.7138672 0.8984375 0.6809082 0.9052734 0.6809082 0.9052734 0.6809082 0.9384766 0.7138672 0.9052734 0.7138672 0.8984375 0.6809082 0.9052734 0.7138672 0.8984375 0.7138672 0.9736328 0.7138672 0.9736328 0.6809082 0.9853516 0.6809082 0.9384766 0.7138672 0.9736328 0.6809082 0.9736328 0.7138672 0.9736328 0.7138672 0.9853516 0.6809082 0.9853516 0.7138672 0.9853516 0.7443848 0.9736328 0.7138672 0.9853516 0.7138672 0.9052734 0.7443848 0.8984375 0.7138672 0.9052734 0.7138672 0.9052734 0.7443848 0.9052734 0.7138672 0.9384766 0.7138672 0.8984375 0.7138672 0.9052734 0.7443848 0.8984375 0.7443848 0.9052734 0.7443848 0.8984375 0.7753906 0.8984375 0.7443848 0.9736328 0.7138672 0.9384766 0.7443848 0.9384766 0.7138672 0.9052734 0.7443848 0.9384766 0.7138672 0.9384766 0.7443848 0.9736328 0.7138672 0.9853516 0.7443848 0.9736328 0.7443848 0.9384766 0.7443848 0.9736328 0.7138672 0.9736328 0.7443848 0.9853516 0.7753906 0.9736328 0.7443848 0.9853516 0.7443848 0.8984375 0.7753906 0.9052734 0.7443848 0.9052734 0.7753906 0.9052734 0.7753906 0.9052734 0.7443848 0.9384766 0.7443848 0.9052734 0.7753906 0.8984375 0.8057861 0.8984375 0.7753906 0.9736328 0.7443848 0.9384766 0.7753906 0.9384766 0.7443848 0.9052734 0.7753906 0.9384766 0.7443848 0.9384766 0.7753906 0.9736328 0.7443848 0.9853516 0.7753906 0.9736328 0.7753906 0.9384766 0.7753906 0.9736328 0.7443848 0.9736328 0.7753906 0.9853516 0.8057861 0.9736328 0.7753906 0.9853516 0.7753906 0.8984375 0.8057861 0.9052734 0.7753906 0.9052734 0.8057861 0.9052734 0.8057861 0.9052734 0.7753906 0.9384766 0.7753906 0.9052734 0.8057861 0.8984375 0.8358154 0.8984375 0.8057861 0.9736328 0.7753906 0.9853516 0.8057861 0.9736328 0.8057861 0.9853516 0.8358154 0.9736328 0.8057861 0.9853516 0.8057861 0.9736328 0.7753906 0.9384766 0.8057861 0.9384766 0.7753906 0.9384766 0.8057861 0.9736328 0.7753906 0.9736328 0.8057861 0.9052734 0.8057861 0.9384766 0.7753906 0.9384766 0.8057861 0.9736328 0.8057861 0.9853516 0.8358154 0.9736328 0.8358154 0.9736328 0.8358154 0.9384766 0.8057861 0.9736328 0.8057861 0.9853516 0.8671875 0.9736328 0.8358154 0.9853516 0.8358154 0.9052734 0.8358154 0.9052734 0.8057861 0.9384766 0.8057861 0.8984375 0.8358154 0.9052734 0.8057861 0.9052734 0.8358154 0.9052734 0.8358154 0.9384766 0.8057861 0.9384766 0.8358154 0.9384766 0.8057861 0.9736328 0.8358154 0.9384766 0.8358154 0.9052734 0.8358154 0.9052734 0.8671875 0.8984375 0.8358154 0.9052734 0.8671875 0.9052734 0.8358154 0.9384766 0.8358154 0.8984375 0.8358154 0.9052734 0.8671875 0.8984375 0.8671875 0.9736328 0.8358154 0.9384766 0.8671875 0.9384766 0.8358154 0.9052734 0.8671875 0.9384766 0.8358154 0.9384766 0.8671875 0.9384766 0.8671875 0.9736328 0.8358154 0.9736328 0.8671875 0.9736328 0.8358154 0.9853516 0.8671875 0.9736328 0.8671875 0.9384766 0.899231 0.9052734 0.8671875 0.9384766 0.8671875 0.9736328 0.8671875 0.9384766 0.899231 0.9384766 0.8671875 0.9052734 0.899231 0.8984375 0.8671875 0.9052734 0.8671875 0.9052734 0.8671875 0.9384766 0.899231 0.9052734 0.899231 0.8984375 0.8671875 0.9052734 0.899231 0.8984375 0.899231 0.9736328 0.899231 0.9736328 0.8671875 0.9853516 0.8671875 0.9384766 0.899231 0.9736328 0.8671875 0.9736328 0.899231 0.9853516 0.8671875 0.9853516 0.899231 0.9736328 0.899231 0.9736328 0.9310913 0.9736328 0.899231 0.9853516 0.899231 0.9736328 0.9310913 0.9384766 0.899231 0.9736328 0.899231 0.9736328 0.9310913 0.9853516 0.899231 0.9853516 0.9310913 0.9384766 0.9310913 0.9052734 0.899231 0.9384766 0.899231 0.9384766 0.899231 0.9736328 0.9310913 0.9384766 0.9310913 0.9052734 0.9310913 0.8984375 0.899231 0.9052734 0.899231 0.9052734 0.899231 0.9384766 0.9310913 0.9052734 0.9310913 0.8984375 0.899231 0.9052734 0.9310913 0.8984375 0.9310913 0.9736328 0.9310913 0.9384766 0.9599609 0.9384766 0.9310913 0.9384766 0.9599609 0.9052734 0.9310913 0.9384766 0.9310913 0.9736328 0.9599609 0.9736328 0.9310913 0.9853516 0.9310913 0.9384766 0.9599609 0.9736328 0.9310913 0.9736328 0.9599609 0.9736328 0.9599609 0.9853516 0.9310913 0.9853516 0.9599609 0.9853516 0.9599609 0.9736328 0.9921875 0.9736328 0.9599609 0.9736328 0.9921875 0.9853516 0.9599609 0.9853516 0.9921875 0.9736328 0.9921875 0.9384766 0.9599609 0.9736328 0.9599609 0.9384766 0.9599609 0.9736328 0.9921875 0.9384766 0.9921875 0.9052734 0.9310913 0.9384766 0.9599609 0.9052734 0.9599609 0.9052734 0.9599609 0.9384766 0.9599609 0.9384766 0.9921875 0.9052734 0.9599609 0.8984375 0.9310913 0.9052734 0.9310913 0.9052734 0.9921875 0.9052734 0.9599609 0.9384766 0.9921875 0.8984375 0.9310913 0.9052734 0.9599609 0.8984375 0.9599609 0.9052734 0.9921875 0.8984375 0.9599609 0.9052734 0.9599609 0.8984375 0.9599609 0.9052734 0.9921875 0.8984375 0.9921875 0.3530274 0.1977539 0.3603516 0.227539 0.3603516 0.1977539 0.3603516 0.227539 0.3530274 0.1977539 0.3530274 0.227539 0.3530274 0.227539 0.3603516 0.2573242 0.3603516 0.227539 0.3530274 0.227539 0.3530274 0.1977539 0.3203125 0.1977539 0.3603516 0.2573242 0.3530274 0.227539 0.3530274 0.2573242 0.3530274 0.2573242 0.3603516 0.2910156 0.3603516 0.2573242 0.3530274 0.227539 0.3203125 0.1977539 0.3203125 0.227539 0.3530274 0.2573242 0.3530274 0.227539 0.3203125 0.227539 0.3603516 0.2910156 0.3530274 0.2573242 0.3530274 0.2910156 0.3530274 0.2910156 0.3603516 0.3237305 0.3603516 0.2910156 0.3530274 0.2573242 0.3203125 0.227539 0.3203125 0.2573242 0.3530274 0.2910156 0.3530274 0.2573242 0.3203125 0.2573242 0.3203125 0.1977539 0.2851563 0.227539 0.3203125 0.227539 0.2851563 0.227539 0.3203125 0.1977539 0.2851563 0.1977539 0.2734375 0.1977539 0.2734375 0.227539 0.2851563 0.1977539 0.2851563 0.227539 0.2851563 0.1977539 0.2734375 0.227539 0.2734375 0.2573242 0.2851563 0.227539 0.2734375 0.227539 0.2851563 0.2573242 0.3203125 0.227539 0.2851563 0.227539 0.2851563 0.227539 0.2734375 0.2573242 0.2851563 0.2573242 0.3203125 0.227539 0.2851563 0.2573242 0.3203125 0.2573242 0.2734375 0.2910156 0.2851563 0.2573242 0.2734375 0.2573242 0.2851563 0.2573242 0.2734375 0.2910156 0.2851563 0.2910156 0.2851563 0.2910156 0.3203125 0.2573242 0.2851563 0.2573242 0.2734375 0.3237305 0.2851563 0.2910156 0.2734375 0.2910156 0.3203125 0.2573242 0.2851563 0.2910156 0.3203125 0.2910156 0.3530274 0.2910156 0.3203125 0.2573242 0.3203125 0.2910156 0.2851563 0.2910156 0.2734375 0.3237305 0.2851563 0.3237305 0.3530274 0.3237305 0.3530274 0.2910156 0.3203125 0.2910156 0.3603516 0.3237305 0.3530274 0.2910156 0.3530274 0.3237305 0.2851563 0.2910156 0.3203125 0.3237305 0.3203125 0.2910156 0.3530274 0.3237305 0.3203125 0.2910156 0.3203125 0.3237305 0.3203125 0.3237305 0.2851563 0.2910156 0.2851563 0.3237305 0.3530274 0.3544922 0.3603516 0.3237305 0.3530274 0.3237305 0.3603516 0.3237305 0.3530274 0.3544922 0.3603516 0.3544922 0.3203125 0.3544922 0.3530274 0.3237305 0.3203125 0.3237305 0.2851563 0.3237305 0.3203125 0.3544922 0.3203125 0.3237305 0.3530274 0.3237305 0.3203125 0.3544922 0.3530274 0.3544922 0.3530274 0.3544922 0.3603516 0.3842774 0.3603516 0.3544922 0.3203125 0.3544922 0.2851563 0.3237305 0.2851563 0.3544922 0.2851563 0.3544922 0.2851563 0.3237305 0.2734375 0.3237305 0.2734375 0.3237305 0.2734375 0.3544922 0.2851563 0.3544922 0.3203125 0.3842774 0.3530274 0.3544922 0.3203125 0.3544922 0.2851563 0.3544922 0.3203125 0.3842774 0.3203125 0.3544922 0.3603516 0.3842774 0.3530274 0.3544922 0.3530274 0.3842774 0.3530274 0.3544922 0.3203125 0.3842774 0.3530274 0.3842774 0.2851563 0.3842774 0.2851563 0.3544922 0.2734375 0.3544922 0.3203125 0.3842774 0.2851563 0.3544922 0.2851563 0.3842774 0.2851563 0.3842774 0.2734375 0.3544922 0.2734375 0.3842774 0.3530274 0.4189453 0.3603516 0.3842774 0.3530274 0.3842774 0.3530274 0.4189453 0.3530274 0.3842774 0.3203125 0.3842774 0.3603516 0.3842774 0.3530274 0.4189453 0.3603516 0.4189453 0.2851563 0.3842774 0.3203125 0.4189453 0.3203125 0.3842774 0.3530274 0.4189453 0.3203125 0.3842774 0.3203125 0.4189453 0.2851563 0.4189453 0.2851563 0.3842774 0.2734375 0.3842774 0.3203125 0.4189453 0.2851563 0.3842774 0.2851563 0.4189453 0.2851563 0.4189453 0.2734375 0.3842774 0.2734375 0.4189453 0.2734375 0.4467774 0.2851563 0.4189453 0.2734375 0.4189453 0.3203125 0.4467774 0.3530274 0.4189453 0.3203125 0.4189453 0.2851563 0.4189453 0.3203125 0.4467774 0.3203125 0.4189453 0.2851563 0.4189453 0.2734375 0.4467774 0.2851563 0.4467774 0.3203125 0.4467774 0.2851563 0.4189453 0.2851563 0.4467774 0.2734375 0.4785156 0.2851563 0.4467774 0.2734375 0.4467774 0.2851563 0.4467774 0.2734375 0.4785156 0.2851563 0.4785156 0.2851563 0.4785156 0.3203125 0.4467774 0.2851563 0.4467774 0.2734375 0.5092774 0.2851563 0.4785156 0.2734375 0.4785156 0.3530274 0.4189453 0.3203125 0.4467774 0.3530274 0.4467774 0.3530274 0.4467774 0.3603516 0.4189453 0.3530274 0.4189453 0.3603516 0.4189453 0.3530274 0.4467774 0.3603516 0.4467774 0.3530274 0.4467774 0.3603516 0.4785156 0.3603516 0.4467774 0.2851563 0.4785156 0.2734375 0.5092774 0.2851563 0.5092774 0.2734375 0.5417481 0.2851563 0.5092774 0.2734375 0.5092774 0.3603516 0.4785156 0.3530274 0.4467774 0.3530274 0.4785156 0.3530274 0.4785156 0.3603516 0.5092774 0.3603516 0.4785156 0.3203125 0.4785156 0.3530274 0.4467774 0.3203125 0.4467774 0.3530274 0.4467774 0.3203125 0.4785156 0.3530274 0.4785156 0.3203125 0.4467774 0.2851563 0.4785156 0.3203125 0.4785156 0.2851563 0.5092774 0.3203125 0.4785156 0.2851563 0.4785156 0.3603516 0.5092774 0.3530274 0.4785156 0.3530274 0.5092774 0.3530274 0.5092774 0.3530274 0.4785156 0.3203125 0.4785156 0.3530274 0.5092774 0.3603516 0.5417481 0.3603516 0.5092774 0.3203125 0.4785156 0.2851563 0.5092774 0.3203125 0.5092774 0.3530274 0.5092774 0.3203125 0.4785156 0.3203125 0.5092774 0.3603516 0.5417481 0.3530274 0.5092774 0.3530274 0.5417481 0.3530274 0.5417481 0.3530274 0.5092774 0.3203125 0.5092774 0.3530274 0.5417481 0.3603516 0.5705567 0.3603516 0.5417481 0.2851563 0.5417481 0.3203125 0.5092774 0.2851563 0.5092774 0.2851563 0.5092774 0.2734375 0.5417481 0.2851563 0.5417481 0.3530274 0.5417481 0.3203125 0.5092774 0.3203125 0.5417481 0.3203125 0.5092774 0.2851563 0.5417481 0.3203125 0.5417481 0.2734375 0.5705567 0.2851563 0.5417481 0.2734375 0.5417481 0.3530274 0.5705567 0.3530274 0.5417481 0.3203125 0.5417481 0.3603516 0.5705567 0.3530274 0.5417481 0.3530274 0.5705567 0.2851563 0.5417481 0.3203125 0.5705567 0.3203125 0.5417481 0.3530274 0.5705567 0.3203125 0.5417481 0.3203125 0.5705567 0.2851563 0.5417481 0.2734375 0.5705567 0.2851563 0.5705567 0.3203125 0.5705567 0.2851563 0.5417481 0.2851563 0.5705567 0.3530274 0.6030274 0.3603516 0.5705567 0.3530274 0.5705567 0.3603516 0.5705567 0.3530274 0.6030274 0.3603516 0.6030274 0.3203125 0.6030274 0.3530274 0.5705567 0.3203125 0.5705567 0.2851563 0.5705567 0.3203125 0.6030274 0.3203125 0.5705567 0.3530274 0.5705567 0.3203125 0.6030274 0.3530274 0.6030274 0.2851563 0.6030274 0.2851563 0.5705567 0.2734375 0.5705567 0.3203125 0.6030274 0.2851563 0.5705567 0.2851563 0.6030274 0.2734375 0.5705567 0.2734375 0.6030274 0.2851563 0.6030274 0.3203125 0.6330567 0.3530274 0.6030274 0.3203125 0.6030274 0.2851563 0.6030274 0.3203125 0.6330567 0.3203125 0.6030274 0.3530274 0.6330567 0.3603516 0.6030274 0.3530274 0.6030274 0.3530274 0.6030274 0.3203125 0.6330567 0.3530274 0.6330567 0.3603516 0.6030274 0.3530274 0.6330567 0.3603516 0.6330567 0.2851563 0.6330567 0.2851563 0.6030274 0.2734375 0.6030274 0.3203125 0.6330567 0.2851563 0.6030274 0.2851563 0.6330567 0.2851563 0.6330567 0.2734375 0.6030274 0.2734375 0.6330567 0.3203125 0.6647949 0.3530274 0.6330567 0.3203125 0.6330567 0.2851563 0.6330567 0.3203125 0.6647949 0.3203125 0.6330567 0.3530274 0.6647949 0.3603516 0.6330567 0.3530274 0.6330567 0.3530274 0.6330567 0.3203125 0.6647949 0.3530274 0.6647949 0.3603516 0.6330567 0.3530274 0.6647949 0.3603516 0.6647949 0.2851563 0.6647949 0.2851563 0.6330567 0.2734375 0.6330567 0.3203125 0.6647949 0.2851563 0.6330567 0.2851563 0.6647949 0.2851563 0.6647949 0.2734375 0.6330567 0.2734375 0.6647949 0.3530274 0.6953125 0.3603516 0.6647949 0.3530274 0.6647949 0.3603516 0.6647949 0.3530274 0.6953125 0.3603516 0.6953125 0.3530274 0.6647949 0.3203125 0.6953125 0.3530274 0.6953125 0.3203125 0.6953125 0.3530274 0.6647949 0.3203125 0.6647949 0.3203125 0.6647949 0.2851563 0.6953125 0.3203125 0.6953125 0.2851563 0.6953125 0.3203125 0.6647949 0.2851563 0.6647949 0.2851563 0.6953125 0.2851563 0.6647949 0.2734375 0.6647949 0.2851563 0.6953125 0.2734375 0.6647949 0.2734375 0.6953125 0.8662109 0.1826171 0.8623047 0.1816406 0.8662109 0.1699218 0.8623047 0.1816406 0.8432617 0.1762695 0.8662109 0.1699218 0.8432617 0.1762695 0.8623047 0.1816406 0.8574219 0.1904296 0.8603516 0.1591796 0.8662109 0.1699218 0.8432617 0.1762695 0.8574219 0.1904296 0.8486328 0.1953125 0.8432617 0.1762695 0.8496094 0.1533203 0.8603516 0.1591796 0.8432617 0.1762695 0.8432617 0.1762695 0.8486328 0.1953125 0.8378906 0.1953125 0.8369141 0.1533203 0.8496094 0.1533203 0.8432617 0.1762695 0.8432617 0.1762695 0.8378906 0.1953125 0.8291016 0.1904296 0.8432617 0.1762695 0.8261719 0.1591796 0.8369141 0.1533203 0.8432617 0.1762695 0.8291016 0.1904296 0.8242188 0.1816406 0.8203125 0.1699218 0.8261719 0.1591796 0.8432617 0.1762695 0.8203125 0.1699218 0.8432617 0.1762695 0.8242188 0.1816406 0.8203125 0.1826171 0.8203125 0.1699218 0.8242188 0.1816406 0.3330078 0.9498291 0.3339844 0.9458313 0.3215332 0.9458618 0.3276367 0.9690247 0.3330078 0.9498291 0.3215332 0.9458618 0.3417969 0.9549561 0.3330078 0.9498291 0.3276367 0.9690247 0.3215332 0.9458618 0.310791 0.9520569 0.3276367 0.9690247 0.3417969 0.9549561 0.3276367 0.9690247 0.3469238 0.9638977 0.310791 0.9520569 0.3046875 0.9628296 0.3276367 0.9690247 0.3469238 0.9741669 0.3469238 0.9638977 0.3276367 0.9690247 0.3046875 0.9628296 0.3046875 0.975235 0.3276367 0.9690247 0.3417969 0.9830628 0.3469238 0.9741669 0.3276367 0.9690247 0.3046875 0.975235 0.310791 0.9859772 0.3276367 0.9690247 0.3330078 0.988205 0.3417969 0.9830628 0.3276367 0.9690247 0.310791 0.9859772 0.3215332 0.9921875 0.3276367 0.9690247 0.3215332 0.9921875 0.3330078 0.988205 0.3276367 0.9690247 0.3215332 0.9921875 0.3339844 0.9921875 0.3330078 0.988205 0.6162109 0.1826171 0.6123047 0.1816406 0.6162109 0.1699218 0.6123047 0.1816406 0.5932617 0.1762695 0.6162109 0.1699218 0.5932617 0.1762695 0.6123047 0.1816406 0.6074219 0.1904296 0.6103516 0.1591796 0.6162109 0.1699218 0.5932617 0.1762695 0.6074219 0.1904296 0.5986328 0.1953125 0.5932617 0.1762695 0.5996094 0.1533203 0.6103516 0.1591796 0.5932617 0.1762695 0.5932617 0.1762695 0.5986328 0.1953125 0.5878906 0.1953125 0.5869141 0.1533203 0.5996094 0.1533203 0.5932617 0.1762695 0.5932617 0.1762695 0.5878906 0.1953125 0.5791016 0.1904296 0.5932617 0.1762695 0.5761719 0.1591796 0.5869141 0.1533203 0.5932617 0.1762695 0.5791016 0.1904296 0.5742188 0.1816406 0.5703125 0.1699218 0.5761719 0.1591796 0.5932617 0.1762695 0.5703125 0.1699218 0.5932617 0.1762695 0.5742188 0.1816406 0.5703125 0.1826171 0.5703125 0.1699218 0.5742188 0.1816406 0.1455078 0.1845703 0.1464843 0.180664 0.1340332 0.180664 0.1402587 0.2036132 0.1455078 0.1845703 0.1340332 0.180664 0.1542968 0.1894531 0.1455078 0.1845703 0.1402587 0.2036132 0.1340332 0.180664 0.123352 0.1865234 0.1402587 0.2036132 0.1542968 0.1894531 0.1402587 0.2036132 0.1595458 0.1987304 0.123352 0.1865234 0.1171875 0.1972656 0.1402587 0.2036132 0.1595458 0.2089843 0.1595458 0.1987304 0.1402587 0.2036132 0.1171875 0.1972656 0.1171875 0.2099609 0.1402587 0.2036132 0.1542968 0.2177734 0.1595458 0.2089843 0.1402587 0.2036132 0.1171875 0.2099609 0.123352 0.2207031 0.1402587 0.2036132 0.1455078 0.2226562 0.1542968 0.2177734 0.1402587 0.2036132 0.123352 0.2207031 0.1340332 0.2265625 0.1402587 0.2036132 0.1340332 0.2265625 0.1455078 0.2226562 0.1402587 0.2036132 0.1340332 0.2265625 0.1464843 0.2265625 0.1455078 0.2226562 0.8037109 0.1826171 0.7998047 0.1816406 0.8037109 0.1699218 0.7998047 0.1816406 0.7807617 0.1762695 0.8037109 0.1699218 0.7807617 0.1762695 0.7998047 0.1816406 0.7949219 0.1904296 0.7978516 0.1591796 0.8037109 0.1699218 0.7807617 0.1762695 0.7949219 0.1904296 0.7861328 0.1953125 0.7807617 0.1762695 0.7871094 0.1533203 0.7978516 0.1591796 0.7807617 0.1762695 0.7807617 0.1762695 0.7861328 0.1953125 0.7753906 0.1953125 0.7744141 0.1533203 0.7871094 0.1533203 0.7807617 0.1762695 0.7807617 0.1762695 0.7753906 0.1953125 0.7666016 0.1904296 0.7807617 0.1762695 0.7636719 0.1591796 0.7744141 0.1533203 0.7807617 0.1762695 0.7666016 0.1904296 0.7617188 0.1816406 0.7578125 0.1699218 0.7636719 0.1591796 0.7807617 0.1762695 0.7578125 0.1699218 0.7807617 0.1762695 0.7617188 0.1816406 0.7578125 0.1826171 0.7578125 0.1699218 0.7617188 0.1816406 0.2080078 0.1845703 0.2089843 0.180664 0.1965332 0.180664 0.2027587 0.2036132 0.2080078 0.1845703 0.1965332 0.180664 0.2167968 0.1894531 0.2080078 0.1845703 0.2027587 0.2036132 0.1965332 0.180664 0.185791 0.1865234 0.2027587 0.2036132 0.2167968 0.1894531 0.2027587 0.2036132 0.2220458 0.1987304 0.185791 0.1865234 0.1796875 0.1972656 0.2027587 0.2036132 0.2220458 0.2089843 0.2220458 0.1987304 0.2027587 0.2036132 0.1796875 0.1972656 0.1796875 0.2099609 0.2027587 0.2036132 0.2167968 0.2177734 0.2220458 0.2089843 0.2027587 0.2036132 0.1796875 0.2099609 0.185791 0.2207031 0.2027587 0.2036132 0.2080078 0.2226562 0.2167968 0.2177734 0.2027587 0.2036132 0.185791 0.2207031 0.1965332 0.2265625 0.2027587 0.2036132 0.1965332 0.2265625 0.2080078 0.2226562 0.2027587 0.2036132 0.1965332 0.2265625 0.2089843 0.2265625 0.2080078 0.2226562 0.5537109 0.1826171 0.5498047 0.1816406 0.5537109 0.1699218 0.5498047 0.1816406 0.5307617 0.1762695 0.5537109 0.1699218 0.5307617 0.1762695 0.5498047 0.1816406 0.5449219 0.1904296 0.5478516 0.1591796 0.5537109 0.1699218 0.5307617 0.1762695 0.5449219 0.1904296 0.5361328 0.1953125 0.5307617 0.1762695 0.5371094 0.1533203 0.5478516 0.1591796 0.5307617 0.1762695 0.5307617 0.1762695 0.5361328 0.1953125 0.5253906 0.1953125 0.5244141 0.1533203 0.5371094 0.1533203 0.5307617 0.1762695 0.5307617 0.1762695 0.5253906 0.1953125 0.5166016 0.1904296 0.5307617 0.1762695 0.5136719 0.1591796 0.5244141 0.1533203 0.5307617 0.1762695 0.5166016 0.1904296 0.5117188 0.1816406 0.5078125 0.1699218 0.5136719 0.1591796 0.5307617 0.1762695 0.5078125 0.1699218 0.5307617 0.1762695 0.5117188 0.1816406 0.5078125 0.1826171 0.5078125 0.1699218 0.5117188 0.1816406 0.4111328 0.1689453 0.4121094 0.165039 0.3996582 0.165039 0.4057617 0.1879882 0.4111328 0.1689453 0.3996582 0.165039 0.4199219 0.1738281 0.4111328 0.1689453 0.4057617 0.1879882 0.3996582 0.165039 0.388916 0.1708984 0.4057617 0.1879882 0.4199219 0.1738281 0.4057617 0.1879882 0.4250488 0.1831054 0.388916 0.1708984 0.3828125 0.1816406 0.4057617 0.1879882 0.4250488 0.1933593 0.4250488 0.1831054 0.4057617 0.1879882 0.3828125 0.1816406 0.3828125 0.1943359 0.4057617 0.1879882 0.4199219 0.2021484 0.4250488 0.1933593 0.4057617 0.1879882 0.3828125 0.1943359 0.388916 0.2050781 0.4057617 0.1879882 0.4111328 0.2070312 0.4199219 0.2021484 0.4057617 0.1879882 0.388916 0.2050781 0.3996582 0.2109375 0.4057617 0.1879882 0.3996582 0.2109375 0.4111328 0.2070312 0.4057617 0.1879882 0.3996582 0.2109375 0.4121094 0.2109375 0.4111328 0.2070312 0.8569336 0.08398437 0.8647461 0.0883789 0.8691406 0.0961914 0.8481445 0.08398437 0.8569336 0.08398437 0.8691406 0.0961914 0.840332 0.0883789 0.8481445 0.08398437 0.8691406 0.0961914 0.8691406 0.0961914 0.8691406 0.1049804 0.8647461 0.1127929 0.8691406 0.0961914 0.8647461 0.1127929 0.840332 0.0883789 0.8647461 0.1127929 0.8569336 0.1171875 0.8481445 0.1171875 0.8481445 0.1171875 0.840332 0.0883789 0.8647461 0.1127929 0.8481445 0.1171875 0.840332 0.1127929 0.840332 0.0883789 0.840332 0.1127929 0.8359375 0.1049804 0.840332 0.0883789 0.8359375 0.1049804 0.8359375 0.0961914 0.840332 0.0883789 0.1080932 0.02539062 0.1015625 0.02832031 0.1044311 0.0234375 0.1015625 0.02832031 0.1080932 0.02539062 0.1054077 0.03027343 0.1098632 0.02880859 0.1054077 0.03027343 0.1080932 0.02539062 0.1135253 0.02539062 0.1098632 0.02880859 0.1080932 0.02539062 0.1079101 0.02148437 0.1135253 0.02539062 0.1080932 0.02539062 0.1135253 0.02539062 0.1079101 0.02148437 0.1137695 0.02148437 0.1201171 0.02832031 0.1135253 0.02539062 0.1172485 0.0234375 0.1135253 0.02539062 0.1201171 0.02832031 0.1162719 0.03027343 0.1135253 0.02539062 0.1116943 0.02880859 0.1098632 0.02880859 0.1126098 0.03027343 0.1135253 0.02539062 0.1162719 0.03027343 0.1135253 0.02539062 0.1126098 0.03027343 0.1116943 0.02880859 0.1090087 0.03027343 0.1098632 0.02880859 0.1116943 0.02880859 0.1054077 0.03027343 0.1098632 0.02880859 0.1090087 0.03027343 0.1116943 0.02880859 0.1126098 0.03027343 0.1116943 0.03173828 0.1116943 0.03173828 0.1090087 0.03027343 0.1116943 0.02880859 0.1162719 0.03027343 0.1116943 0.03173828 0.1126098 0.03027343 0.1054077 0.03027343 0.1090087 0.03027343 0.1098632 0.03173828 0.1116943 0.03173828 0.1098632 0.03173828 0.1090087 0.03027343 0.1054077 0.03027343 0.1098632 0.03173828 0.1081542 0.03515625 0.1116943 0.03173828 0.1081542 0.03515625 0.1098632 0.03173828 0.1081542 0.03515625 0.1015625 0.03222656 0.1054077 0.03027343 0.1015625 0.03222656 0.1081542 0.03515625 0.1044921 0.03710937 0.1116943 0.03173828 0.1162719 0.03027343 0.1135253 0.03515625 0.1135253 0.03515625 0.1081542 0.03515625 0.1116943 0.03173828 0.1200561 0.03222656 0.1135253 0.03515625 0.1162719 0.03027343 0.1171264 0.03759765 0.1135253 0.03515625 0.1200561 0.03222656 0.1135253 0.03515625 0.1079101 0.0390625 0.1081542 0.03515625 0.1079101 0.0390625 0.1135253 0.03515625 0.1137084 0.0390625 0.2017822 0.02539062 0.1953125 0.02832031 0.1981201 0.0234375 0.1953125 0.02832031 0.2017822 0.02539062 0.1990966 0.03027343 0.2036132 0.02880859 0.1990966 0.03027343 0.2017822 0.02539062 0.2072753 0.02539062 0.2036132 0.02880859 0.2017822 0.02539062 0.2016601 0.02148437 0.2072753 0.02539062 0.2017822 0.02539062 0.2072753 0.02539062 0.2016601 0.02148437 0.2075195 0.02148437 0.2138671 0.02832031 0.2072753 0.02539062 0.2109375 0.0234375 0.2072753 0.02539062 0.2138671 0.02832031 0.2099609 0.03027343 0.2072753 0.02539062 0.2054443 0.02880859 0.2036132 0.02880859 0.2062988 0.03027343 0.2072753 0.02539062 0.2099609 0.03027343 0.2072753 0.02539062 0.2062988 0.03027343 0.2054443 0.02880859 0.2027587 0.03027343 0.2036132 0.02880859 0.2054443 0.02880859 0.1990966 0.03027343 0.2036132 0.02880859 0.2027587 0.03027343 0.2054443 0.02880859 0.2062988 0.03027343 0.2054443 0.03173828 0.2054443 0.03173828 0.2027587 0.03027343 0.2054443 0.02880859 0.2099609 0.03027343 0.2054443 0.03173828 0.2062988 0.03027343 0.1990966 0.03027343 0.2027587 0.03027343 0.2036132 0.03173828 0.2054443 0.03173828 0.2036132 0.03173828 0.2027587 0.03027343 0.1990966 0.03027343 0.2036132 0.03173828 0.2019042 0.03515625 0.2054443 0.03173828 0.2019042 0.03515625 0.2036132 0.03173828 0.2019042 0.03515625 0.1953125 0.03222656 0.1990966 0.03027343 0.1953125 0.03222656 0.2019042 0.03515625 0.1982421 0.03710937 0.2054443 0.03173828 0.2099609 0.03027343 0.2072753 0.03515625 0.2072753 0.03515625 0.2019042 0.03515625 0.2054443 0.03173828 0.2137451 0.03222656 0.2072753 0.03515625 0.2099609 0.03027343 0.2108154 0.03759765 0.2072753 0.03515625 0.2137451 0.03222656 0.2072753 0.03515625 0.2016601 0.0390625 0.2019042 0.03515625 0.2016601 0.0390625 0.2072753 0.03515625 0.2073974 0.0390625 0.1549072 0.02539062 0.1484375 0.02832031 0.1512451 0.0234375 0.1484375 0.02832031 0.1549072 0.02539062 0.1522216 0.03027343 0.1567382 0.02880859 0.1522216 0.03027343 0.1549072 0.02539062 0.1604003 0.02539062 0.1567382 0.02880859 0.1549072 0.02539062 0.1547851 0.02148437 0.1604003 0.02539062 0.1549072 0.02539062 0.1604003 0.02539062 0.1547851 0.02148437 0.1606445 0.02148437 0.1669921 0.02832031 0.1604003 0.02539062 0.1640625 0.0234375 0.1604003 0.02539062 0.1669921 0.02832031 0.1630859 0.03027343 0.1604003 0.02539062 0.1585693 0.02880859 0.1567382 0.02880859 0.1594238 0.03027343 0.1604003 0.02539062 0.1630859 0.03027343 0.1604003 0.02539062 0.1594238 0.03027343 0.1585693 0.02880859 0.1558837 0.03027343 0.1567382 0.02880859 0.1585693 0.02880859 0.1522216 0.03027343 0.1567382 0.02880859 0.1558837 0.03027343 0.1585693 0.02880859 0.1594238 0.03027343 0.1585693 0.03173828 0.1585693 0.03173828 0.1558837 0.03027343 0.1585693 0.02880859 0.1630859 0.03027343 0.1585693 0.03173828 0.1594238 0.03027343 0.1522216 0.03027343 0.1558837 0.03027343 0.1567382 0.03173828 0.1585693 0.03173828 0.1567382 0.03173828 0.1558837 0.03027343 0.1522216 0.03027343 0.1567382 0.03173828 0.1550292 0.03515625 0.1585693 0.03173828 0.1550292 0.03515625 0.1567382 0.03173828 0.1550292 0.03515625 0.1484375 0.03222656 0.1522216 0.03027343 0.1484375 0.03222656 0.1550292 0.03515625 0.1513671 0.03710937 0.1585693 0.03173828 0.1630859 0.03027343 0.1604003 0.03515625 0.1604003 0.03515625 0.1550292 0.03515625 0.1585693 0.03173828 0.1668701 0.03222656 0.1604003 0.03515625 0.1630859 0.03027343 0.1639404 0.03759765 0.1604003 0.03515625 0.1668701 0.03222656 0.1604003 0.03515625 0.1547851 0.0390625 0.1550292 0.03515625 0.1547851 0.0390625 0.1604003 0.03515625 0.1605224 0.0390625 0.02153015 0.7202149 0.01876831 0.7265625 0.02384948 0.723877 0.01876831 0.7265625 0.02153015 0.7202149 0.01679992 0.7229004 0.01840209 0.7182617 0.01679992 0.7229004 0.02153015 0.7202149 0.02151489 0.7145996 0.01840209 0.7182617 0.02153015 0.7202149 0.02586364 0.7202149 0.02151489 0.7145996 0.02153015 0.7202149 0.02151489 0.7145996 0.02586364 0.7202149 0.02583312 0.7143555 0.01872253 0.7080078 0.02151489 0.7145996 0.02381896 0.7109375 0.02151489 0.7145996 0.01872253 0.7080078 0.0167694 0.7119141 0.02151489 0.7145996 0.01843261 0.7165527 0.01840209 0.7182617 0.0168457 0.7155762 0.02151489 0.7145996 0.0167694 0.7119141 0.02151489 0.7145996 0.0168457 0.7155762 0.01843261 0.7165527 0.01681518 0.7192383 0.01840209 0.7182617 0.01843261 0.7165527 0.01679992 0.7229004 0.01840209 0.7182617 0.01681518 0.7192383 0.01843261 0.7165527 0.0168457 0.7155762 0.01520538 0.7165527 0.01520538 0.7165527 0.01681518 0.7192383 0.01843261 0.7165527 0.0167694 0.7119141 0.01520538 0.7165527 0.0168457 0.7155762 0.01679992 0.7229004 0.01681518 0.7192383 0.01522827 0.7182617 0.01520538 0.7165527 0.01522827 0.7182617 0.01681518 0.7192383 0.01679992 0.7229004 0.01522827 0.7182617 0.01209259 0.7199707 0.01520538 0.7165527 0.01209259 0.7199707 0.01522827 0.7182617 0.01209259 0.7199707 0.01482391 0.7265625 0.01679992 0.7229004 0.01482391 0.7265625 0.01209259 0.7199707 0.009765625 0.7236328 0.01520538 0.7165527 0.0167694 0.7119141 0.01209259 0.7145996 0.01209259 0.7145996 0.01209259 0.7199707 0.01520538 0.7165527 0.0147705 0.708252 0.01209259 0.7145996 0.0167694 0.7119141 0.009750366 0.7111817 0.01209259 0.7145996 0.0147705 0.708252 0.01209259 0.7145996 0.0078125 0.7202149 0.01209259 0.7199707 0.0078125 0.7202149 0.01209259 0.7145996 0.0078125 0.7145996 0.0078125 0.0336914 0.0078125 0.0258789 0.01327514 0.02050781 0.01327514 0.02050781 0.02101135 0.02050781 0.0078125 0.0336914 0.0078125 0.0336914 0.02101135 0.02050781 0.02647399 0.0258789 0.02647399 0.0258789 0.02647399 0.0336914 0.0078125 0.0336914 0.02647399 0.0336914 0.02101135 0.0390625 0.0078125 0.0336914 0.02101135 0.0390625 0.01327514 0.0390625 0.0078125 0.0336914 0.8984375 0.0649414 0.8984375 0.0571289 0.9038086 0.05175781 0.9038086 0.05175781 0.9116211 0.05175781 0.8984375 0.0649414 0.8984375 0.0649414 0.9116211 0.05175781 0.9169922 0.0571289 0.9169922 0.0571289 0.9169922 0.0649414 0.8984375 0.0649414 0.9169922 0.0649414 0.9116211 0.0703125 0.8984375 0.0649414 0.9116211 0.0703125 0.9038086 0.0703125 0.8984375 0.0649414 0.9453125 0.0649414 0.9453125 0.0571289 0.9506836 0.05175781 0.9506836 0.05175781 0.9584961 0.05175781 0.9453125 0.0649414 0.9453125 0.0649414 0.9584961 0.05175781 0.9638672 0.0571289 0.9638672 0.0571289 0.9638672 0.0649414 0.9453125 0.0649414 0.9638672 0.0649414 0.9584961 0.0703125 0.9453125 0.0649414 0.9584961 0.0703125 0.9506836 0.0703125 0.9453125 0.0649414 0.8203125 0.0493164 0.8203125 0.0415039 0.8256836 0.03613281 0.8256836 0.03613281 0.8334961 0.03613281 0.8203125 0.0493164 0.8203125 0.0493164 0.8334961 0.03613281 0.8388672 0.0415039 0.8388672 0.0415039 0.8388672 0.0493164 0.8203125 0.0493164 0.8388672 0.0493164 0.8334961 0.0546875 0.8203125 0.0493164 0.8334961 0.0546875 0.8256836 0.0546875 0.8203125 0.0493164 0.0546875 0.0336914 0.0546875 0.0258789 0.06015014 0.02050781 0.06015014 0.02050781 0.06787109 0.02050781 0.0546875 0.0336914 0.0546875 0.0336914 0.06787109 0.02050781 0.07330322 0.0258789 0.07330322 0.0258789 0.07330322 0.0336914 0.0546875 0.0336914 0.07330322 0.0336914 0.06787109 0.0390625 0.0546875 0.0336914 0.06787109 0.0390625 0.06015014 0.0390625 0.0546875 0.0336914 0.2214355 0.4863281 0.2176513 0.4765625 0.2244873 0.4794922 0.2214355 0.4863281 0.2122802 0.4897461 0.2176513 0.4765625 0.2122802 0.4897461 0.2111816 0.4741211 0.2176513 0.4765625 0.2122802 0.4897461 0.2214355 0.4863281 0.2127685 0.4946289 0.2065429 0.4907227 0.2111816 0.4741211 0.2122802 0.4897461 0.2065429 0.4907227 0.2122802 0.4897461 0.2127685 0.4946289 0.2065429 0.4907227 0.2042236 0.4726563 0.2111816 0.4741211 0.2214355 0.4863281 0.2160644 0.5004883 0.2127685 0.4946289 0.201538 0.4902344 0.2042236 0.4726563 0.2065429 0.4907227 0.201538 0.4902344 0.1975097 0.4716797 0.2042236 0.4726563 0.2127685 0.4946289 0.2065429 0.4960938 0.2065429 0.4907227 0.2065429 0.4907227 0.2065429 0.4960938 0.201538 0.4902344 0.2127685 0.4946289 0.2087402 0.5026856 0.2065429 0.4960938 0.2087402 0.5026856 0.2127685 0.4946289 0.2160644 0.5004883 0.2065429 0.4960938 0.201538 0.4960938 0.201538 0.4902344 0.2337646 0.5356445 0.2160644 0.5004883 0.2282714 0.4951172 0.2026367 0.5029297 0.2065429 0.4960938 0.2087402 0.5026856 0.2065429 0.4960938 0.2026367 0.5029297 0.201538 0.4960938 0.2160644 0.5004883 0.2337646 0.5356445 0.21875 0.5385742 0.2365722 0.5771484 0.21875 0.5385742 0.2337646 0.5356445 0.2160644 0.5004883 0.2113037 0.5395508 0.2087402 0.5026856 0.2113037 0.5395508 0.2160644 0.5004883 0.21875 0.5385742 0.21875 0.5385742 0.2365722 0.5771484 0.2203369 0.5788574 0.2203369 0.5788574 0.2113037 0.5395508 0.21875 0.5385742 0.2393798 0.6220703 0.2203369 0.5788574 0.2365722 0.5771484 0.2087402 0.5026856 0.2113037 0.5395508 0.2039794 0.5400391 0.2039794 0.5400391 0.2026367 0.5029297 0.2087402 0.5026856 0.2203369 0.5788574 0.2393798 0.6220703 0.2226562 0.623291 0.2415771 0.6623535 0.2226562 0.623291 0.2393798 0.6220703 0.2226562 0.623291 0.2415771 0.6623535 0.2250976 0.6635742 0.2113037 0.5395508 0.2203369 0.5788574 0.2122802 0.5795899 0.2226562 0.623291 0.2122802 0.5795899 0.2203369 0.5788574 0.2250976 0.6635742 0.2135009 0.6237793 0.2226562 0.623291 0.2122802 0.5795899 0.2226562 0.623291 0.2135009 0.6237793 0.2135009 0.6237793 0.2250976 0.6635742 0.2150878 0.6640625 0.2135009 0.6237793 0.2150878 0.6640625 0.204956 0.6640625 0.204956 0.6640625 0.2044677 0.6242676 0.2135009 0.6237793 0.2044677 0.6242676 0.2122802 0.5795899 0.2135009 0.6237793 0.2044677 0.6242676 0.204956 0.6640625 0.1949462 0.6640625 0.2113037 0.5395508 0.2122802 0.5795899 0.2041015 0.5800781 0.2122802 0.5795899 0.2044677 0.6242676 0.2041015 0.5800781 0.2041015 0.5800781 0.2039794 0.5400391 0.2113037 0.5395508 0.1949462 0.6640625 0.1954345 0.6242676 0.2044677 0.6242676 0.1954345 0.6242676 0.2041015 0.5800781 0.2044677 0.6242676 0.2039794 0.5400391 0.2041015 0.5800781 0.1960449 0.5800781 0.2041015 0.5800781 0.1954345 0.6242676 0.1960449 0.5800781 0.1949462 0.6640625 0.1864013 0.6240234 0.1954345 0.6242676 0.1864013 0.6240234 0.1949462 0.6640625 0.1848144 0.6638184 0.1954345 0.6242676 0.1879882 0.579834 0.1960449 0.5800781 0.1879882 0.579834 0.1954345 0.6242676 0.1864013 0.6240234 0.1960449 0.5800781 0.1965332 0.5400391 0.2039794 0.5400391 0.2026367 0.5029297 0.2039794 0.5400391 0.1965332 0.5400391 0.1892089 0.5397949 0.1960449 0.5800781 0.1879882 0.579834 0.1960449 0.5800781 0.1892089 0.5397949 0.1965332 0.5400391 0.1965332 0.5400391 0.1970214 0.5026856 0.2026367 0.5029297 0.2026367 0.5029297 0.1970214 0.5026856 0.201538 0.4960938 0.1914062 0.5026856 0.1965332 0.5400391 0.1892089 0.5397949 0.1965332 0.5400391 0.1914062 0.5026856 0.1970214 0.5026856 0.1970214 0.5026856 0.1971435 0.4960938 0.201538 0.4960938 0.192749 0.4960938 0.1970214 0.5026856 0.1914062 0.5026856 0.1970214 0.5026856 0.192749 0.4960938 0.1971435 0.4960938 0.1971435 0.4960938 0.1972656 0.4902344 0.201538 0.4960938 0.192749 0.4960938 0.1972656 0.4902344 0.1971435 0.4960938 0.201538 0.4960938 0.1972656 0.4902344 0.201538 0.4902344 0.1972656 0.4902344 0.1975097 0.4716797 0.201538 0.4902344 0.192871 0.4902344 0.1975097 0.4716797 0.1972656 0.4902344 0.1972656 0.4902344 0.192749 0.4960938 0.192871 0.4902344 0.1975097 0.4716797 0.192871 0.4902344 0.1906738 0.472168 0.1877441 0.4960938 0.192871 0.4902344 0.192749 0.4960938 0.1914062 0.5026856 0.1877441 0.4960938 0.192749 0.4960938 0.1878662 0.4902344 0.1906738 0.472168 0.192871 0.4902344 0.192871 0.4902344 0.1877441 0.4960938 0.1878662 0.4902344 0.1906738 0.472168 0.1878662 0.4902344 0.1837158 0.4736328 0.1877441 0.4960938 0.1914062 0.5026856 0.1853027 0.5021973 0.1892089 0.5397949 0.1853027 0.5021973 0.1914062 0.5026856 0.1815185 0.4941406 0.1878662 0.4902344 0.1877441 0.4960938 0.1853027 0.5021973 0.1815185 0.4941406 0.1877441 0.4960938 0.1822509 0.4892578 0.1837158 0.4736328 0.1878662 0.4902344 0.1878662 0.4902344 0.1815185 0.4941406 0.1822509 0.4892578 0.1837158 0.4736328 0.1822509 0.4892578 0.177124 0.4760742 0.1730957 0.4858399 0.177124 0.4760742 0.1822509 0.4892578 0.1730957 0.4858399 0.1822509 0.4892578 0.1815185 0.4941406 0.177124 0.4760742 0.1730957 0.4858399 0.170288 0.4790039 0.1781005 0.5 0.1730957 0.4858399 0.1815185 0.4941406 0.1815185 0.4941406 0.1853027 0.5021973 0.1781005 0.5 0.1853027 0.5021973 0.1892089 0.5397949 0.1818847 0.5390625 0.1818847 0.5390625 0.1781005 0.5 0.1853027 0.5021973 0.1879882 0.579834 0.1818847 0.5390625 0.1892089 0.5397949 0.1595458 0.534668 0.1660156 0.4941406 0.1781005 0.5 0.1781005 0.5 0.1744384 0.5380859 0.1595458 0.534668 0.1781005 0.5 0.1818847 0.5390625 0.1744384 0.5380859 0.1744384 0.5380859 0.1556396 0.5759277 0.1595458 0.534668 0.1818847 0.5390625 0.1879882 0.579834 0.1798095 0.5791016 0.1744384 0.5380859 0.1717529 0.578125 0.1556396 0.5759277 0.1818847 0.5390625 0.1717529 0.578125 0.1744384 0.5380859 0.1818847 0.5390625 0.1798095 0.5791016 0.1717529 0.578125 0.1717529 0.578125 0.1516113 0.6208496 0.1556396 0.5759277 0.1864013 0.6240234 0.1798095 0.5791016 0.1879882 0.579834 0.1516113 0.6208496 0.1717529 0.578125 0.1683349 0.6225586 0.1798095 0.5791016 0.1683349 0.6225586 0.1717529 0.578125 0.1683349 0.6225586 0.1484375 0.6611328 0.1516113 0.6208496 0.1683349 0.6225586 0.1647949 0.6625977 0.1484375 0.6611328 0.1773681 0.623291 0.1798095 0.5791016 0.1864013 0.6240234 0.1798095 0.5791016 0.1773681 0.623291 0.1683349 0.6225586 0.1773681 0.623291 0.1647949 0.6625977 0.1683349 0.6225586 0.1848144 0.6638184 0.1773681 0.623291 0.1864013 0.6240234 0.1773681 0.623291 0.1748046 0.6633301 0.1647949 0.6625977 0.1773681 0.623291 0.1848144 0.6638184 0.1748046 0.6633301 0.0861206 0.2016601 0.08294677 0.2109375 0.08673095 0.2109375 0.08294677 0.2109375 0.0861206 0.2016601 0.08239746 0.2021484 0.08630371 0.196289 0.08239746 0.2021484 0.0861206 0.2016601 0.07897949 0.2026367 0.08294677 0.2109375 0.08239746 0.2021484 0.08294677 0.2109375 0.07897949 0.2026367 0.07897949 0.2109375 0.08239746 0.2021484 0.08630371 0.196289 0.08251953 0.1958007 0.08251953 0.1958007 0.07897949 0.2026367 0.08239746 0.2021484 0.08728027 0.1708984 0.08251953 0.1958007 0.08630371 0.196289 0.07562255 0.2021484 0.07897949 0.2109375 0.07897949 0.2026367 0.07897949 0.2109375 0.07562255 0.2021484 0.0750122 0.2109375 0.07562255 0.2021484 0.07122802 0.2109375 0.0750122 0.2109375 0.07189941 0.2016601 0.07122802 0.2109375 0.07562255 0.2021484 0.0717163 0.196289 0.07189941 0.2016601 0.07562255 0.2021484 0.07550048 0.1958007 0.07562255 0.2021484 0.07897949 0.2026367 0.0717163 0.196289 0.07562255 0.2021484 0.07550048 0.1958007 0.07897949 0.2026367 0.07897949 0.1953125 0.07550048 0.1958007 0.07897949 0.2026367 0.08251953 0.1958007 0.07897949 0.1953125 0.07470703 0.1699218 0.0717163 0.196289 0.07550048 0.1958007 0.07470703 0.1699218 0.07550048 0.1958007 0.07897949 0.1953125 0.0717163 0.196289 0.07470703 0.1699218 0.07067871 0.1708984 0.0703125 0.1586914 0.07067871 0.1708984 0.07470703 0.1699218 0.08251953 0.1958007 0.07897949 0.1689453 0.07897949 0.1953125 0.07470703 0.1699218 0.07897949 0.1953125 0.07897949 0.1689453 0.07470703 0.1699218 0.07452392 0.1596679 0.0703125 0.1586914 0.07897949 0.1689453 0.07452392 0.1596679 0.07470703 0.1699218 0.07452392 0.1596679 0.07043457 0.102539 0.0703125 0.1586914 0.07043457 0.102539 0.07452392 0.1596679 0.07470703 0.102539 0.07897949 0.1601562 0.07470703 0.102539 0.07452392 0.1596679 0.07452392 0.1596679 0.07897949 0.1689453 0.07897949 0.1601562 0.07470703 0.102539 0.07897949 0.1601562 0.07897949 0.102539 0.07897949 0.102539 0.07897949 0.1601562 0.08331298 0.102539 0.08349609 0.1596679 0.08331298 0.102539 0.07897949 0.1601562 0.07897949 0.1689453 0.08349609 0.1596679 0.07897949 0.1601562 0.08349609 0.1596679 0.08758544 0.102539 0.08331298 0.102539 0.08758544 0.102539 0.08349609 0.1596679 0.08770751 0.1586914 0.08349609 0.1596679 0.07897949 0.1689453 0.08331298 0.1699218 0.08331298 0.1699218 0.08770751 0.1586914 0.08349609 0.1596679 0.07897949 0.1689453 0.08251953 0.1958007 0.08331298 0.1699218 0.08770751 0.1586914 0.08331298 0.1699218 0.08728027 0.1708984 0.08251953 0.1958007 0.08728027 0.1708984 0.08331298 0.1699218 0.5493164 0.4931641 0.5454102 0.5029297 0.5522461 0.5 0.5493164 0.4931641 0.5400391 0.4897461 0.5454102 0.5029297 0.5400391 0.4897461 0.5390625 0.5053711 0.5454102 0.5029297 0.5400391 0.4897461 0.5493164 0.4931641 0.5405274 0.4853516 0.534668 0.4892578 0.5390625 0.5053711 0.5400391 0.4897461 0.534668 0.4892578 0.5400391 0.4897461 0.5405274 0.4853516 0.534668 0.4892578 0.5322266 0.5070801 0.5390625 0.5053711 0.5493164 0.4931641 0.5439453 0.4790039 0.5405274 0.4853516 0.5292969 0.4892578 0.5322266 0.5070801 0.534668 0.4892578 0.5292969 0.4892578 0.5253906 0.5078125 0.5322266 0.5070801 0.5405274 0.4853516 0.534668 0.4833984 0.534668 0.4892578 0.5253906 0.4892578 0.5253906 0.5078125 0.5292969 0.4892578 0.534668 0.4892578 0.5292969 0.4833984 0.5292969 0.4892578 0.5292969 0.4833984 0.5253906 0.4892578 0.5292969 0.4892578 0.5292969 0.4833984 0.534668 0.4892578 0.534668 0.4833984 0.5209961 0.4897461 0.5253906 0.5078125 0.5253906 0.4892578 0.5253906 0.5078125 0.5209961 0.4897461 0.5185547 0.5073242 0.5249024 0.4833984 0.5253906 0.4892578 0.5292969 0.4833984 0.5249024 0.4833984 0.5209961 0.4897461 0.5253906 0.4892578 0.534668 0.4833984 0.5307617 0.4765625 0.5292969 0.4833984 0.5292969 0.4833984 0.5249024 0.4770508 0.5249024 0.4833984 0.5249024 0.4770508 0.5292969 0.4833984 0.5307617 0.4765625 0.5405274 0.4853516 0.5366211 0.4770508 0.534668 0.4833984 0.5307617 0.4765625 0.534668 0.4833984 0.5366211 0.4770508 0.5366211 0.4770508 0.5405274 0.4853516 0.5439453 0.4790039 0.5249024 0.4770508 0.5205078 0.4838867 0.5249024 0.4833984 0.5209961 0.4897461 0.5249024 0.4833984 0.5205078 0.4838867 0.5615234 0.4438477 0.5439453 0.4790039 0.5561524 0.4848633 0.515625 0.4838867 0.5209961 0.4897461 0.5205078 0.4838867 0.5439453 0.4790039 0.5615234 0.4438477 0.546875 0.440918 0.5644531 0.4023438 0.546875 0.440918 0.5615234 0.4438477 0.5439453 0.4790039 0.5390625 0.4399414 0.5366211 0.4770508 0.5390625 0.4399414 0.5439453 0.4790039 0.546875 0.440918 0.546875 0.440918 0.5644531 0.4023438 0.5483399 0.4008789 0.5673828 0.3574219 0.5483399 0.4008789 0.5644531 0.4023438 0.546875 0.440918 0.5400391 0.3999024 0.5390625 0.4399414 0.5400391 0.3999024 0.546875 0.440918 0.5483399 0.4008789 0.5317383 0.4394531 0.5366211 0.4770508 0.5390625 0.4399414 0.5366211 0.4770508 0.5317383 0.4394531 0.5307617 0.4765625 0.5322266 0.3994141 0.5390625 0.4399414 0.5400391 0.3999024 0.5390625 0.4399414 0.5322266 0.3994141 0.5317383 0.4394531 0.5244141 0.4394531 0.5307617 0.4765625 0.5317383 0.4394531 0.5307617 0.4765625 0.5244141 0.4394531 0.5249024 0.4770508 0.5239258 0.3994141 0.5317383 0.4394531 0.5322266 0.3994141 0.5317383 0.4394531 0.5239258 0.3994141 0.5244141 0.4394531 0.5244141 0.4394531 0.5195313 0.4765625 0.5249024 0.4770508 0.5205078 0.4838867 0.5249024 0.4770508 0.5195313 0.4765625 0.5195313 0.4765625 0.515625 0.4838867 0.5205078 0.4838867 0.5195313 0.4765625 0.5244141 0.4394531 0.5170899 0.4399414 0.5239258 0.3994141 0.5170899 0.4399414 0.5244141 0.4394531 0.515625 0.4838867 0.5195313 0.4765625 0.5131836 0.4770508 0.5170899 0.4399414 0.5131836 0.4770508 0.5195313 0.4765625 0.5170899 0.4399414 0.5239258 0.3994141 0.5161133 0.3999024 0.5131836 0.4770508 0.5170899 0.4399414 0.5097656 0.4404297 0.5161133 0.3999024 0.5097656 0.4404297 0.5170899 0.4399414 0.5322266 0.3994141 0.5234375 0.3554688 0.5239258 0.3994141 0.5234375 0.3554688 0.5161133 0.3999024 0.5239258 0.3994141 0.5234375 0.3554688 0.5322266 0.3994141 0.5322266 0.3554688 0.5400391 0.3999024 0.5322266 0.3554688 0.5322266 0.3994141 0.5161133 0.3999024 0.5234375 0.3554688 0.5141602 0.3554688 0.5322266 0.3554688 0.5400391 0.3999024 0.5415039 0.355957 0.5483399 0.4008789 0.5415039 0.355957 0.5400391 0.3999024 0.5322266 0.3554688 0.5229492 0.3154297 0.5234375 0.3554688 0.5229492 0.3154297 0.5141602 0.3554688 0.5234375 0.3554688 0.5229492 0.3154297 0.5322266 0.3554688 0.5327149 0.3154297 0.5415039 0.355957 0.5327149 0.3154297 0.5322266 0.3554688 0.5141602 0.3554688 0.5229492 0.3154297 0.5126953 0.3154297 0.5327149 0.3154297 0.5415039 0.355957 0.5429688 0.3154297 0.5126953 0.3154297 0.5053711 0.355957 0.5141602 0.3554688 0.5053711 0.355957 0.5126953 0.3154297 0.5029297 0.3164063 0.5053711 0.355957 0.5029297 0.3164063 0.4929199 0.3168945 0.5507813 0.3564453 0.5429688 0.3154297 0.5415039 0.355957 0.5415039 0.355957 0.5483399 0.4008789 0.5507813 0.3564453 0.5429688 0.3154297 0.5507813 0.3564453 0.5532227 0.315918 0.5483399 0.4008789 0.5673828 0.3574219 0.5507813 0.3564453 0.5507813 0.3564453 0.5693359 0.3168945 0.5532227 0.315918 0.5693359 0.3168945 0.5507813 0.3564453 0.5673828 0.3574219 0.5053711 0.355957 0.4929199 0.3168945 0.4963379 0.3569336 0.4963379 0.3569336 0.4929199 0.3168945 0.4765625 0.3183594 0.4963379 0.3569336 0.4765625 0.3183594 0.4797363 0.3583984 0.5078125 0.4003906 0.5053711 0.355957 0.4963379 0.3569336 0.5078125 0.4003906 0.5141602 0.3554688 0.5053711 0.355957 0.5161133 0.3999024 0.5141602 0.3554688 0.5078125 0.4003906 0.5097656 0.4404297 0.5161133 0.3999024 0.5078125 0.4003906 0.4797363 0.3583984 0.4997559 0.4013672 0.4963379 0.3569336 0.5078125 0.4003906 0.4963379 0.3569336 0.4997559 0.4013672 0.5097656 0.4404297 0.5078125 0.4003906 0.4997559 0.4013672 0.4997559 0.4013672 0.4797363 0.3583984 0.4836426 0.4038086 0.5097656 0.4404297 0.4997559 0.4013672 0.5024414 0.4414063 0.5024414 0.4414063 0.4997559 0.4013672 0.4836426 0.4038086 0.5131836 0.4770508 0.5097656 0.4404297 0.5024414 0.4414063 0.5024414 0.4414063 0.4836426 0.4038086 0.4875488 0.4448242 0.5131836 0.4770508 0.5024414 0.4414063 0.5058594 0.4794922 0.5058594 0.4794922 0.5024414 0.4414063 0.4875488 0.4448242 0.4875488 0.4448242 0.4941406 0.4858399 0.5058594 0.4794922 0.5058594 0.4794922 0.515625 0.4838867 0.5131836 0.4770508 0.515625 0.4838867 0.5058594 0.4794922 0.5092774 0.4853516 0.5058594 0.4794922 0.5009766 0.4936524 0.5092774 0.4853516 0.5092774 0.4853516 0.515625 0.4892578 0.515625 0.4838867 0.5209961 0.4897461 0.515625 0.4838867 0.515625 0.4892578 0.515625 0.4892578 0.5185547 0.5073242 0.5209961 0.4897461 0.5185547 0.5073242 0.515625 0.4892578 0.5117188 0.5058594 0.515625 0.4892578 0.5092774 0.4853516 0.5102539 0.4902344 0.5102539 0.4902344 0.5117188 0.5058594 0.515625 0.4892578 0.5009766 0.4936524 0.5102539 0.4902344 0.5092774 0.4853516 0.5117188 0.5058594 0.5102539 0.4902344 0.5048828 0.503418 0.5009766 0.4936524 0.5048828 0.503418 0.5102539 0.4902344 0.5048828 0.503418 0.5009766 0.4936524 0.498291 0.5004883 0.7211914 0.5712891 0.7172852 0.5810547 0.7241211 0.578125 0.7211914 0.5712891 0.7119141 0.5678711 0.7172852 0.5810547 0.7119141 0.5678711 0.7109375 0.5834961 0.7172852 0.5810547 0.7119141 0.5678711 0.7211914 0.5712891 0.7124024 0.5632324 0.706543 0.5671387 0.7109375 0.5834961 0.7119141 0.5678711 0.706543 0.5671387 0.7119141 0.5678711 0.7124024 0.5632324 0.706543 0.5671387 0.7041016 0.5852051 0.7109375 0.5834961 0.7211914 0.5712891 0.7158203 0.5571289 0.7124024 0.5632324 0.7011719 0.5673828 0.7041016 0.5852051 0.706543 0.5671387 0.7011719 0.5673828 0.6972656 0.5859375 0.7041016 0.5852051 0.7124024 0.5632324 0.706543 0.5615234 0.706543 0.5671387 0.6972656 0.5673828 0.6972656 0.5859375 0.7011719 0.5673828 0.7124024 0.5632324 0.7084961 0.5549317 0.706543 0.5615234 0.7084961 0.5549317 0.7124024 0.5632324 0.7158203 0.5571289 0.6928711 0.567627 0.6972656 0.5859375 0.6972656 0.5673828 0.6972656 0.5859375 0.6928711 0.567627 0.6904297 0.5854492 0.7011719 0.5673828 0.6967774 0.5615234 0.6972656 0.5673828 0.6967774 0.5615234 0.6928711 0.567627 0.6972656 0.5673828 0.706543 0.5671387 0.7011719 0.5615234 0.7011719 0.5673828 0.6967774 0.5615234 0.7011719 0.5673828 0.7011719 0.5615234 0.7011719 0.5615234 0.706543 0.5671387 0.706543 0.5615234 0.6928711 0.567627 0.6967774 0.5615234 0.6923828 0.5617676 0.706543 0.5615234 0.7026367 0.5546875 0.7011719 0.5615234 0.7026367 0.5546875 0.706543 0.5615234 0.7084961 0.5549317 0.6967774 0.5549317 0.6967774 0.5615234 0.7011719 0.5615234 0.7011719 0.5615234 0.7026367 0.5546875 0.6967774 0.5549317 0.6967774 0.5549317 0.6923828 0.5617676 0.6967774 0.5615234 0.6875 0.5673828 0.6904297 0.5854492 0.6928711 0.567627 0.6875 0.5673828 0.6928711 0.567627 0.6923828 0.5617676 0.6904297 0.5854492 0.6875 0.5673828 0.6835938 0.5839844 0.6923828 0.5617676 0.6967774 0.5549317 0.6914063 0.5546875 0.6821289 0.5681152 0.6835938 0.5839844 0.6875 0.5673828 0.6835938 0.5839844 0.6821289 0.5681152 0.6767578 0.581543 0.6875 0.5617676 0.6875 0.5673828 0.6923828 0.5617676 0.6914063 0.5546875 0.6875 0.5617676 0.6923828 0.5617676 0.6875 0.5673828 0.6811524 0.5634766 0.6821289 0.5681152 0.6811524 0.5634766 0.6875 0.5673828 0.6875 0.5617676 0.6728516 0.5717774 0.6767578 0.581543 0.6821289 0.5681152 0.6728516 0.5717774 0.6821289 0.5681152 0.6811524 0.5634766 0.6767578 0.581543 0.6728516 0.5717774 0.6699219 0.5786133 0.6777344 0.5576172 0.6728516 0.5717774 0.6811524 0.5634766 0.6875 0.5617676 0.6777344 0.5576172 0.6811524 0.5634766 0.6591797 0.5229492 0.6660156 0.5637207 0.6777344 0.5576172 0.6875 0.5617676 0.6850586 0.5551758 0.6777344 0.5576172 0.6875 0.5617676 0.6914063 0.5546875 0.6850586 0.5551758 0.6777344 0.5576172 0.6743164 0.5195313 0.6591797 0.5229492 0.6850586 0.5551758 0.6743164 0.5195313 0.6777344 0.5576172 0.6743164 0.5195313 0.6552734 0.4819336 0.6591797 0.5229492 0.6889649 0.5178223 0.6850586 0.5551758 0.6914063 0.5546875 0.6743164 0.5195313 0.6713867 0.4794922 0.6552734 0.4819336 0.6713867 0.4794922 0.6513672 0.4365234 0.6552734 0.4819336 0.6850586 0.5551758 0.6816406 0.5185547 0.6743164 0.5195313 0.6816406 0.5185547 0.6713867 0.4794922 0.6743164 0.5195313 0.6850586 0.5551758 0.6889649 0.5178223 0.6816406 0.5185547 0.6513672 0.4365234 0.6713867 0.4794922 0.6679688 0.4350586 0.6679688 0.4350586 0.6484375 0.3964844 0.6513672 0.4365234 0.6679688 0.4350586 0.6645508 0.3950195 0.6484375 0.3964844 0.6816406 0.5185547 0.6796875 0.4785156 0.6713867 0.4794922 0.6796875 0.4785156 0.6679688 0.4350586 0.6713867 0.4794922 0.6772461 0.434082 0.6645508 0.3950195 0.6679688 0.4350586 0.6796875 0.4785156 0.6772461 0.434082 0.6679688 0.4350586 0.6772461 0.434082 0.6748047 0.3945313 0.6645508 0.3950195 0.6772461 0.434082 0.6845703 0.3935547 0.6748047 0.3945313 0.6845703 0.3935547 0.6772461 0.434082 0.6860352 0.4335938 0.6796875 0.4785156 0.6860352 0.4335938 0.6772461 0.434082 0.6860352 0.4335938 0.6948242 0.3935547 0.6845703 0.3935547 0.6816406 0.5185547 0.6879883 0.4780274 0.6796875 0.4785156 0.6860352 0.4335938 0.6796875 0.4785156 0.6879883 0.4780274 0.6879883 0.4780274 0.6816406 0.5185547 0.6889649 0.5178223 0.6948242 0.3935547 0.6860352 0.4335938 0.6953125 0.4335938 0.6879883 0.4780274 0.6953125 0.4335938 0.6860352 0.4335938 0.6889649 0.5178223 0.6958008 0.4775391 0.6879883 0.4780274 0.6953125 0.4335938 0.6879883 0.4780274 0.6958008 0.4775391 0.7041016 0.4335938 0.6948242 0.3935547 0.6953125 0.4335938 0.7041016 0.4335938 0.7045899 0.3935547 0.6948242 0.3935547 0.7041016 0.4775391 0.6953125 0.4335938 0.6958008 0.4775391 0.6953125 0.4335938 0.7041016 0.4775391 0.7041016 0.4335938 0.6958008 0.4775391 0.6889649 0.5178223 0.6962891 0.5175781 0.6914063 0.5546875 0.6962891 0.5175781 0.6889649 0.5178223 0.6962891 0.5175781 0.6914063 0.5546875 0.6967774 0.5549317 0.6962891 0.5175781 0.6967774 0.5549317 0.7026367 0.5546875 0.7036133 0.5175781 0.6958008 0.4775391 0.6962891 0.5175781 0.7026367 0.5546875 0.7036133 0.5175781 0.6962891 0.5175781 0.7036133 0.5175781 0.7041016 0.4775391 0.6958008 0.4775391 0.7036133 0.5175781 0.7026367 0.5546875 0.7084961 0.5549317 0.7084961 0.5549317 0.7109375 0.5180664 0.7036133 0.5175781 0.7109375 0.5180664 0.7041016 0.4775391 0.7036133 0.5175781 0.7158203 0.5571289 0.7109375 0.5180664 0.7084961 0.5549317 0.7109375 0.5180664 0.7119141 0.4780274 0.7041016 0.4775391 0.7119141 0.4780274 0.7041016 0.4335938 0.7041016 0.4775391 0.7109375 0.5180664 0.7158203 0.5571289 0.71875 0.519043 0.71875 0.519043 0.7119141 0.4780274 0.7109375 0.5180664 0.7333984 0.5219727 0.7158203 0.5571289 0.7280274 0.5627442 0.7158203 0.5571289 0.7333984 0.5219727 0.71875 0.519043 0.7363281 0.4804688 0.71875 0.519043 0.7333984 0.5219727 0.71875 0.519043 0.7363281 0.4804688 0.7202149 0.4790039 0.7119141 0.4780274 0.71875 0.519043 0.7202149 0.4790039 0.7392578 0.4355469 0.7202149 0.4790039 0.7363281 0.4804688 0.7041016 0.4335938 0.7119141 0.4780274 0.7133789 0.434082 0.7202149 0.4790039 0.7133789 0.434082 0.7119141 0.4780274 0.7133789 0.434082 0.7045899 0.3935547 0.7041016 0.4335938 0.7133789 0.434082 0.7148438 0.3935547 0.7045899 0.3935547 0.7202149 0.4790039 0.7392578 0.4355469 0.7226563 0.4345703 0.7133789 0.434082 0.7202149 0.4790039 0.7226563 0.4345703 0.7226563 0.4345703 0.7148438 0.3935547 0.7133789 0.434082 0.7412109 0.3950195 0.7226563 0.4345703 0.7392578 0.4355469 0.7148438 0.3935547 0.7226563 0.4345703 0.7250977 0.394043 0.7226563 0.4345703 0.7412109 0.3950195 0.7250977 0.394043 0.8618164 0.5869141 0.8579102 0.5966797 0.8647461 0.59375 0.8618164 0.5869141 0.8525391 0.5834961 0.8579102 0.5966797 0.8525391 0.5834961 0.8515625 0.5991211 0.8579102 0.5966797 0.8525391 0.5834961 0.8618164 0.5869141 0.8530274 0.5788574 0.847168 0.5827637 0.8515625 0.5991211 0.8525391 0.5834961 0.847168 0.5827637 0.8525391 0.5834961 0.8530274 0.5788574 0.847168 0.5827637 0.8447266 0.6008301 0.8515625 0.5991211 0.8618164 0.5869141 0.8564453 0.5727539 0.8530274 0.5788574 0.8417969 0.5830078 0.8447266 0.6008301 0.847168 0.5827637 0.8417969 0.5830078 0.8378906 0.6015625 0.8447266 0.6008301 0.8530274 0.5788574 0.847168 0.5771484 0.847168 0.5827637 0.8564453 0.5727539 0.847168 0.5771484 0.8530274 0.5788574 0.847168 0.5827637 0.8417969 0.5771484 0.8417969 0.5830078 0.8417969 0.5771484 0.847168 0.5827637 0.847168 0.5771484 0.8378906 0.5830078 0.8378906 0.6015625 0.8417969 0.5830078 0.8740234 0.5375977 0.8564453 0.5727539 0.8686524 0.5783692 0.8334961 0.583252 0.8378906 0.6015625 0.8378906 0.5830078 0.8378906 0.6015625 0.8334961 0.583252 0.8310547 0.6010742 0.8417969 0.5830078 0.8374024 0.5771484 0.8378906 0.5830078 0.8374024 0.5771484 0.8334961 0.583252 0.8378906 0.5830078 0.8374024 0.5771484 0.8417969 0.5830078 0.8417969 0.5771484 0.828125 0.5830078 0.8310547 0.6010742 0.8334961 0.583252 0.8310547 0.6010742 0.828125 0.5830078 0.8242188 0.5996094 0.8334961 0.583252 0.8374024 0.5771484 0.8330078 0.5773926 0.828125 0.5830078 0.8334961 0.583252 0.8330078 0.5773926 0.8374024 0.5771484 0.8417969 0.5771484 0.8374024 0.5705567 0.8374024 0.5705567 0.8330078 0.5773926 0.8374024 0.5771484 0.8227539 0.5837402 0.8242188 0.5996094 0.828125 0.5830078 0.8242188 0.5996094 0.8227539 0.5837402 0.8173828 0.597168 0.8173828 0.597168 0.8134766 0.5874024 0.8105469 0.5942383 0.8134766 0.5874024 0.8173828 0.597168 0.8227539 0.5837402 0.8134766 0.5874024 0.8227539 0.5837402 0.8217774 0.5791016 0.828125 0.5830078 0.8217774 0.5791016 0.8227539 0.5837402 0.8183594 0.5732422 0.8134766 0.5874024 0.8217774 0.5791016 0.8217774 0.5791016 0.828125 0.5830078 0.828125 0.5773926 0.828125 0.5773926 0.828125 0.5830078 0.8330078 0.5773926 0.8256836 0.5708008 0.8217774 0.5791016 0.828125 0.5773926 0.8217774 0.5791016 0.8256836 0.5708008 0.8183594 0.5732422 0.8320313 0.5703125 0.828125 0.5773926 0.8330078 0.5773926 0.828125 0.5773926 0.8320313 0.5703125 0.8256836 0.5708008 0.8330078 0.5773926 0.8374024 0.5705567 0.8320313 0.5703125 0.7998047 0.5385742 0.8066406 0.5793457 0.8183594 0.5732422 0.8369141 0.5332031 0.8320313 0.5703125 0.8374024 0.5705567 0.8183594 0.5732422 0.8149414 0.5351563 0.7998047 0.5385742 0.8149414 0.5351563 0.7958984 0.4975586 0.7998047 0.5385742 0.8222656 0.5341797 0.8183594 0.5732422 0.8256836 0.5708008 0.8183594 0.5732422 0.8222656 0.5341797 0.8149414 0.5351563 0.8295899 0.5334473 0.8256836 0.5708008 0.8320313 0.5703125 0.8256836 0.5708008 0.8295899 0.5334473 0.8222656 0.5341797 0.8320313 0.5703125 0.8369141 0.5332031 0.8295899 0.5334473 0.8149414 0.5351563 0.8120117 0.4951172 0.7958984 0.4975586 0.8120117 0.4951172 0.7919922 0.4521484 0.7958984 0.4975586 0.8203125 0.4941406 0.8149414 0.5351563 0.8222656 0.5341797 0.8149414 0.5351563 0.8203125 0.4941406 0.8120117 0.4951172 0.8286133 0.4936524 0.8222656 0.5341797 0.8295899 0.5334473 0.8222656 0.5341797 0.8286133 0.4936524 0.8203125 0.4941406 0.7919922 0.4521484 0.8120117 0.4951172 0.8085938 0.4506836 0.8085938 0.4506836 0.7890625 0.4121094 0.7919922 0.4521484 0.8085938 0.4506836 0.8051758 0.4106445 0.7890625 0.4121094 0.8085938 0.4506836 0.8154297 0.4101563 0.8051758 0.4106445 0.8120117 0.4951172 0.8178711 0.449707 0.8085938 0.4506836 0.8154297 0.4101563 0.8085938 0.4506836 0.8178711 0.449707 0.8178711 0.449707 0.8120117 0.4951172 0.8203125 0.4941406 0.8178711 0.449707 0.8251953 0.4091797 0.8154297 0.4101563 0.8178711 0.449707 0.8203125 0.4941406 0.8266602 0.4492188 0.8251953 0.4091797 0.8178711 0.449707 0.8266602 0.4492188 0.8286133 0.4936524 0.8266602 0.4492188 0.8203125 0.4941406 0.8266602 0.4492188 0.8354492 0.4091797 0.8251953 0.4091797 0.8286133 0.4936524 0.8359375 0.4492188 0.8266602 0.4492188 0.8354492 0.4091797 0.8266602 0.4492188 0.8359375 0.4492188 0.8295899 0.5334473 0.8364258 0.4931641 0.8286133 0.4936524 0.8359375 0.4492188 0.8286133 0.4936524 0.8364258 0.4931641 0.8364258 0.4931641 0.8295899 0.5334473 0.8369141 0.5332031 0.8354492 0.4091797 0.8359375 0.4492188 0.8447266 0.4492188 0.8354492 0.4091797 0.8447266 0.4492188 0.8452149 0.4091797 0.8447266 0.4931641 0.8359375 0.4492188 0.8364258 0.4931641 0.8359375 0.4492188 0.8447266 0.4931641 0.8447266 0.4492188 0.8364258 0.4931641 0.8369141 0.5332031 0.8442383 0.5332031 0.8364258 0.4931641 0.8442383 0.5332031 0.8447266 0.4931641 0.8452149 0.4091797 0.8447266 0.4492188 0.8540039 0.449707 0.8452149 0.4091797 0.8540039 0.449707 0.8554688 0.4091797 0.8540039 0.449707 0.8657227 0.409668 0.8554688 0.4091797 0.8525391 0.4936524 0.8447266 0.4492188 0.8447266 0.4931641 0.8447266 0.4492188 0.8525391 0.4936524 0.8540039 0.449707 0.8657227 0.409668 0.8540039 0.449707 0.8632813 0.4501953 0.8525391 0.4936524 0.8632813 0.4501953 0.8540039 0.449707 0.8632813 0.4501953 0.8818359 0.4106445 0.8657227 0.409668 0.8818359 0.4106445 0.8632813 0.4501953 0.8798828 0.4511719 0.8608399 0.4946289 0.8798828 0.4511719 0.8632813 0.4501953 0.8632813 0.4501953 0.8525391 0.4936524 0.8608399 0.4946289 0.8798828 0.4511719 0.8608399 0.4946289 0.8769531 0.4960938 0.8447266 0.4931641 0.8515625 0.5336914 0.8525391 0.4936524 0.8515625 0.5336914 0.8608399 0.4946289 0.8525391 0.4936524 0.8447266 0.4931641 0.8442383 0.5332031 0.8515625 0.5336914 0.859375 0.534668 0.8769531 0.4960938 0.8608399 0.4946289 0.8608399 0.4946289 0.8515625 0.5336914 0.859375 0.534668 0.8769531 0.4960938 0.859375 0.534668 0.8740234 0.5375977 0.8564453 0.5727539 0.8740234 0.5375977 0.859375 0.534668 0.8491211 0.5705567 0.859375 0.534668 0.8515625 0.5336914 0.859375 0.534668 0.8491211 0.5705567 0.8564453 0.5727539 0.8442383 0.5332031 0.8491211 0.5705567 0.8515625 0.5336914 0.847168 0.5771484 0.8564453 0.5727539 0.8491211 0.5705567 0.8442383 0.5332031 0.8432617 0.5703125 0.8491211 0.5705567 0.8432617 0.5703125 0.847168 0.5771484 0.8491211 0.5705567 0.8369141 0.5332031 0.8432617 0.5703125 0.8442383 0.5332031 0.8417969 0.5771484 0.847168 0.5771484 0.8432617 0.5703125 0.8369141 0.5332031 0.8374024 0.5705567 0.8432617 0.5703125 0.8374024 0.5705567 0.8417969 0.5771484 0.8432617 0.5703125 0.4558106 0.4863281 0.4519043 0.4765625 0.4587402 0.4794922 0.4558106 0.4863281 0.4465332 0.4897461 0.4519043 0.4765625 0.4465332 0.4897461 0.4455567 0.4741211 0.4519043 0.4765625 0.4465332 0.4897461 0.4558106 0.4863281 0.4470215 0.4946289 0.440918 0.4907227 0.4455567 0.4741211 0.4465332 0.4897461 0.440918 0.4907227 0.4465332 0.4897461 0.4470215 0.4946289 0.440918 0.4907227 0.4384766 0.4726563 0.4455567 0.4741211 0.4558106 0.4863281 0.4504395 0.5004883 0.4470215 0.4946289 0.435791 0.4902344 0.4384766 0.4726563 0.440918 0.4907227 0.435791 0.4902344 0.4318848 0.4716797 0.4384766 0.4726563 0.4470215 0.4946289 0.440918 0.4960938 0.440918 0.4907227 0.440918 0.4960938 0.435791 0.4902344 0.440918 0.4907227 0.4504395 0.5004883 0.440918 0.4960938 0.4470215 0.4946289 0.4316406 0.4902344 0.4318848 0.4716797 0.435791 0.4902344 0.4680176 0.5356445 0.4504395 0.5004883 0.4626465 0.4951172 0.4272461 0.4902344 0.4318848 0.4716797 0.4316406 0.4902344 0.4318848 0.4716797 0.4272461 0.4902344 0.4250488 0.472168 0.4504395 0.5004883 0.4680176 0.5356445 0.453125 0.5385742 0.4709473 0.5771484 0.453125 0.5385742 0.4680176 0.5356445 0.4221192 0.4902344 0.4250488 0.472168 0.4272461 0.4902344 0.4250488 0.472168 0.4221192 0.4902344 0.4179688 0.4736328 0.453125 0.5385742 0.4709473 0.5771484 0.4545899 0.5788574 0.4736328 0.6220703 0.4545899 0.5788574 0.4709473 0.5771484 0.453125 0.5385742 0.4431152 0.5026856 0.4504395 0.5004883 0.440918 0.4960938 0.4504395 0.5004883 0.4431152 0.5026856 0.4545899 0.5788574 0.4455567 0.5395508 0.453125 0.5385742 0.4431152 0.5026856 0.453125 0.5385742 0.4455567 0.5395508 0.4545899 0.5788574 0.4736328 0.6220703 0.4570313 0.623291 0.4758301 0.6623535 0.4570313 0.623291 0.4736328 0.6220703 0.4570313 0.623291 0.4758301 0.6623535 0.4594727 0.6635742 0.4570313 0.623291 0.4465332 0.5795899 0.4545899 0.5788574 0.4455567 0.5395508 0.4545899 0.5788574 0.4465332 0.5795899 0.4594727 0.6635742 0.4477539 0.6237793 0.4570313 0.623291 0.4465332 0.5795899 0.4570313 0.623291 0.4477539 0.6237793 0.4477539 0.6237793 0.4594727 0.6635742 0.4494629 0.6640625 0.439209 0.6640625 0.4477539 0.6237793 0.4494629 0.6640625 0.4477539 0.6237793 0.439209 0.6640625 0.4387207 0.6242676 0.4387207 0.6242676 0.4465332 0.5795899 0.4477539 0.6237793 0.4291992 0.6640625 0.4387207 0.6242676 0.439209 0.6640625 0.4384766 0.5800781 0.4455567 0.5395508 0.4465332 0.5795899 0.4465332 0.5795899 0.4387207 0.6242676 0.4384766 0.5800781 0.4387207 0.6242676 0.4291992 0.6640625 0.4296875 0.6242676 0.4296875 0.6242676 0.4384766 0.5800781 0.4387207 0.6242676 0.4455567 0.5395508 0.4384766 0.5800781 0.4382324 0.5400391 0.4382324 0.5400391 0.4431152 0.5026856 0.4455567 0.5395508 0.4384766 0.5800781 0.4296875 0.6242676 0.4304199 0.5800781 0.4304199 0.5800781 0.4382324 0.5400391 0.4384766 0.5800781 0.4291992 0.6640625 0.4206543 0.6240234 0.4296875 0.6242676 0.4206543 0.6240234 0.4291992 0.6640625 0.4191895 0.6638184 0.4296875 0.6242676 0.4223633 0.579834 0.4304199 0.5800781 0.4223633 0.579834 0.4296875 0.6242676 0.4206543 0.6240234 0.4191895 0.6638184 0.4116211 0.623291 0.4206543 0.6240234 0.4116211 0.623291 0.4191895 0.6638184 0.4091797 0.6633301 0.4206543 0.6240234 0.4140625 0.5791016 0.4223633 0.579834 0.4140625 0.5791016 0.4206543 0.6240234 0.4116211 0.623291 0.4091797 0.6633301 0.4025879 0.6225586 0.4116211 0.623291 0.4025879 0.6225586 0.4091797 0.6633301 0.3991699 0.6625977 0.4025879 0.6225586 0.3991699 0.6625977 0.3828125 0.6611328 0.4025879 0.6225586 0.3828125 0.6611328 0.3859863 0.6208496 0.4060059 0.578125 0.4116211 0.623291 0.4025879 0.6225586 0.3859863 0.6208496 0.4060059 0.578125 0.4025879 0.6225586 0.4116211 0.623291 0.4060059 0.578125 0.4140625 0.5791016 0.4060059 0.578125 0.3859863 0.6208496 0.3898926 0.5759277 0.4086914 0.5380859 0.4060059 0.578125 0.3898926 0.5759277 0.4086914 0.5380859 0.4140625 0.5791016 0.4060059 0.578125 0.4086914 0.5380859 0.3898926 0.5759277 0.3937988 0.534668 0.4140625 0.5791016 0.4086914 0.5380859 0.4162598 0.5390625 0.4162598 0.5390625 0.4223633 0.579834 0.4140625 0.5791016 0.4123535 0.5 0.4086914 0.5380859 0.3937988 0.534668 0.3937988 0.534668 0.4003906 0.4941406 0.4123535 0.5 0.4123535 0.5 0.4162598 0.5390625 0.4086914 0.5380859 0.4223633 0.579834 0.4162598 0.5390625 0.423584 0.5397949 0.423584 0.5397949 0.4304199 0.5800781 0.4223633 0.579834 0.4162598 0.5390625 0.4123535 0.5 0.4196777 0.5021973 0.4196777 0.5021973 0.423584 0.5397949 0.4162598 0.5390625 0.4304199 0.5800781 0.423584 0.5397949 0.4309082 0.5400391 0.4382324 0.5400391 0.4304199 0.5800781 0.4309082 0.5400391 0.423584 0.5397949 0.4196777 0.5021973 0.4257813 0.5026856 0.4257813 0.5026856 0.4309082 0.5400391 0.423584 0.5397949 0.4157715 0.4941406 0.4196777 0.5021973 0.4123535 0.5 0.4123535 0.5 0.4074707 0.4858399 0.4157715 0.4941406 0.4221192 0.4960938 0.4257813 0.5026856 0.4196777 0.5021973 0.4196777 0.5021973 0.4157715 0.4941406 0.4221192 0.4960938 0.411377 0.4760742 0.4074707 0.4858399 0.404541 0.4790039 0.4074707 0.4858399 0.411377 0.4760742 0.4165039 0.4892578 0.4074707 0.4858399 0.4165039 0.4892578 0.4157715 0.4941406 0.4179688 0.4736328 0.4165039 0.4892578 0.411377 0.4760742 0.4165039 0.4892578 0.4179688 0.4736328 0.4221192 0.4902344 0.4221192 0.4902344 0.4157715 0.4941406 0.4165039 0.4892578 0.4157715 0.4941406 0.4221192 0.4902344 0.4221192 0.4960938 0.4221192 0.4960938 0.4221192 0.4902344 0.427002 0.4960938 0.4257813 0.5026856 0.4221192 0.4960938 0.427002 0.4960938 0.4221192 0.4902344 0.4272461 0.4902344 0.427002 0.4960938 0.4316406 0.4902344 0.427002 0.4960938 0.4272461 0.4902344 0.427002 0.4960938 0.4313965 0.5026856 0.4257813 0.5026856 0.4309082 0.5400391 0.4257813 0.5026856 0.4313965 0.5026856 0.427002 0.4960938 0.4316406 0.4902344 0.4313965 0.4960938 0.4313965 0.5026856 0.427002 0.4960938 0.4313965 0.4960938 0.435791 0.4902344 0.4313965 0.4960938 0.4316406 0.4902344 0.4370117 0.5029297 0.4309082 0.5400391 0.4313965 0.5026856 0.4309082 0.5400391 0.4370117 0.5029297 0.4382324 0.5400391 0.4431152 0.5026856 0.4382324 0.5400391 0.4370117 0.5029297 0.440918 0.4960938 0.4431152 0.5026856 0.4370117 0.5029297 0.435791 0.4960938 0.4313965 0.5026856 0.4313965 0.4960938 0.435791 0.4960938 0.4370117 0.5029297 0.4313965 0.5026856 0.4313965 0.4960938 0.435791 0.4902344 0.435791 0.4960938 0.4370117 0.5029297 0.435791 0.4960938 0.440918 0.4960938 0.440918 0.4960938 0.435791 0.4960938 0.435791 0.4902344 0.7768555 0.08251953 0.7841797 0.07519531 0.7734375 0.07617187 0.7832031 0.0859375 0.7841797 0.07519531 0.7768555 0.08251953 0.7836914 0.07177734 0.7734375 0.07617187 0.7841797 0.07519531 0.7841797 0.07519531 0.7832031 0.0859375 0.7875977 0.07568359 0.7734375 0.07617187 0.7836914 0.07177734 0.7734375 0.06884765 0.7832031 0.0859375 0.7905274 0.0859375 0.7875977 0.07568359 0.7768555 0.06298828 0.7734375 0.06884765 0.7836914 0.07177734 0.7905274 0.0859375 0.7963867 0.08251953 0.7875977 0.07568359 0.7856445 0.06933593 0.7768555 0.06298828 0.7836914 0.07177734 0.7963867 0.08251953 0.7900391 0.07373046 0.7875977 0.07568359 0.7768555 0.06298828 0.7856445 0.06933593 0.7832031 0.05908203 0.7900391 0.07373046 0.7963867 0.08251953 0.800293 0.07617187 0.7905274 0.05908203 0.7832031 0.05908203 0.7856445 0.06933593 0.800293 0.06884765 0.7900391 0.07373046 0.800293 0.07617187 0.7890625 0.0703125 0.7905274 0.05908203 0.7856445 0.06933593 0.7900391 0.07373046 0.800293 0.06884765 0.7890625 0.0703125 0.7905274 0.05908203 0.7890625 0.0703125 0.7963867 0.06298828 0.800293 0.06884765 0.7963867 0.06298828 0.7890625 0.0703125 0.8745117 0.9690094 0.8696289 0.9635925 0.8759766 0.9674683 0.8759766 0.9674683 0.8798828 0.9740296 0.8745117 0.9690094 0.8696289 0.9635925 0.8745117 0.9690094 0.8686524 0.9657898 0.8686524 0.9657898 0.8618164 0.9635925 0.8696289 0.9635925 0.8774414 0.9746094 0.8745117 0.9690094 0.8798828 0.9740296 0.8618164 0.9635925 0.8686524 0.9657898 0.8623047 0.9658508 0.8686524 0.9657898 0.8745117 0.9690094 0.8569336 0.9692078 0.8569336 0.9692078 0.8623047 0.9658508 0.8686524 0.9657898 0.8623047 0.9658508 0.8569336 0.9692078 0.8618164 0.9635925 0.8569336 0.9692078 0.8745117 0.9690094 0.8774414 0.9746094 0.8569336 0.9692078 0.8549805 0.9676514 0.8618164 0.9635925 0.8569336 0.9692078 0.8515625 0.9741669 0.8549805 0.9676514 0.8798828 0.9740296 0.8774414 0.9810486 0.8774414 0.9746094 0.8774414 0.9810486 0.8798828 0.9740296 0.8798828 0.9815674 0.8759766 0.9882431 0.8774414 0.9810486 0.8798828 0.9815674 0.8515625 0.9741669 0.8569336 0.9692078 0.8535156 0.9747467 0.8535156 0.9747467 0.8515625 0.9817352 0.8515625 0.9741669 0.8774414 0.9810486 0.8759766 0.9882431 0.8745117 0.9866715 0.8515625 0.9817352 0.8535156 0.9747467 0.8535156 0.9811249 0.8535156 0.9811249 0.8535156 0.9747467 0.8569336 0.9692078 0.8759766 0.9882431 0.8696289 0.9921875 0.8745117 0.9866715 0.8569336 0.9866791 0.8515625 0.9817352 0.8535156 0.9811249 0.8569336 0.9866791 0.8535156 0.9811249 0.8569336 0.9692078 0.8515625 0.9817352 0.8569336 0.9866791 0.8549805 0.9882507 0.8623047 0.9898224 0.8569336 0.9866791 0.8569336 0.9692078 0.8623047 0.9898224 0.8549805 0.9882507 0.8569336 0.9866791 0.8569336 0.9692078 0.8774414 0.9746094 0.8623047 0.9898224 0.8774414 0.9746094 0.8774414 0.9810486 0.8623047 0.9898224 0.8774414 0.9810486 0.8745117 0.9866715 0.8623047 0.9898224 0.8618164 0.9920044 0.8549805 0.9882507 0.8623047 0.9898224 0.8623047 0.9898224 0.8696289 0.9921875 0.8618164 0.9920044 0.8745117 0.9866715 0.8686524 0.9899063 0.8623047 0.9898224 0.8745117 0.9866715 0.8696289 0.9921875 0.8686524 0.9899063 0.8696289 0.9921875 0.8623047 0.9898224 0.8686524 0.9899063 0.402832 0.7102051 0.3876953 0.7434082 0.3759766 0.7324219 0.3605957 0.7531738 0.3759766 0.7324219 0.3876953 0.7434082 0.3876953 0.7434082 0.402832 0.7102051 0.4116211 0.7229004 0.4294434 0.6955567 0.4116211 0.7229004 0.402832 0.7102051 0.3605957 0.7531738 0.3876953 0.7434082 0.3735352 0.7617188 0.4116211 0.7229004 0.4294434 0.6955567 0.4440918 0.7070313 0.4584961 0.6865234 0.4440918 0.7070313 0.4294434 0.6955567 0.3876953 0.7434082 0.4116211 0.7229004 0.3952637 0.7451172 0.3952637 0.7451172 0.3735352 0.7617188 0.3876953 0.7434082 0.4440918 0.7070313 0.4152832 0.7285156 0.4116211 0.7229004 0.4152832 0.7285156 0.3952637 0.7451172 0.4116211 0.7229004 0.4440918 0.7070313 0.4584961 0.6865234 0.4616699 0.7016602 0.4868164 0.6853027 0.4616699 0.7016602 0.4584961 0.6865234 0.4152832 0.7285156 0.4440918 0.7070313 0.4462891 0.7133789 0.4628906 0.7080078 0.4440918 0.7070313 0.4616699 0.7016602 0.4440918 0.7070313 0.4628906 0.7080078 0.4462891 0.7133789 0.4616699 0.7016602 0.4868164 0.6853027 0.4882813 0.6979981 0.4882813 0.6979981 0.4628906 0.7080078 0.4616699 0.7016602 0.4152832 0.7285156 0.4462891 0.7133789 0.4450684 0.7722168 0.4450684 0.7722168 0.4462891 0.7133789 0.4628906 0.7080078 0.4450684 0.7722168 0.3952637 0.7451172 0.4152832 0.7285156 0.4628906 0.7080078 0.4882813 0.6979981 0.4885254 0.7058106 0.4628906 0.7080078 0.4885254 0.7058106 0.4450684 0.7722168 0.4868164 0.6853027 0.515625 0.701416 0.4882813 0.6979981 0.515625 0.701416 0.4868164 0.6853027 0.5195313 0.6862793 0.5473633 0.6953125 0.515625 0.701416 0.5195313 0.6862793 0.4882813 0.6979981 0.5136719 0.7084961 0.4885254 0.7058106 0.5136719 0.7084961 0.4882813 0.6979981 0.515625 0.701416 0.4885254 0.7058106 0.5136719 0.7084961 0.5351563 0.7722168 0.5351563 0.7722168 0.4450684 0.7722168 0.4885254 0.7058106 0.515625 0.701416 0.5341797 0.7138672 0.5136719 0.7084961 0.5341797 0.7138672 0.5351563 0.7722168 0.5136719 0.7084961 0.515625 0.701416 0.5473633 0.6953125 0.5410156 0.7099609 0.5341797 0.7138672 0.515625 0.701416 0.5410156 0.7099609 0.5473633 0.6953125 0.5654297 0.7207031 0.5410156 0.7099609 0.5654297 0.7207031 0.5473633 0.6953125 0.5727539 0.7080078 0.5410156 0.7099609 0.5620117 0.7263184 0.5341797 0.7138672 0.5620117 0.7263184 0.5410156 0.7099609 0.5654297 0.7207031 0.5351563 0.7722168 0.5341797 0.7138672 0.5620117 0.7263184 0.5986328 0.7285156 0.5654297 0.7207031 0.5727539 0.7080078 0.5654297 0.7207031 0.5820313 0.7424317 0.5620117 0.7263184 0.5620117 0.7263184 0.5820313 0.7424317 0.5351563 0.7722168 0.5654297 0.7207031 0.5986328 0.7285156 0.5893555 0.7399902 0.5820313 0.7424317 0.5654297 0.7207031 0.5893555 0.7399902 0.6166992 0.7513428 0.5893555 0.7399902 0.5986328 0.7285156 0.5893555 0.7399902 0.5991211 0.762085 0.5820313 0.7424317 0.5820313 0.7424317 0.5991211 0.762085 0.5351563 0.7722168 0.5893555 0.7399902 0.6166992 0.7513428 0.6035156 0.7601318 0.5991211 0.762085 0.5893555 0.7399902 0.6035156 0.7601318 0.6166992 0.7513428 0.6176758 0.7822266 0.6035156 0.7601318 0.6166992 0.7513428 0.6318359 0.776001 0.6176758 0.7822266 0.6035156 0.7601318 0.6118164 0.78479 0.5991211 0.762085 0.6118164 0.78479 0.6035156 0.7601318 0.6176758 0.7822266 0.5991211 0.762085 0.6118164 0.78479 0.5351563 0.7722168 0.6318359 0.776001 0.6254883 0.8045654 0.6176758 0.7822266 0.6176758 0.7822266 0.6254883 0.8045654 0.6118164 0.78479 0.6318359 0.776001 0.640625 0.8010254 0.6254883 0.8045654 0.6420899 0.8330078 0.6254883 0.8045654 0.640625 0.8010254 0.6201172 0.8095703 0.6118164 0.78479 0.6254883 0.8045654 0.5351563 0.7722168 0.6118164 0.78479 0.6201172 0.8095703 0.6254883 0.8045654 0.6420899 0.8330078 0.628418 0.8348389 0.6254883 0.8045654 0.628418 0.8348389 0.6201172 0.8095703 0.6201172 0.8095703 0.6225586 0.8352051 0.5351563 0.7722168 0.6225586 0.8352051 0.6201172 0.8095703 0.628418 0.8348389 0.628418 0.8565674 0.628418 0.8348389 0.6420899 0.8330078 0.628418 0.8565674 0.6225586 0.8352051 0.628418 0.8348389 0.6420899 0.8330078 0.6435547 0.859375 0.628418 0.8565674 0.6337891 0.8948364 0.628418 0.8565674 0.6435547 0.859375 0.6206055 0.8613281 0.6225586 0.8352051 0.628418 0.8565674 0.628418 0.8565674 0.6337891 0.8948364 0.6196289 0.8891602 0.628418 0.8565674 0.6196289 0.8891602 0.6206055 0.8613281 0.6201172 0.921814 0.6196289 0.8891602 0.6337891 0.8948364 0.6225586 0.8352051 0.6206055 0.8613281 0.5375977 0.9019165 0.5375977 0.9019165 0.5351563 0.7722168 0.6225586 0.8352051 0.6206055 0.8613281 0.6196289 0.8891602 0.6132813 0.8864136 0.6206055 0.8613281 0.6132813 0.8864136 0.5375977 0.9019165 0.6196289 0.8891602 0.6015625 0.9096069 0.6132813 0.8864136 0.6132813 0.8864136 0.6015625 0.9096069 0.5375977 0.9019165 0.6196289 0.8891602 0.6201172 0.921814 0.6069336 0.9134522 0.6015625 0.9096069 0.6196289 0.8891602 0.6069336 0.9134522 0.590332 0.9349365 0.6069336 0.9134522 0.6201172 0.921814 0.6201172 0.921814 0.6015625 0.9462586 0.590332 0.9349365 0.6069336 0.9134522 0.5844727 0.9298096 0.6015625 0.9096069 0.5844727 0.9298096 0.6069336 0.9134522 0.590332 0.9349365 0.6015625 0.9096069 0.5844727 0.9298096 0.5375977 0.9019165 0.574707 0.9496155 0.590332 0.9349365 0.6015625 0.9462586 0.574707 0.9496155 0.5844727 0.9298096 0.590332 0.9349365 0.6015625 0.9462586 0.5839844 0.9640198 0.574707 0.9496155 0.5507813 0.9800568 0.574707 0.9496155 0.5839844 0.9640198 0.5844727 0.9298096 0.574707 0.9496155 0.5673828 0.9443665 0.5844727 0.9298096 0.5673828 0.9443665 0.5375977 0.9019165 0.574707 0.9496155 0.5507813 0.9800568 0.5449219 0.9658203 0.574707 0.9496155 0.5449219 0.9658203 0.5673828 0.9443665 0.5219727 0.9890747 0.5449219 0.9658203 0.5507813 0.9800568 0.5673828 0.9443665 0.5449219 0.9658203 0.5380859 0.9599304 0.5380859 0.9599304 0.5375977 0.9019165 0.5673828 0.9443665 0.5449219 0.9658203 0.5219727 0.9890747 0.519043 0.973877 0.5449219 0.9658203 0.519043 0.973877 0.5380859 0.9599304 0.4919434 0.9921875 0.519043 0.973877 0.5219727 0.9890747 0.519043 0.973877 0.5141602 0.96698 0.5380859 0.9599304 0.5375977 0.9019165 0.5380859 0.9599304 0.5141602 0.96698 0.519043 0.973877 0.4919434 0.9921875 0.4919434 0.9766541 0.519043 0.973877 0.4919434 0.9766541 0.5141602 0.96698 0.4616699 0.9894104 0.4919434 0.9766541 0.4919434 0.9921875 0.5141602 0.96698 0.4919434 0.9698181 0.5375977 0.9019165 0.4919434 0.9698181 0.5141602 0.96698 0.4919434 0.9766541 0.4919434 0.9766541 0.4616699 0.9894104 0.4645996 0.9741821 0.4345703 0.9802399 0.4645996 0.9741821 0.4616699 0.9894104 0.4919434 0.9766541 0.4660645 0.9675293 0.4919434 0.9698181 0.4660645 0.9675293 0.4919434 0.9766541 0.4645996 0.9741821 0.4645996 0.9741821 0.4345703 0.9802399 0.4389649 0.9664002 0.4060059 0.9668274 0.4389649 0.9664002 0.4345703 0.9802399 0.4645996 0.9741821 0.4421387 0.9592285 0.4660645 0.9675293 0.4421387 0.9592285 0.4645996 0.9741821 0.4389649 0.9664002 0.4660645 0.9675293 0.4431152 0.9026489 0.4919434 0.9698181 0.4421387 0.9592285 0.4431152 0.9026489 0.4660645 0.9675293 0.5375977 0.9019165 0.4919434 0.9698181 0.4431152 0.9026489 0.4389649 0.9664002 0.4182129 0.9483337 0.4421387 0.9592285 0.4421387 0.9592285 0.4182129 0.9483337 0.4431152 0.9026489 0.4389649 0.9664002 0.4060059 0.9668274 0.4143067 0.9539185 0.4182129 0.9483337 0.4389649 0.9664002 0.4143067 0.9539185 0.3823242 0.947937 0.4143067 0.9539185 0.4060059 0.9668274 0.4143067 0.9539185 0.3979492 0.9321289 0.4182129 0.9483337 0.4182129 0.9483337 0.3979492 0.9321289 0.4431152 0.9026489 0.4143067 0.9539185 0.3823242 0.947937 0.3930664 0.9368897 0.3979492 0.9321289 0.4143067 0.9539185 0.3930664 0.9368897 0.3654785 0.9254761 0.3930664 0.9368897 0.3823242 0.947937 0.3930664 0.9368897 0.3654785 0.9254761 0.3764649 0.9162598 0.3764649 0.9162598 0.3979492 0.9321289 0.3930664 0.9368897 0.3483887 0.8983154 0.3764649 0.9162598 0.3654785 0.9254761 0.3979492 0.9321289 0.3764649 0.9162598 0.3815918 0.9122925 0.3979492 0.9321289 0.3815918 0.9122925 0.4431152 0.9026489 0.3764649 0.9162598 0.3483887 0.8983154 0.3625488 0.8922119 0.3625488 0.8922119 0.3815918 0.9122925 0.3764649 0.9162598 0.3391113 0.8693848 0.3625488 0.8922119 0.3483887 0.8983154 0.3815918 0.9122925 0.3625488 0.8922119 0.3688965 0.8895264 0.3688965 0.8895264 0.4431152 0.9026489 0.3815918 0.9122925 0.3625488 0.8922119 0.3391113 0.8693848 0.3542481 0.8662109 0.3625488 0.8922119 0.3608399 0.8648682 0.3688965 0.8895264 0.4431152 0.9026489 0.3688965 0.8895264 0.3608399 0.8648682 0.3608399 0.8648682 0.3625488 0.8922119 0.3542481 0.8662109 0.3359375 0.8393555 0.3542481 0.8662109 0.3391113 0.8693848 0.3608399 0.8648682 0.3579102 0.8389893 0.4431152 0.9026489 0.3542481 0.8662109 0.3579102 0.8389893 0.3608399 0.8648682 0.3542481 0.8662109 0.3359375 0.8393555 0.3513184 0.8391113 0.3579102 0.8389893 0.3542481 0.8662109 0.3513184 0.8391113 0.3359375 0.8393555 0.3518067 0.8170166 0.3513184 0.8391113 0.3518067 0.8170166 0.3359375 0.8393555 0.3366699 0.814209 0.3466797 0.7800293 0.3518067 0.8170166 0.3366699 0.814209 0.3513184 0.8391113 0.359375 0.8181152 0.3579102 0.8389893 0.359375 0.8181152 0.3513184 0.8391113 0.3518067 0.8170166 0.4450684 0.7722168 0.4431152 0.9026489 0.3579102 0.8389893 0.3579102 0.8389893 0.359375 0.8181152 0.4450684 0.7722168 0.4450684 0.7722168 0.5375977 0.9019165 0.4431152 0.9026489 0.5375977 0.9019165 0.4450684 0.7722168 0.5351563 0.7722168 0.3518067 0.8170166 0.3466797 0.7800293 0.361084 0.7857666 0.3518067 0.8170166 0.361084 0.7857666 0.359375 0.8181152 0.3605957 0.7531738 0.361084 0.7857666 0.3466797 0.7800293 0.361084 0.7857666 0.3605957 0.7531738 0.3735352 0.7617188 0.359375 0.8181152 0.3674317 0.788208 0.4450684 0.7722168 0.3674317 0.788208 0.359375 0.8181152 0.361084 0.7857666 0.376709 0.7698975 0.4450684 0.7722168 0.3674317 0.788208 0.361084 0.7857666 0.376709 0.7698975 0.3674317 0.788208 0.376709 0.7698975 0.361084 0.7857666 0.3735352 0.7617188 0.4450684 0.7722168 0.376709 0.7698975 0.3952637 0.7451172 0.3735352 0.7617188 0.3952637 0.7451172 0.376709 0.7698975 0.1766357 0.6831055 0.1462402 0.6831055 0.1472167 0.6928711 0.1162719 0.6911621 0.1472167 0.6928711 0.1462402 0.6831055 0.1472167 0.6928711 0.1757812 0.6928711 0.1766357 0.6831055 0.1757812 0.6928711 0.2062988 0.6894531 0.1766357 0.6831055 0.1472167 0.6928711 0.1162719 0.6911621 0.1190795 0.6999512 0.1757812 0.6928711 0.2037353 0.6987305 0.2062988 0.6894531 0.0927124 0.7104492 0.1190795 0.6999512 0.1162719 0.6911621 0.1162719 0.6911621 0.08807373 0.7026367 0.0927124 0.7104492 0.1306152 0.7355957 0.1472167 0.6928711 0.1190795 0.6999512 0.0927124 0.7104492 0.1306152 0.7355957 0.1190795 0.6999512 0.1472167 0.6928711 0.1721191 0.7314453 0.1757812 0.6928711 0.1721191 0.7314453 0.1472167 0.6928711 0.1306152 0.7355957 0.1721191 0.7314453 0.2037353 0.6987305 0.1757812 0.6928711 0.08807373 0.7026367 0.06805419 0.7258301 0.0927124 0.7104492 0.08807373 0.7026367 0.06237792 0.7192383 0.06805419 0.7258301 0.1306152 0.7355957 0.0927124 0.7104492 0.09381103 0.755249 0.09381103 0.755249 0.0927124 0.7104492 0.06805419 0.7258301 0.06237792 0.7192383 0.0487976 0.7470703 0.06805419 0.7258301 0.0487976 0.7470703 0.09381103 0.755249 0.06805419 0.7258301 0.0487976 0.7470703 0.06237792 0.7192383 0.04144287 0.7421875 0.04144287 0.7421875 0.03347778 0.7697754 0.0487976 0.7470703 0.03347778 0.7697754 0.04144287 0.7421875 0.02471923 0.7653809 0.09381103 0.755249 0.0487976 0.7470703 0.06915283 0.7883301 0.06915283 0.7883301 0.0487976 0.7470703 0.03347778 0.7697754 0.02471923 0.7653809 0.02156066 0.7967529 0.03347778 0.7697754 0.02156066 0.7967529 0.06915283 0.7883301 0.03347778 0.7697754 0.02156066 0.7967529 0.02471923 0.7653809 0.01230621 0.7946777 0.0078125 0.8217774 0.02156066 0.7967529 0.01230621 0.7946777 0.02156066 0.7967529 0.0078125 0.8217774 0.01611328 0.8243408 0.007965087 0.8532715 0.01611328 0.8243408 0.0078125 0.8217774 0.06915283 0.7883301 0.02156066 0.7967529 0.05700683 0.8283692 0.05700683 0.8283692 0.02156066 0.7967529 0.01611328 0.8243408 0.01611328 0.8243408 0.007965087 0.8532715 0.01734924 0.852417 0.01734924 0.852417 0.05700683 0.8283692 0.01611328 0.8243408 0.01487731 0.8834229 0.01734924 0.852417 0.007965087 0.8532715 0.1634521 0.8347168 0.06915283 0.7883301 0.05700683 0.8283692 0.1634521 0.8347168 0.09381103 0.755249 0.06915283 0.7883301 0.1634521 0.8347168 0.1306152 0.7355957 0.09381103 0.755249 0.1634521 0.8347168 0.1721191 0.7314453 0.1306152 0.7355957 0.05700683 0.8283692 0.01734924 0.852417 0.06222534 0.8704834 0.1634521 0.8347168 0.05700683 0.8283692 0.06222534 0.8704834 0.01734924 0.852417 0.01487731 0.8834229 0.02381896 0.8806152 0.06222534 0.8704834 0.01734924 0.852417 0.02381896 0.8806152 0.03323364 0.9068604 0.02381896 0.8806152 0.01487731 0.8834229 0.03323364 0.9068604 0.06222534 0.8704834 0.02381896 0.8806152 0.01487731 0.8834229 0.02487182 0.911377 0.03323364 0.9068604 0.04196166 0.9365845 0.03323364 0.9068604 0.02487182 0.911377 0.06222534 0.8704834 0.03323364 0.9068604 0.08227539 0.904541 0.1634521 0.8347168 0.06222534 0.8704834 0.08227539 0.904541 0.03323364 0.9068604 0.04196166 0.9365845 0.04925537 0.9302979 0.08227539 0.904541 0.03323364 0.9068604 0.04925537 0.9302979 0.06591796 0.957367 0.04925537 0.9302979 0.04196166 0.9365845 0.08227539 0.904541 0.04925537 0.9302979 0.07385253 0.9470215 0.04925537 0.9302979 0.06591796 0.957367 0.07385253 0.9470215 0.07385253 0.9470215 0.1114501 0.93219 0.08227539 0.904541 0.1634521 0.8347168 0.08227539 0.904541 0.1114501 0.93219 0.09490966 0.9660645 0.07385253 0.9470215 0.06591796 0.957367 0.1114501 0.93219 0.07385253 0.9470215 0.09490966 0.9660645 0.06591796 0.957367 0.09082031 0.9744568 0.09490966 0.9660645 0.09082031 0.9744568 0.1201171 0.9778748 0.09490966 0.9660645 0.1114501 0.93219 0.09490966 0.9660645 0.1201171 0.9778748 0.09082031 0.9744568 0.1177978 0.9870834 0.1201171 0.9778748 0.1517333 0.9440308 0.1114501 0.93219 0.1201171 0.9778748 0.1634521 0.8347168 0.1114501 0.93219 0.1517333 0.9440308 0.1177978 0.9870834 0.1483154 0.9827423 0.1201171 0.9778748 0.1483154 0.9827423 0.1517333 0.9440308 0.1201171 0.9778748 0.1483154 0.9827423 0.1177978 0.9870834 0.1479492 0.9921875 0.1479492 0.9921875 0.1765136 0.9824371 0.1483154 0.9827423 0.1517333 0.9440308 0.1483154 0.9827423 0.1765136 0.9824371 0.1765136 0.9824371 0.1479492 0.9921875 0.1777343 0.9918747 0.2077636 0.9844513 0.1765136 0.9824371 0.1777343 0.9918747 0.1936035 0.939148 0.1517333 0.9440308 0.1765136 0.9824371 0.1634521 0.8347168 0.1517333 0.9440308 0.1936035 0.939148 0.1765136 0.9824371 0.2077636 0.9844513 0.204956 0.9753418 0.204956 0.9753418 0.1936035 0.939148 0.1765136 0.9824371 0.2077636 0.9844513 0.230957 0.9654846 0.204956 0.9753418 0.1936035 0.939148 0.204956 0.9753418 0.230957 0.9654846 0.230957 0.9654846 0.2077636 0.9844513 0.2359619 0.972702 0.1936035 0.939148 0.230957 0.9654846 0.227539 0.9138794 0.1634521 0.8347168 0.1936035 0.939148 0.227539 0.9138794 0.2541504 0.9495545 0.230957 0.9654846 0.2359619 0.972702 0.227539 0.9138794 0.230957 0.9654846 0.2541504 0.9495545 0.2541504 0.9495545 0.2359619 0.972702 0.2607422 0.957367 0.2746582 0.9299317 0.2541504 0.9495545 0.2607422 0.957367 0.227539 0.9138794 0.2541504 0.9495545 0.2746582 0.9299317 0.2746582 0.9299317 0.2607422 0.957367 0.2822266 0.935791 0.227539 0.9138794 0.2746582 0.9299317 0.2556152 0.8847046 0.1634521 0.8347168 0.227539 0.9138794 0.2556152 0.8847046 0.2900391 0.9057007 0.2746582 0.9299317 0.2822266 0.935791 0.2556152 0.8847046 0.2746582 0.9299317 0.2900391 0.9057007 0.2822266 0.935791 0.2983399 0.9093018 0.2900391 0.9057007 0.3000488 0.8779907 0.2900391 0.9057007 0.2983399 0.9093018 0.2556152 0.8847046 0.2900391 0.9057007 0.3000488 0.8779907 0.2983399 0.9093018 0.3088379 0.8796387 0.3000488 0.8779907 0.3000488 0.8779907 0.2678223 0.847168 0.2556152 0.8847046 0.1634521 0.8347168 0.2556152 0.8847046 0.2678223 0.847168 0.3061524 0.8492432 0.3000488 0.8779907 0.3088379 0.8796387 0.2678223 0.847168 0.3000488 0.8779907 0.3061524 0.8492432 0.3088379 0.8796387 0.3149414 0.8499756 0.3061524 0.8492432 0.3149414 0.8499756 0.3063965 0.822876 0.3061524 0.8492432 0.2678223 0.847168 0.3061524 0.8492432 0.3063965 0.822876 0.3149414 0.8499756 0.3156738 0.8215332 0.3063965 0.822876 0.2624512 0.8073731 0.2678223 0.847168 0.3063965 0.822876 0.1634521 0.8347168 0.2678223 0.847168 0.2624512 0.8073731 0.3156738 0.8215332 0.3012695 0.7955322 0.3063965 0.822876 0.3063965 0.822876 0.3012695 0.7955322 0.2624512 0.8073731 0.3012695 0.7955322 0.3156738 0.8215332 0.3100586 0.7926025 0.3100586 0.7926025 0.2902832 0.7692871 0.3012695 0.7955322 0.2624512 0.8073731 0.3012695 0.7955322 0.2902832 0.7692871 0.2902832 0.7692871 0.3100586 0.7926025 0.298584 0.7647705 0.2817383 0.739502 0.2902832 0.7692871 0.298584 0.7647705 0.1634521 0.8347168 0.2624512 0.8073731 0.2442626 0.7700195 0.2442626 0.7700195 0.2624512 0.8073731 0.2902832 0.7692871 0.2902832 0.7692871 0.2817383 0.739502 0.2744141 0.7456055 0.2744141 0.7456055 0.2442626 0.7700195 0.2902832 0.7692871 0.2602539 0.7189942 0.2744141 0.7456055 0.2817383 0.739502 0.1634521 0.8347168 0.2442626 0.7700195 0.211914 0.7434082 0.1634521 0.8347168 0.211914 0.7434082 0.1721191 0.7314453 0.211914 0.7434082 0.2037353 0.6987305 0.1721191 0.7314453 0.2541504 0.7255859 0.2442626 0.7700195 0.2744141 0.7456055 0.2744141 0.7456055 0.2602539 0.7189942 0.2541504 0.7255859 0.2442626 0.7700195 0.2541504 0.7255859 0.211914 0.7434082 0.2346191 0.701416 0.2541504 0.7255859 0.2602539 0.7189942 0.2037353 0.6987305 0.211914 0.7434082 0.2298583 0.7089844 0.211914 0.7434082 0.2541504 0.7255859 0.2298583 0.7089844 0.2541504 0.7255859 0.2346191 0.701416 0.2298583 0.7089844 0.2298583 0.7089844 0.2062988 0.6894531 0.2037353 0.6987305 0.2062988 0.6894531 0.2298583 0.7089844 0.2346191 0.701416</float_array>
          <technique_common>
            <accessor source="#SM_Chair_01a-mesh-map-2-array" count="8376" stride="2">
              <param name="S" type="float"/>
              <param name="T" type="float"/>
            </accessor>
          </technique_common>
        </source>
        <vertices id="SM_Chair_01a-mesh-vertices">
          <input semantic="POSITION" source="#SM_Chair_01a-mesh-positions"/>
        </vertices>
        <triangles material="MI_Chair_01a-material" count="2792">
          <input semantic="VERTEX" source="#SM_Chair_01a-mesh-vertices" offset="0"/>
          <input semantic="NORMAL" source="#SM_Chair_01a-mesh-normals" offset="1"/>
          <input semantic="TEXCOORD" source="#SM_Chair_01a-mesh-map-0" offset="2" set="0"/>
          <input semantic="TEXCOORD" source="#SM_Chair_01a-mesh-map-1" offset="2" set="1"/>
          <input semantic="TEXCOORD" source="#SM_Chair_01a-mesh-map-2" offset="2" set="2"/>
          <p>0 0 0 1 1 1 2 2 2 0 0 3 2 2 4 3 3 5 4 4 6 5 5 7 6 6 8 4 4 9 6 6 10 7 7 11 8 8 12 9 9 13 10 10 14 8 8 15 10 10 16 11 11 17 12 12 18 13 13 19 14 14 20 14 14 21 13 13 22 15 15 23 16 16 24 17 17 25 18 18 26 17 17 27 16 16 28 19 19 29 20 20 30 21 21 31 22 22 32 21 21 33 20 20 34 23 23 35 24 24 36 25 25 37 26 26 38 26 26 39 25 25 40 27 27 41 28 28 42 29 29 43 30 30 44 29 29 45 28 28 46 31 31 47 32 32 48 33 33 49 34 34 50 34 34 51 33 33 52 35 35 53 36 36 54 37 37 55 38 38 56 38 38 57 39 39 58 36 36 59 40 40 60 41 41 61 42 42 62 41 41 63 40 40 64 43 43 65 44 44 66 45 45 67 46 46 68 45 45 69 44 44 70 47 47 71 48 48 72 49 49 73 50 50 74 51 51 75 50 50 76 49 49 77 52 52 78 53 53 79 54 54 80 52 52 81 54 54 82 55 55 83 56 56 84 57 57 85 58 58 86 57 57 87 56 56 88 59 59 89 60 60 90 61 61 91 62 62 92 60 60 93 62 62 94 63 63 95 64 64 96 65 65 97 66 66 98 66 66 99 65 65 100 67 67 101 68 68 102 66 66 103 67 67 104 69 69 105 70 70 106 68 68 107 69 69 108 68 68 109 67 67 110 67 67 111 71 71 112 72 72 113 67 67 114 73 73 115 69 69 116 72 72 117 73 73 118 67 67 119 72 72 120 74 70 121 73 73 122 75 74 123 69 69 124 73 73 125 73 73 126 76 75 127 75 74 128 77 76 129 75 74 130 76 75 131 78 77 132 79 78 133 80 79 134 80 79 135 81 80 136 78 77 137 81 80 138 80 79 139 82 81 140 82 81 141 83 82 142 81 80 143 82 81 144 84 83 145 83 82 146 84 83 147 82 81 148 85 84 149 84 83 150 85 84 151 86 85 152 86 85 153 87 86 154 84 83 155 86 85 156 88 87 157 87 86 158 88 87 159 86 85 160 89 88 161 89 88 162 90 89 163 88 87 164 90 89 165 89 88 166 91 90 167 90 89 168 91 90 169 92 91 170 92 91 171 93 92 172 90 89 173 93 92 174 92 91 175 94 93 176 94 93 177 95 94 178 93 92 179 94 93 180 96 95 181 95 94 182 96 95 183 94 93 184 97 96 185 96 95 186 97 96 187 98 97 188 98 97 189 99 98 190 96 95 191 98 97 192 100 99 193 99 98 194 100 99 195 98 97 196 101 100 197 101 100 198 102 101 199 100 99 200 102 101 201 101 100 202 103 102 203 104 103 204 105 104 205 106 105 206 104 103 207 106 105 208 107 106 209 107 106 210 106 105 211 108 107 212 108 107 213 109 108 214 107 106 215 108 107 216 110 109 217 109 108 218 110 109 219 108 107 220 111 110 221 110 109 222 111 110 223 112 111 224 112 111 225 113 112 226 110 109 227 114 113 228 113 112 229 112 111 230 114 113 231 115 114 232 113 112 233 116 115 234 117 116 235 118 117 236 117 116 237 119 118 238 118 117 239 120 119 240 118 117 241 119 118 242 121 70 243 122 120 244 123 121 245 123 121 246 122 120 247 124 122 248 125 123 249 123 121 250 124 122 251 126 124 252 127 125 253 125 123 254 126 124 255 125 123 256 124 122 257 124 122 258 128 126 259 129 127 260 124 122 261 130 128 262 126 124 263 129 127 264 130 128 265 124 122 266 129 127 267 131 70 268 130 128 269 132 129 270 126 124 271 130 128 272 130 128 273 133 70 274 132 129 275 134 70 276 132 129 277 133 70 278 135 130 279 136 131 280 137 132 281 138 133 282 135 130 283 137 132 284 139 134 285 138 133 286 137 132 287 138 133 288 139 134 289 140 135 290 139 134 291 141 136 292 140 135 293 141 136 294 139 134 295 142 137 296 143 138 297 144 139 298 141 136 299 145 140 300 143 138 301 141 136 302 146 141 303 145 140 304 141 136 305 141 136 306 142 137 307 146 141 308 147 142 309 146 141 310 142 137 311 142 137 312 148 143 313 147 142 314 142 137 315 149 144 316 148 143 317 150 145 318 151 146 319 152 147 320 152 147 321 151 146 322 153 70 323 154 148 324 152 147 325 153 70 326 155 149 327 156 150 328 154 148 329 155 149 330 154 148 331 153 70 332 153 70 333 157 70 334 158 151 335 153 70 336 159 152 337 155 149 338 158 151 339 159 152 340 153 70 341 158 151 342 160 153 343 159 152 344 161 70 345 155 149 346 159 152 347 159 152 348 162 70 349 161 70 350 163 70 351 161 70 352 162 70 353 164 154 354 165 155 355 166 156 356 166 156 357 165 155 358 167 157 359 168 158 360 166 156 361 167 157 362 169 159 363 170 70 364 168 158 365 169 159 366 168 158 367 167 157 368 167 157 369 171 70 370 172 70 371 167 157 372 173 160 373 169 159 374 172 70 375 173 160 376 167 157 377 172 70 378 174 70 379 173 160 380 175 161 381 169 159 382 173 160 383 173 160 384 176 162 385 175 161 386 177 70 387 175 161 388 176 162 389 178 163 390 179 164 391 180 165 392 180 165 393 179 164 394 181 166 395 182 167 396 180 165 397 181 166 398 183 168 399 184 169 400 182 167 401 183 168 402 182 167 403 181 166 404 181 166 405 185 170 406 186 171 407 181 166 408 187 172 409 183 168 410 186 171 411 187 172 412 181 166 413 186 171 414 188 173 415 187 172 416 189 70 417 183 168 418 187 172 419 187 172 420 190 70 421 189 70 422 191 70 423 189 70 424 190 70 425 192 174 426 193 175 427 194 176 428 192 174 429 194 176 430 195 177 431 196 178 432 195 177 433 194 176 434 195 177 435 196 178 436 197 179 437 196 178 438 198 180 439 197 179 440 198 180 441 196 178 442 199 181 443 199 181 444 200 182 445 198 180 446 200 182 447 199 181 448 201 183 449 200 182 450 201 183 451 202 184 452 202 184 453 203 185 454 200 182 455 204 186 456 205 187 457 206 188 458 205 187 459 204 186 460 207 189 461 208 190 462 207 189 463 204 186 464 207 189 465 208 190 466 209 191 467 210 192 468 209 191 469 208 190 470 209 191 471 210 192 472 211 193 473 212 194 474 211 193 475 210 192 476 211 193 477 212 194 478 213 195 479 214 196 480 213 195 481 212 194 482 214 196 483 212 194 484 215 197 485 216 198 486 214 196 487 215 197 488 215 197 489 217 199 490 216 198 491 217 199 492 218 199 493 216 198 494 219 200 495 216 198 496 218 199 497 218 199 498 220 201 499 219 200 500 219 200 501 220 201 502 221 202 503 222 203 504 221 202 505 220 201 506 222 203 507 220 201 508 223 204 509 224 205 510 222 203 511 223 204 512 222 203 513 224 205 514 225 206 515 226 207 516 225 206 517 224 205 518 225 206 519 226 207 520 227 208 521 228 209 522 227 208 523 226 207 524 227 208 525 228 209 526 229 210 527 230 211 528 229 210 529 228 209 530 229 210 531 230 211 532 231 212 533 232 213 534 233 214 535 234 215 536 233 214 537 232 213 538 235 216 539 236 217 540 235 216 541 232 213 542 235 216 543 236 217 544 237 218 545 238 219 546 237 218 547 236 217 548 237 218 549 238 219 550 239 220 551 240 221 552 239 220 553 238 219 554 239 220 555 240 221 556 241 222 557 240 221 558 242 223 559 241 222 560 243 223 561 241 222 562 242 223 563 244 223 564 243 223 565 242 223 566 243 223 567 244 223 568 245 223 569 244 223 570 246 223 571 245 223 572 244 223 573 247 223 574 246 223 575 248 223 576 246 223 577 247 223 578 247 223 579 249 223 580 248 223 581 249 223 582 250 224 583 248 223 584 249 223 585 251 225 586 250 224 587 252 226 588 250 224 589 251 225 590 250 224 591 252 226 592 253 227 593 254 228 594 253 227 595 252 226 596 253 227 597 254 228 598 255 229 599 254 228 600 256 230 601 255 229 602 257 231 603 256 230 604 254 228 605 258 232 606 256 230 607 257 231 608 256 230 609 258 232 610 259 233 611 260 234 612 261 235 613 262 236 614 261 235 615 260 234 616 263 237 617 263 237 618 264 238 619 261 235 620 264 238 621 263 237 622 265 239 623 265 239 624 266 240 625 264 238 626 264 238 627 266 240 628 267 241 629 268 242 630 269 243 631 270 244 632 269 243 633 268 242 634 271 245 635 271 245 636 272 246 637 269 243 638 272 246 639 271 245 640 273 247 641 274 248 642 272 246 643 273 247 644 272 246 645 274 248 646 275 249 647 276 250 648 277 251 649 278 252 650 277 251 651 276 250 652 279 253 653 279 253 654 280 254 655 277 251 656 281 255 657 280 254 658 279 253 659 281 255 660 282 256 661 280 254 662 282 256 663 281 255 664 283 257 665 283 257 666 284 258 667 282 256 668 285 259 669 284 258 670 283 257 671 285 259 672 286 260 673 284 258 674 287 261 675 286 260 676 285 259 677 287 261 678 288 262 679 286 260 680 288 262 681 287 261 682 289 263 683 289 263 684 290 264 685 288 262 686 290 264 687 289 263 688 291 265 689 291 265 690 292 266 691 290 264 692 293 267 693 292 266 694 291 265 695 293 267 696 294 268 697 292 266 698 294 268 699 293 267 700 295 269 701 295 269 702 296 270 703 294 268 704 297 271 705 296 270 706 295 269 707 297 271 708 298 272 709 296 270 710 299 273 711 298 272 712 297 271 713 299 273 714 300 274 715 298 272 716 300 274 717 299 273 718 301 275 719 302 276 720 303 277 721 304 278 722 303 277 723 302 276 724 305 279 725 306 280 726 303 277 727 305 279 728 307 281 729 306 280 730 305 279 731 306 280 732 307 281 733 308 282 734 309 283 735 308 282 736 307 281 737 308 282 738 309 283 739 310 284 740 311 285 741 308 282 742 310 284 743 310 284 744 309 283 745 312 286 746 313 287 747 308 282 748 311 285 749 308 282 750 313 287 751 314 288 752 310 284 753 315 289 754 311 285 755 310 284 756 312 286 757 315 289 758 313 287 759 311 285 760 315 289 761 316 290 762 314 288 763 313 287 764 312 286 765 309 283 766 317 291 767 317 291 768 315 289 769 312 286 770 309 283 771 318 292 772 317 291 773 318 292 774 319 293 775 317 291 776 315 289 777 317 291 778 319 293 779 316 290 780 313 287 781 320 294 782 313 287 783 315 289 784 320 294 785 320 294 786 321 295 787 316 290 788 321 295 789 320 294 790 315 289 791 321 295 792 322 296 793 316 290 794 316 290 795 322 296 796 323 297 797 321 295 798 315 289 799 324 298 800 315 289 801 319 293 802 324 298 803 323 297 804 322 296 805 325 299 806 323 297 807 325 299 808 326 300 809 327 301 810 326 300 811 325 299 812 327 301 813 328 302 814 326 300 815 328 302 816 327 301 817 329 303 818 330 304 819 322 296 820 321 295 821 330 304 822 321 295 823 324 298 824 331 305 825 322 296 826 330 304 827 331 305 828 330 304 829 324 298 830 322 296 831 331 305 832 332 306 833 331 305 834 333 307 835 332 306 836 334 308 837 331 305 838 324 298 839 333 307 840 331 305 841 334 308 842 335 309 843 334 308 844 324 298 845 335 309 846 333 307 847 334 308 848 319 293 849 336 310 850 324 298 851 337 311 852 336 310 853 319 293 854 336 310 855 337 311 856 338 312 857 339 313 858 338 312 859 337 311 860 338 312 861 339 313 862 340 314 863 341 315 864 340 314 865 339 313 866 340 314 867 341 315 868 342 316 869 324 298 870 336 310 871 343 317 872 324 298 873 343 317 874 335 309 875 336 310 876 344 318 877 343 317 878 344 318 879 336 310 880 345 319 881 346 320 882 344 318 883 345 319 884 344 318 885 347 321 886 343 317 887 344 318 888 346 320 889 347 321 890 347 321 891 346 320 892 348 322 893 343 317 894 347 321 895 348 322 896 346 320 897 349 323 898 348 322 899 350 324 900 349 323 901 346 320 902 348 322 903 351 325 904 343 317 905 348 322 906 349 323 907 351 325 908 349 323 909 350 324 910 352 326 911 353 327 912 352 326 913 350 324 914 352 326 915 353 327 916 354 328 917 353 327 918 355 329 919 354 328 920 355 329 921 353 327 922 356 330 923 351 325 924 349 323 925 357 331 926 351 325 927 357 331 928 343 317 929 349 323 930 358 332 931 357 331 932 359 333 933 357 331 934 358 332 935 357 331 936 360 334 937 343 317 938 357 331 939 359 333 940 360 334 941 343 317 942 360 334 943 335 309 944 360 334 945 359 333 946 335 309 947 359 333 948 333 307 949 335 309 950 361 335 951 333 307 952 359 333 953 333 307 954 361 335 955 362 336 956 363 337 957 362 336 958 361 335 959 362 336 960 363 337 961 364 338 962 365 339 963 364 338 964 363 337 965 364 338 966 365 339 967 366 340 968 367 341 969 368 342 970 369 343 971 367 341 972 370 344 973 368 342 974 371 345 975 370 344 976 367 341 977 370 344 978 371 345 979 372 346 980 371 345 981 373 347 982 372 346 983 373 347 984 371 345 985 374 348 986 375 349 987 376 350 988 373 347 989 377 351 990 375 349 991 373 347 992 378 352 993 377 351 994 373 347 995 373 347 996 374 348 997 378 352 998 379 353 999 378 352 1000 374 348 1001 374 348 1002 380 354 1003 379 353 1004 374 348 1005 381 355 1006 380 354 1007 382 356 1008 383 357 1009 384 358 1010 382 356 1011 385 359 1012 383 357 1013 385 359 1014 386 360 1015 383 357 1016 385 359 1017 387 361 1018 386 360 1019 387 361 1020 388 362 1021 386 360 1022 387 361 1023 389 363 1024 388 362 1025 390 364 1026 388 362 1027 389 363 1028 388 362 1029 390 364 1030 391 365 1031 392 366 1032 391 365 1033 390 364 1034 391 365 1035 392 366 1036 393 367 1037 392 366 1038 394 368 1039 393 367 1040 392 366 1041 395 369 1042 394 368 1043 396 370 1044 397 371 1045 398 372 1046 399 373 1047 398 372 1048 397 371 1049 397 371 1050 400 374 1051 399 373 1052 400 374 1053 401 375 1054 399 373 1055 401 375 1056 400 374 1057 402 376 1058 401 375 1059 402 376 1060 403 377 1061 404 378 1062 403 377 1063 402 376 1064 403 377 1065 404 378 1066 405 379 1067 406 380 1068 405 379 1069 404 378 1070 407 381 1071 405 379 1072 406 380 1073 406 380 1074 408 382 1075 407 381 1076 408 382 1077 406 380 1078 409 383 1079 409 383 1080 410 384 1081 408 382 1082 410 384 1083 409 383 1084 411 385 1085 411 385 1086 412 386 1087 410 384 1088 412 386 1089 411 385 1090 413 387 1091 414 388 1092 412 386 1093 413 387 1094 414 388 1095 415 389 1096 412 386 1097 416 390 1098 415 389 1099 414 388 1100 415 389 1101 416 390 1102 417 391 1103 418 392 1104 419 393 1105 420 394 1106 420 394 1107 419 393 1108 421 395 1109 421 395 1110 419 393 1111 422 396 1112 421 395 1113 422 396 1114 423 397 1115 424 398 1116 423 397 1117 422 396 1118 423 397 1119 424 398 1120 425 399 1121 424 398 1122 426 400 1123 425 399 1124 426 400 1125 424 398 1126 427 401 1127 428 402 1128 426 400 1129 427 401 1130 426 400 1131 428 402 1132 429 403 1133 428 402 1134 430 404 1135 429 403 1136 430 404 1137 428 402 1138 431 405 1139 431 405 1140 432 406 1141 430 404 1142 432 406 1143 431 405 1144 433 407 1145 433 407 1146 434 408 1147 432 406 1148 434 408 1149 433 407 1150 435 409 1151 435 409 1152 436 410 1153 434 408 1154 436 410 1155 435 409 1156 437 411 1157 438 412 1158 436 410 1159 437 411 1160 438 412 1161 439 413 1162 436 410 1163 440 414 1164 441 415 1165 442 416 1166 441 415 1167 440 414 1168 443 417 1169 443 417 1170 444 418 1171 441 415 1172 444 418 1173 443 417 1174 445 419 1175 445 419 1176 446 420 1177 444 418 1178 446 420 1179 445 419 1180 447 421 1181 446 420 1182 447 421 1183 448 422 1184 446 420 1185 448 422 1186 449 423 1187 450 424 1188 451 425 1189 452 426 1190 452 426 1191 453 427 1192 450 424 1193 453 427 1194 454 428 1195 450 424 1196 454 428 1197 453 427 1198 455 429 1199 456 430 1200 454 428 1201 455 429 1202 454 428 1203 456 430 1204 457 431 1205 457 431 1206 456 430 1207 458 432 1208 457 431 1209 458 432 1210 459 433 1211 460 434 1212 459 433 1213 458 432 1214 459 433 1215 460 434 1216 461 435 1217 460 434 1218 462 436 1219 461 435 1220 462 436 1221 460 434 1222 463 437 1223 463 437 1224 464 438 1225 462 436 1226 464 438 1227 463 437 1228 465 439 1229 465 439 1230 466 440 1231 464 438 1232 466 440 1233 465 439 1234 467 441 1235 467 441 1236 468 442 1237 466 440 1238 468 442 1239 467 441 1240 469 443 1241 469 443 1242 470 444 1243 468 442 1244 470 444 1245 469 443 1246 471 445 1247 472 446 1248 473 447 1249 474 448 1250 473 447 1251 472 446 1252 475 449 1253 475 449 1254 476 450 1255 473 447 1256 476 450 1257 475 449 1258 477 451 1259 477 451 1260 478 452 1261 476 450 1262 478 452 1263 477 451 1264 479 453 1265 479 453 1266 480 454 1267 478 452 1268 480 454 1269 479 453 1270 481 455 1271 480 454 1272 481 455 1273 482 456 1274 480 454 1275 482 456 1276 483 457 1277 483 457 1278 482 456 1279 484 458 1280 483 457 1281 484 458 1282 485 459 1283 486 460 1284 485 459 1285 484 458 1286 485 459 1287 486 460 1288 487 461 1289 488 462 1290 487 461 1291 486 460 1292 487 461 1293 488 462 1294 489 463 1295 490 464 1296 491 465 1297 492 466 1298 490 464 1299 493 467 1300 491 465 1301 493 467 1302 490 464 1303 494 468 1304 495 469 1305 493 467 1306 494 468 1307 494 468 1308 496 470 1309 495 469 1310 496 470 1311 497 471 1312 495 469 1313 498 472 1314 497 471 1315 496 470 1316 498 472 1317 499 473 1318 497 471 1319 500 474 1320 497 471 1321 499 473 1322 497 471 1323 500 474 1324 501 475 1325 497 471 1326 501 475 1327 502 476 1328 503 477 1329 497 471 1330 502 476 1331 504 478 1332 495 469 1333 497 471 1334 503 477 1335 505 479 1336 497 471 1337 506 480 1338 504 478 1339 497 471 1340 505 479 1341 506 480 1342 497 471 1343 506 480 1344 507 481 1345 504 478 1346 506 480 1347 505 479 1348 508 482 1349 507 481 1350 506 480 1351 509 483 1352 510 484 1353 506 480 1354 508 482 1355 506 480 1356 510 484 1357 509 483 1358 511 485 1359 509 483 1360 510 484 1361 509 483 1362 511 485 1363 512 486 1364 511 485 1365 513 487 1366 512 486 1367 511 485 1368 514 488 1369 513 487 1370 514 488 1371 515 489 1372 513 487 1373 515 489 1374 514 488 1375 516 490 1376 515 489 1377 517 491 1378 513 487 1379 518 492 1380 515 489 1381 516 490 1382 517 491 1383 515 489 1384 519 493 1385 515 489 1386 518 492 1387 520 494 1388 520 494 1389 519 493 1390 515 489 1391 521 495 1392 520 494 1393 518 492 1394 521 495 1395 522 496 1396 520 494 1397 520 494 1398 522 496 1399 523 497 1400 520 494 1401 523 497 1402 524 498 1403 520 494 1404 524 498 1405 525 499 1406 525 499 1407 526 500 1408 520 494 1409 520 494 1410 526 500 1411 527 501 1412 519 493 1413 520 494 1414 528 502 1415 528 502 1416 520 494 1417 527 501 1418 527 501 1419 529 503 1420 528 502 1421 530 504 1422 528 502 1423 529 503 1424 529 503 1425 531 505 1426 530 504 1427 531 505 1428 532 506 1429 530 504 1430 531 505 1431 533 507 1432 532 506 1433 534 508 1434 535 509 1435 536 510 1436 535 509 1437 534 508 1438 537 511 1439 535 509 1440 537 511 1441 538 512 1442 539 513 1443 538 512 1444 537 511 1445 539 513 1446 540 514 1447 538 512 1448 541 515 1449 540 514 1450 539 513 1451 542 516 1452 540 514 1453 541 515 1454 540 514 1455 542 516 1456 543 517 1457 544 518 1458 543 517 1459 542 516 1460 543 517 1461 544 518 1462 545 519 1463 546 520 1464 545 519 1465 544 518 1466 545 519 1467 546 520 1468 547 521 1469 548 522 1470 549 523 1471 550 524 1472 549 523 1473 548 522 1474 551 525 1475 552 526 1476 551 525 1477 548 522 1478 551 525 1479 552 526 1480 553 527 1481 553 527 1482 552 526 1483 554 528 1484 555 529 1485 554 528 1486 552 526 1487 554 528 1488 555 529 1489 556 530 1490 557 531 1491 556 530 1492 555 529 1493 558 532 1494 556 530 1495 557 531 1496 556 530 1497 558 532 1498 559 533 1499 560 534 1500 559 533 1501 558 532 1502 559 533 1503 560 534 1504 561 535 1505 561 535 1506 560 534 1507 562 536 1508 562 536 1509 560 534 1510 563 537 1511 563 537 1512 564 538 1513 562 536 1514 564 538 1515 563 537 1516 565 539 1517 566 540 1518 564 538 1519 565 539 1520 564 538 1521 566 540 1522 567 541 1523 568 542 1524 567 541 1525 566 540 1526 567 541 1527 568 542 1528 569 543 1529 568 542 1530 570 544 1531 569 543 1532 570 544 1533 568 542 1534 571 545 1535 571 545 1536 572 546 1537 570 544 1538 571 545 1539 573 547 1540 572 546 1541 574 548 1542 575 549 1543 576 550 1544 577 551 1545 576 550 1546 575 549 1547 578 552 1548 577 551 1549 575 549 1550 577 551 1551 578 552 1552 579 553 1553 580 554 1554 579 553 1555 578 552 1556 579 553 1557 580 554 1558 581 555 1559 582 556 1560 581 555 1561 580 554 1562 581 555 1563 582 556 1564 583 557 1565 582 556 1566 584 558 1567 583 557 1568 584 558 1569 582 556 1570 585 559 1571 585 559 1572 586 560 1573 584 558 1574 585 559 1575 587 561 1576 586 560 1577 587 561 1578 588 562 1579 586 560 1580 587 561 1581 589 563 1582 588 562 1583 590 564 1584 591 565 1585 592 566 1586 591 565 1587 590 564 1588 593 567 1589 594 568 1590 593 567 1591 590 564 1592 593 567 1593 594 568 1594 595 569 1595 594 568 1596 596 570 1597 595 569 1598 596 570 1599 594 568 1600 597 571 1601 598 572 1602 599 573 1603 596 570 1604 600 574 1605 598 572 1606 596 570 1607 601 575 1608 600 574 1609 596 570 1610 596 570 1611 597 571 1612 601 575 1613 602 576 1614 601 575 1615 597 571 1616 597 571 1617 603 577 1618 602 576 1619 597 571 1620 604 578 1621 603 577 1622 605 579 1623 606 580 1624 607 581 1625 605 579 1626 608 582 1627 606 580 1628 608 582 1629 609 583 1630 606 580 1631 608 582 1632 610 584 1633 609 583 1634 610 584 1635 611 585 1636 609 583 1637 610 584 1638 612 586 1639 611 585 1640 613 587 1641 611 585 1642 612 586 1643 611 585 1644 613 587 1645 614 588 1646 615 589 1647 614 588 1648 613 587 1649 614 588 1650 615 589 1651 616 590 1652 615 589 1653 617 591 1654 616 590 1655 615 589 1656 618 592 1657 617 591 1658 619 593 1659 620 594 1660 621 595 1661 620 594 1662 619 593 1663 622 596 1664 622 596 1665 623 597 1666 620 594 1667 623 597 1668 622 596 1669 624 598 1670 624 598 1671 625 599 1672 623 597 1673 625 599 1674 624 598 1675 626 600 1676 626 600 1677 627 601 1678 625 599 1679 627 601 1680 626 600 1681 628 602 1682 627 601 1683 628 602 1684 629 603 1685 627 601 1686 629 603 1687 630 604 1688 630 604 1689 629 603 1690 631 605 1691 630 604 1692 631 605 1693 632 606 1694 633 607 1695 632 606 1696 631 605 1697 632 606 1698 633 607 1699 634 608 1700 635 609 1701 634 608 1702 633 607 1703 634 608 1704 635 609 1705 636 610 1706 637 611 1707 638 612 1708 639 613 1709 637 611 1710 640 614 1711 638 612 1712 640 614 1713 641 615 1714 638 612 1715 640 614 1716 642 616 1717 641 615 1718 642 616 1719 643 617 1720 641 615 1721 642 616 1722 644 618 1723 643 617 1724 645 619 1725 643 617 1726 644 618 1727 643 617 1728 645 619 1729 646 620 1730 647 621 1731 646 620 1732 645 619 1733 646 620 1734 647 621 1735 648 622 1736 647 621 1737 649 623 1738 648 622 1739 647 621 1740 650 624 1741 649 623 1742 651 625 1743 652 626 1744 653 627 1745 652 626 1746 651 625 1747 654 628 1748 654 628 1749 655 629 1750 652 626 1751 655 629 1752 654 628 1753 656 630 1754 656 630 1755 657 631 1756 655 629 1757 657 631 1758 656 630 1759 658 632 1760 659 633 1761 657 631 1762 658 632 1763 659 633 1764 660 634 1765 657 631 1766 659 633 1767 661 635 1768 660 634 1769 661 635 1770 659 633 1771 662 636 1772 663 637 1773 664 638 1774 665 639 1775 663 637 1776 666 640 1777 664 638 1778 667 641 1779 666 640 1780 663 637 1781 667 641 1782 668 642 1783 666 640 1784 669 643 1785 668 642 1786 667 641 1787 668 642 1788 669 643 1789 670 644 1790 670 644 1791 669 643 1792 671 645 1793 670 644 1794 671 645 1795 672 646 1796 671 645 1797 669 643 1798 673 647 1799 670 644 1800 672 646 1801 674 648 1802 673 647 1803 669 643 1804 675 649 1805 674 648 1806 672 646 1807 676 650 1808 673 647 1809 675 649 1810 677 651 1811 674 648 1812 676 650 1813 678 652 1814 677 651 1815 675 649 1816 679 653 1817 678 652 1818 676 650 1819 680 654 1820 679 653 1821 681 655 1822 677 651 1823 682 656 1824 678 652 1825 680 654 1826 682 656 1827 681 655 1828 679 653 1829 682 656 1830 683 657 1831 678 652 1832 679 653 1833 684 658 1834 682 656 1835 684 658 1836 683 657 1837 682 656 1838 683 657 1839 684 658 1840 685 659 1841 683 657 1842 685 659 1843 686 660 1844 687 661 1845 688 662 1846 689 663 1847 688 662 1848 687 661 1849 690 664 1850 690 664 1851 691 665 1852 688 662 1853 691 665 1854 690 664 1855 692 666 1856 692 666 1857 693 667 1858 691 665 1859 693 667 1860 692 666 1861 694 668 1862 694 668 1863 695 669 1864 693 667 1865 695 669 1866 694 668 1867 696 670 1868 695 669 1869 696 670 1870 697 671 1871 695 669 1872 697 671 1873 698 672 1874 698 672 1875 697 671 1876 699 673 1877 698 672 1878 699 673 1879 700 674 1880 700 674 1881 699 673 1882 701 675 1883 700 674 1884 701 675 1885 702 676 1886 703 677 1887 702 676 1888 701 675 1889 702 676 1890 703 677 1891 704 678 1892 705 679 1893 706 680 1894 707 681 1895 706 680 1896 705 679 1897 708 682 1898 709 683 1899 708 682 1900 705 679 1901 708 682 1902 709 683 1903 710 684 1904 709 683 1905 711 685 1906 710 684 1907 711 685 1908 709 683 1909 712 686 1910 713 687 1911 714 688 1912 711 685 1913 715 689 1914 713 687 1915 711 685 1916 716 690 1917 715 689 1918 711 685 1919 711 685 1920 712 686 1921 716 690 1922 717 691 1923 716 690 1924 712 686 1925 712 686 1926 718 692 1927 717 691 1928 712 686 1929 719 693 1930 718 692 1931 720 694 1932 721 695 1933 722 696 1934 720 694 1935 723 697 1936 721 695 1937 723 697 1938 724 698 1939 721 695 1940 723 697 1941 725 699 1942 724 698 1943 725 699 1944 726 700 1945 724 698 1946 725 699 1947 727 701 1948 726 700 1949 728 702 1950 726 700 1951 727 701 1952 726 700 1953 728 702 1954 729 703 1955 730 704 1956 729 703 1957 728 702 1958 729 703 1959 730 704 1960 731 705 1961 730 704 1962 732 706 1963 731 705 1964 730 704 1965 733 707 1966 732 706 1967 734 708 1968 735 709 1969 736 710 1970 735 709 1971 734 708 1972 737 711 1973 737 711 1974 738 712 1975 735 709 1976 738 712 1977 737 711 1978 739 713 1979 739 713 1980 740 714 1981 738 712 1982 740 714 1983 739 713 1984 741 715 1985 740 714 1986 741 715 1987 742 716 1988 740 714 1989 742 716 1990 743 717 1991 742 716 1992 744 718 1993 743 717 1994 744 718 1995 742 716 1996 745 719 1997 746 720 1998 747 721 1999 748 722 2000 746 720 2001 749 723 2002 747 721 2003 749 723 2004 746 720 2005 750 724 2006 750 724 2007 751 725 2008 749 723 2009 751 725 2010 750 724 2011 752 726 2012 753 727 2013 752 726 2014 750 724 2015 752 726 2016 753 727 2017 754 728 2018 752 726 2019 754 728 2020 755 729 2021 754 728 2022 753 727 2023 756 730 2024 752 726 2025 755 729 2026 757 731 2027 756 730 2028 753 727 2029 758 732 2030 757 731 2031 755 729 2032 759 733 2033 756 730 2034 758 732 2035 760 734 2036 757 731 2037 759 733 2038 761 735 2039 758 732 2040 762 736 2041 760 734 2042 761 735 2043 759 733 2044 763 737 2045 764 738 2046 760 734 2047 762 736 2048 765 739 2049 761 735 2050 763 737 2051 765 739 2052 764 738 2053 762 736 2054 765 739 2055 766 740 2056 761 735 2057 762 736 2058 767 741 2059 765 739 2060 767 741 2061 766 740 2062 765 739 2063 767 741 2064 768 742 2065 766 740 2066 766 740 2067 768 742 2068 769 743 2069 770 744 2070 771 745 2071 772 746 2072 771 745 2073 770 744 2074 773 747 2075 773 747 2076 774 748 2077 771 745 2078 774 748 2079 773 747 2080 775 749 2081 775 749 2082 776 750 2083 774 748 2084 776 750 2085 775 749 2086 777 751 2087 777 751 2088 778 752 2089 776 750 2090 778 752 2091 777 751 2092 779 753 2093 778 752 2094 779 753 2095 780 754 2096 778 752 2097 780 754 2098 781 755 2099 781 755 2100 780 754 2101 782 756 2102 781 755 2103 782 756 2104 783 757 2105 783 757 2106 782 756 2107 784 758 2108 783 757 2109 784 758 2110 785 759 2111 786 760 2112 785 759 2113 784 758 2114 785 759 2115 786 760 2116 787 761 2117 788 762 2118 789 763 2119 790 764 2120 790 764 2121 789 763 2122 791 765 2123 792 766 2124 791 765 2125 789 763 2126 791 765 2127 792 766 2128 793 767 2129 792 766 2130 794 768 2131 793 767 2132 794 768 2133 792 766 2134 795 769 2135 796 770 2136 797 771 2137 794 768 2138 798 772 2139 796 770 2140 794 768 2141 799 773 2142 798 772 2143 794 768 2144 794 768 2145 795 769 2146 799 773 2147 800 774 2148 799 773 2149 795 769 2150 795 769 2151 801 775 2152 800 774 2153 795 769 2154 802 776 2155 801 775 2156 803 777 2157 804 778 2158 805 779 2159 803 777 2160 806 780 2161 804 778 2162 806 780 2163 807 781 2164 804 778 2165 806 780 2166 808 782 2167 807 781 2168 808 782 2169 809 783 2170 807 781 2171 808 782 2172 810 784 2173 809 783 2174 811 785 2175 809 783 2176 810 784 2177 809 783 2178 811 785 2179 812 786 2180 813 787 2181 812 786 2182 811 785 2183 812 786 2184 813 787 2185 814 788 2186 813 787 2187 815 789 2188 814 788 2189 813 787 2190 816 790 2191 815 789 2192 817 791 2193 818 792 2194 819 793 2195 818 792 2196 817 791 2197 820 794 2198 820 794 2199 821 795 2200 818 792 2201 821 795 2202 820 794 2203 822 796 2204 822 796 2205 823 797 2206 821 795 2207 823 797 2208 822 796 2209 824 798 2210 824 798 2211 825 799 2212 823 797 2213 825 799 2214 824 798 2215 826 800 2216 825 799 2217 826 800 2218 827 801 2219 825 799 2220 827 801 2221 828 802 2222 828 802 2223 827 801 2224 829 803 2225 828 802 2226 829 803 2227 830 804 2228 831 805 2229 830 804 2230 829 803 2231 830 804 2232 831 805 2233 832 806 2234 833 807 2235 832 806 2236 831 805 2237 832 806 2238 833 807 2239 834 808 2240 835 809 2241 836 810 2242 837 811 2243 838 812 2244 835 809 2245 837 811 2246 839 813 2247 835 809 2248 838 812 2249 835 809 2250 839 813 2251 840 814 2252 839 813 2253 841 815 2254 840 814 2255 842 816 2256 841 815 2257 839 813 2258 843 70 2259 844 70 2260 845 70 2261 845 70 2262 844 70 2263 846 70 2264 846 70 2265 847 817 2266 845 70 2267 848 818 2268 845 70 2269 847 817 2270 848 818 2271 847 817 2272 849 819 2273 850 820 2274 849 819 2275 847 817 2276 850 820 2277 847 817 2278 851 821 2279 848 818 2280 849 819 2281 852 822 2282 851 821 2283 853 823 2284 850 820 2285 848 818 2286 852 822 2287 854 824 2288 854 824 2289 855 825 2290 848 818 2291 856 826 2292 853 823 2293 851 821 2294 851 821 2295 857 70 2296 856 826 2297 857 70 2298 858 827 2299 856 826 2300 858 827 2301 859 828 2302 856 826 2303 860 829 2304 855 825 2305 854 824 2306 855 825 2307 860 829 2308 861 830 2309 860 829 2310 862 831 2311 861 830 2312 854 824 2313 863 832 2314 860 829 2315 862 831 2316 860 829 2317 863 832 2318 852 822 2319 863 832 2320 854 824 2321 864 833 2322 862 831 2323 863 832 2324 863 832 2325 852 822 2326 865 834 2327 863 832 2328 866 835 2329 864 833 2330 863 832 2331 865 834 2332 866 835 2333 852 822 2334 867 836 2335 865 834 2336 867 836 2337 852 822 2338 849 819 2339 865 834 2340 867 836 2341 868 837 2342 869 838 2343 867 836 2344 849 819 2345 867 836 2346 869 838 2347 868 837 2348 849 819 2349 850 820 2350 869 838 2351 870 839 2352 865 834 2353 868 837 2354 869 838 2355 870 839 2356 868 837 2357 866 835 2358 865 834 2359 870 839 2360 870 839 2361 869 838 2362 871 840 2363 869 838 2364 850 820 2365 871 840 2366 871 840 2367 872 841 2368 870 839 2369 871 840 2370 850 820 2371 872 841 2372 872 841 2373 866 835 2374 870 839 2375 850 820 2376 873 842 2377 872 841 2378 872 841 2379 873 842 2380 866 835 2381 873 842 2382 850 820 2383 853 823 2384 873 842 2385 864 833 2386 866 835 2387 873 842 2388 853 823 2389 874 843 2390 864 833 2391 873 842 2392 874 843 2393 874 843 2394 853 823 2395 875 844 2396 874 843 2397 875 844 2398 876 845 2399 877 846 2400 874 843 2401 876 845 2402 864 833 2403 874 843 2404 877 846 2405 878 847 2406 877 846 2407 876 845 2408 877 846 2409 878 847 2410 864 833 2411 862 831 2412 864 833 2413 878 847 2414 862 831 2415 878 847 2416 879 848 2417 880 849 2418 862 831 2419 879 848 2420 879 848 2421 878 847 2422 881 850 2423 879 848 2424 882 70 2425 880 849 2426 881 850 2427 878 847 2428 883 851 2429 882 70 2430 884 852 2431 880 849 2432 884 852 2433 885 853 2434 880 849 2435 883 851 2436 886 70 2437 881 850 2438 887 854 2439 886 70 2440 883 851 2441 883 851 2442 888 855 2443 887 854 2444 889 856 2445 890 857 2446 891 858 2447 890 857 2448 889 856 2449 892 859 2450 892 859 2451 889 856 2452 893 860 2453 894 861 2454 892 859 2455 893 860 2456 893 860 2457 889 856 2458 895 862 2459 893 860 2460 896 863 2461 894 861 2462 893 860 2463 895 862 2464 897 864 2465 896 863 2466 898 865 2467 894 861 2468 895 862 2469 899 866 2470 897 864 2471 900 867 2472 894 861 2473 898 865 2474 901 868 2475 899 866 2476 895 862 2477 902 869 2478 900 867 2479 898 865 2480 901 868 2481 903 870 2482 899 866 2483 902 869 2484 904 871 2485 900 867 2486 905 872 2487 903 870 2488 901 868 2489 906 873 2490 904 871 2491 902 869 2492 905 872 2493 906 873 2494 903 870 2495 905 872 2496 904 871 2497 906 873 2498 907 874 2499 904 871 2500 905 872 2501 904 871 2502 907 874 2503 908 875 2504 907 874 2505 909 876 2506 908 875 2507 909 876 2508 907 874 2509 910 877 2510 909 876 2511 910 877 2512 911 878 2513 909 876 2514 911 878 2515 912 879 2516 913 880 2517 914 881 2518 915 882 2519 914 881 2520 913 880 2521 916 883 2522 917 884 2523 914 881 2524 916 883 2525 918 885 2526 914 881 2527 917 884 2528 919 886 2529 918 885 2530 917 884 2531 917 884 2532 916 883 2533 920 887 2534 921 888 2535 917 884 2536 920 887 2537 922 889 2538 923 890 2539 924 891 2540 922 889 2541 924 891 2542 925 892 2543 925 892 2544 924 891 2545 926 893 2546 924 891 2547 927 894 2548 926 893 2549 927 894 2550 928 895 2551 926 893 2552 928 895 2553 927 894 2554 929 896 2555 930 897 2556 928 895 2557 929 896 2558 928 895 2559 930 897 2560 931 898 2561 932 899 2562 931 898 2563 930 897 2564 933 900 2565 931 898 2566 932 899 2567 932 899 2568 934 901 2569 933 900 2570 934 901 2571 932 899 2572 935 902 2573 936 903 2574 937 904 2575 938 905 2576 939 906 2577 937 904 2578 936 903 2579 940 907 2580 937 904 2581 939 906 2582 937 904 2583 940 907 2584 941 908 2585 942 909 2586 943 910 2587 944 911 2588 942 909 2589 945 912 2590 943 910 2591 946 913 2592 945 912 2593 942 909 2594 946 913 2595 942 909 2596 947 914 2597 948 915 2598 946 913 2599 947 914 2600 949 916 2601 945 912 2602 946 913 2603 950 917 2604 949 916 2605 946 913 2606 951 918 2607 952 919 2608 953 920 2609 951 918 2610 953 920 2611 954 921 2612 953 920 2613 955 922 2614 954 921 2615 955 922 2616 953 920 2617 956 923 2618 956 923 2619 957 924 2620 955 922 2621 957 924 2622 956 923 2623 958 925 2624 959 926 2625 957 924 2626 958 925 2627 957 924 2628 959 926 2629 960 927 2630 959 926 2631 961 928 2632 960 927 2633 961 928 2634 959 926 2635 962 929 2636 963 930 2637 964 931 2638 965 932 2639 963 930 2640 966 933 2641 964 931 2642 966 933 2643 963 930 2644 967 934 2645 968 935 2646 966 933 2647 967 934 2648 967 934 2649 963 930 2650 969 936 2651 967 934 2652 970 937 2653 968 935 2654 967 934 2655 969 936 2656 971 938 2657 970 937 2658 972 939 2659 968 935 2660 969 936 2661 973 940 2662 971 938 2663 974 941 2664 968 935 2665 972 939 2666 975 942 2667 973 940 2668 969 936 2669 976 943 2670 974 941 2671 972 939 2672 975 942 2673 977 944 2674 973 940 2675 976 943 2676 978 945 2677 974 941 2678 979 946 2679 977 944 2680 975 942 2681 980 947 2682 978 945 2683 976 943 2684 979 946 2685 980 947 2686 977 944 2687 979 946 2688 978 945 2689 980 947 2690 981 948 2691 978 945 2692 979 946 2693 978 945 2694 981 948 2695 982 949 2696 981 948 2697 983 950 2698 982 949 2699 983 950 2700 981 948 2701 984 951 2702 983 950 2703 984 951 2704 985 952 2705 983 950 2706 985 952 2707 986 953 2708 987 954 2709 988 955 2710 989 956 2711 990 957 2712 988 955 2713 987 954 2714 990 957 2715 987 954 2716 991 958 2717 992 959 2718 990 957 2719 991 958 2720 991 958 2721 987 954 2722 993 960 2723 991 958 2724 994 961 2725 992 959 2726 991 958 2727 993 960 2728 995 962 2729 996 963 2730 992 959 2731 994 961 2732 993 960 2733 997 964 2734 995 962 2735 998 965 2736 992 959 2737 996 963 2738 999 966 2739 997 964 2740 993 960 2741 1000 967 2742 998 965 2743 996 963 2744 999 966 2745 1001 968 2746 997 964 2747 1000 967 2748 1002 969 2749 998 965 2750 1003 970 2751 1001 968 2752 999 966 2753 1004 971 2754 1002 969 2755 1000 967 2756 1003 970 2757 1004 971 2758 1001 968 2759 1003 970 2760 1002 969 2761 1004 971 2762 1003 970 2763 1005 972 2764 1002 969 2765 1005 972 2766 1003 970 2767 1006 973 2768 1006 973 2769 1007 974 2770 1005 972 2771 1007 974 2772 1006 973 2773 1008 975 2774 1007 974 2775 1008 975 2776 1009 976 2777 1007 974 2778 1009 976 2779 1010 977 2780 1011 978 2781 1012 979 2782 1013 980 2783 1011 978 2784 1013 980 2785 1014 981 2786 1013 980 2787 1015 982 2788 1014 981 2789 1014 981 2790 1016 983 2791 1011 978 2792 1017 984 2793 1016 983 2794 1014 981 2795 1014 981 2796 1018 985 2797 1017 984 2798 1019 986 2799 1018 985 2800 1014 981 2801 1014 981 2802 1020 987 2803 1019 986 2804 1021 988 2805 1022 989 2806 1023 990 2807 1022 989 2808 1024 991 2809 1023 990 2810 1024 991 2811 1022 989 2812 1025 992 2813 1026 993 2814 1023 990 2815 1024 991 2816 1025 992 2817 1027 994 2818 1024 991 2819 1028 995 2820 1026 993 2821 1024 991 2822 1024 991 2823 1027 994 2824 1029 996 2825 1030 997 2826 1028 995 2827 1024 991 2828 1024 991 2829 1029 996 2830 1031 998 2831 1024 991 2832 1032 999 2833 1030 997 2834 1024 991 2835 1031 998 2836 1033 1000 2837 1034 1001 2838 1032 999 2839 1024 991 2840 1034 1001 2841 1024 991 2842 1033 1000 2843 1035 1002 2844 1034 1001 2845 1033 1000 2846 1036 1003 2847 1037 1004 2848 1038 1005 2849 1039 1006 2850 1036 1003 2851 1038 1005 2852 1040 1007 2853 1036 1003 2854 1039 1006 2855 1038 1005 2856 1041 1008 2857 1039 1006 2858 1040 1007 2859 1039 1006 2860 1042 1009 2861 1041 1008 2862 1043 1010 2863 1039 1006 2864 1044 1011 2865 1042 1009 2866 1039 1006 2867 1043 1010 2868 1045 1012 2869 1039 1006 2870 1046 1013 2871 1044 1011 2872 1039 1006 2873 1045 1012 2874 1047 1014 2875 1039 1006 2876 1048 1015 2877 1046 1013 2878 1039 1006 2879 1047 1014 2880 1049 1016 2881 1039 1006 2882 1049 1016 2883 1048 1015 2884 1039 1006 2885 1049 1016 2886 1050 1017 2887 1048 1015 2888 1051 1018 2889 1052 1019 2890 1053 1020 2891 1052 1019 2892 1051 1018 2893 1054 1021 2894 1052 1019 2895 1054 1021 2896 1055 1022 2897 1056 1023 2898 1054 1021 2899 1051 1018 2900 1054 1021 2901 1057 1024 2902 1055 1022 2903 1054 1021 2904 1056 1023 2905 1058 1025 2906 1054 1021 2907 1058 1025 2908 1057 1024 2909 1059 1026 2910 1058 1025 2911 1056 1023 2912 1057 1024 2913 1060 1027 2914 1055 1022 2915 1058 1025 2916 1059 1026 2917 1061 1028 2918 1062 1029 2919 1061 1028 2920 1059 1026 2921 1058 1025 2922 1063 1030 2923 1057 1024 2924 1063 1030 2925 1058 1025 2926 1061 1028 2927 1060 1027 2928 1057 1024 2929 1064 1031 2930 1063 1030 2931 1064 1031 2932 1057 1024 2933 1061 1028 2934 1062 1029 2935 1065 1032 2936 1066 1033 2937 1065 1032 2938 1062 1029 2939 1061 1028 2940 1067 1034 2941 1063 1030 2942 1067 1034 2943 1061 1028 2944 1065 1032 2945 1064 1031 2946 1063 1030 2947 1068 1035 2948 1067 1034 2949 1068 1035 2950 1063 1030 2951 1069 1036 2952 1060 1027 2953 1064 1031 2954 1060 1027 2955 1069 1036 2956 1070 1037 2957 1071 1038 2958 1070 1037 2959 1069 1036 2960 1064 1031 2961 1072 1039 2962 1069 1036 2963 1072 1039 2964 1064 1031 2965 1068 1035 2966 1072 1039 2967 1071 1038 2968 1069 1036 2969 1068 1035 2970 1067 1034 2971 1073 1040 2972 1073 1040 2973 1072 1039 2974 1068 1035 2975 1065 1032 2976 1074 1041 2977 1067 1034 2978 1067 1034 2979 1074 1041 2980 1073 1040 2981 1065 1032 2982 1066 1033 2983 1075 1042 2984 1075 1042 2985 1074 1041 2986 1065 1032 2987 1076 1043 2988 1075 1042 2989 1066 1033 2990 1073 1040 2991 1077 1044 2992 1072 1039 2993 1077 1044 2994 1071 1038 2995 1072 1039 2996 1075 1042 2997 1076 1043 2998 1078 1045 2999 1079 1046 3000 1078 1045 3001 1076 1043 3002 1077 1044 3003 1073 1040 3004 1080 1047 3005 1073 1040 3006 1074 1041 3007 1080 1047 3008 1074 1041 3009 1075 1042 3010 1081 1048 3011 1074 1041 3012 1081 1048 3013 1080 1047 3014 1075 1042 3015 1078 1045 3016 1081 1048 3017 1080 1047 3018 1082 1049 3019 1077 1044 3020 1082 1049 3021 1071 1038 3022 1077 1044 3023 1081 1048 3024 1083 1050 3025 1080 1047 3026 1082 1049 3027 1080 1047 3028 1083 1050 3029 1078 1045 3030 1084 1051 3031 1081 1048 3032 1084 1051 3033 1083 1050 3034 1081 1048 3035 1078 1045 3036 1079 1046 3037 1085 1052 3038 1085 1052 3039 1084 1051 3040 1078 1045 3041 1086 1053 3042 1085 1052 3043 1079 1046 3044 1083 1050 3045 1084 1051 3046 1087 1054 3047 1085 1052 3048 1086 1053 3049 1088 1055 3050 1089 1056 3051 1088 1055 3052 1086 1053 3053 1088 1055 3054 1089 1056 3055 1090 1057 3056 1091 1058 3057 1088 1055 3058 1090 1057 3059 1084 1051 3060 1085 1052 3061 1092 1059 3062 1088 1055 3063 1092 1059 3064 1085 1052 3065 1088 1055 3066 1091 1058 3067 1093 1060 3068 1092 1059 3069 1088 1055 3070 1093 1060 3071 1094 1061 3072 1093 1060 3073 1091 1058 3074 1095 1062 3075 1084 1051 3076 1092 1059 3077 1084 1051 3078 1095 1062 3079 1087 1054 3080 1096 1063 3081 1092 1059 3082 1093 1060 3083 1093 1060 3084 1094 1061 3085 1096 1063 3086 1092 1059 3087 1096 1063 3088 1095 1062 3089 1097 1064 3090 1096 1063 3091 1094 1061 3092 1097 1064 3093 1095 1062 3094 1096 1063 3095 1098 1065 3096 1087 1054 3097 1095 1062 3098 1095 1062 3099 1097 1064 3100 1098 1065 3101 1087 1054 3102 1098 1065 3103 1099 1066 3104 1099 1066 3105 1083 1050 3106 1087 1054 3107 1083 1050 3108 1099 1066 3109 1082 1049 3110 1100 1067 3111 1099 1066 3112 1098 1065 3113 1100 1067 3114 1098 1065 3115 1097 1064 3116 1101 1068 3117 1082 1049 3118 1099 1066 3119 1099 1066 3120 1100 1067 3121 1101 1068 3122 1082 1049 3123 1101 1068 3124 1071 1038 3125 1102 1069 3126 1100 1067 3127 1097 1064 3128 1103 1070 3129 1071 1038 3130 1101 1068 3131 1104 1071 3132 1101 1068 3133 1100 1067 3134 1101 1068 3135 1104 1071 3136 1103 1070 3137 1105 1072 3138 1100 1067 3139 1102 1069 3140 1100 1067 3141 1105 1072 3142 1104 1071 3143 1071 1038 3144 1103 1070 3145 1106 1073 3146 1106 1073 3147 1107 1074 3148 1071 1038 3149 1108 1075 3150 1103 1070 3151 1104 1071 3152 1107 1074 3153 1106 1073 3154 1109 1076 3155 1110 1077 3156 1106 1073 3157 1103 1070 3158 1103 1070 3159 1108 1075 3160 1110 1077 3161 1111 1078 3162 1109 1076 3163 1106 1073 3164 1106 1073 3165 1110 1077 3166 1111 1078 3167 1112 1079 3168 1107 1074 3169 1109 1076 3170 1107 1074 3171 1112 1079 3172 1113 1080 3173 1112 1079 3174 1114 1081 3175 1113 1080 3176 1109 1076 3177 1111 1078 3178 1115 1082 3179 1115 1082 3180 1112 1079 3181 1109 1076 3182 1114 1081 3183 1112 1079 3184 1116 1083 3185 1114 1081 3186 1116 1083 3187 1117 1084 3188 1112 1079 3189 1115 1082 3190 1118 1085 3191 1118 1085 3192 1116 1083 3193 1112 1079 3194 1119 1086 3195 1117 1084 3196 1116 1083 3197 1119 1086 3198 1120 1087 3199 1117 1084 3200 1120 1087 3201 1119 1086 3202 1121 1088 3203 1122 1089 3204 1119 1086 3205 1116 1083 3206 1116 1083 3207 1118 1085 3208 1122 1089 3209 1123 1090 3210 1121 1088 3211 1119 1086 3212 1119 1086 3213 1122 1089 3214 1123 1090 3215 1121 1088 3216 1123 1090 3217 1124 1091 3218 1125 1092 3219 1124 1091 3220 1123 1090 3221 1124 1091 3222 1125 1092 3223 1126 1093 3224 1122 1089 3225 1127 1094 3226 1123 1090 3227 1125 1092 3228 1123 1090 3229 1127 1094 3230 1128 1095 3231 1126 1093 3232 1125 1092 3233 1127 1094 3234 1128 1095 3235 1125 1092 3236 1126 1093 3237 1128 1095 3238 1129 1096 3239 1130 1097 3240 1129 1096 3241 1128 1095 3242 1122 1089 3243 1131 1098 3244 1127 1094 3245 1131 1098 3246 1122 1089 3247 1118 1085 3248 1128 1095 3249 1132 1099 3250 1130 1097 3251 1132 1099 3252 1133 1100 3253 1130 1097 3254 1128 1095 3255 1127 1094 3256 1134 1101 3257 1133 1100 3258 1132 1099 3259 1135 1102 3260 1135 1102 3261 1136 1103 3262 1133 1100 3263 1128 1095 3264 1137 1104 3265 1132 1099 3266 1135 1102 3267 1132 1099 3268 1137 1104 3269 1137 1104 3270 1128 1095 3271 1134 1101 3272 1136 1103 3273 1135 1102 3274 1138 1105 3275 1138 1105 3276 1139 1106 3277 1136 1103 3278 1139 1106 3279 1138 1105 3280 1140 1107 3281 1134 1101 3282 1127 1094 3283 1141 1108 3284 1137 1104 3285 1134 1101 3286 1141 1108 3287 1131 1098 3288 1141 1108 3289 1127 1094 3290 1135 1102 3291 1137 1104 3292 1142 1109 3293 1138 1105 3294 1135 1102 3295 1142 1109 3296 1137 1104 3297 1141 1108 3298 1143 1110 3299 1142 1109 3300 1137 1104 3301 1143 1110 3302 1140 1107 3303 1138 1105 3304 1144 1111 3305 1138 1105 3306 1142 1109 3307 1144 1111 3308 1140 1107 3309 1144 1111 3310 1145 1112 3311 1144 1111 3312 1142 1109 3313 1146 1113 3314 1142 1109 3315 1143 1110 3316 1146 1113 3317 1145 1112 3318 1144 1111 3319 1147 1114 3320 1144 1111 3321 1146 1113 3322 1147 1114 3323 1145 1112 3324 1147 1114 3325 1148 1115 3326 1147 1114 3327 1149 1116 3328 1148 1115 3329 1146 1113 3330 1143 1110 3331 1150 1117 3332 1149 1116 3333 1147 1114 3334 1151 1118 3335 1152 1119 3336 1147 1114 3337 1146 1113 3338 1147 1114 3339 1152 1119 3340 1151 1118 3341 1146 1113 3342 1150 1117 3343 1152 1119 3344 1153 1120 3345 1149 1116 3346 1151 1118 3347 1149 1116 3348 1153 1120 3349 1154 1121 3350 1155 1122 3351 1151 1118 3352 1152 1119 3353 1151 1118 3354 1155 1122 3355 1153 1120 3356 1156 1123 3357 1152 1119 3358 1150 1117 3359 1152 1119 3360 1156 1123 3361 1155 1122 3362 1143 1110 3363 1157 1124 3364 1150 1117 3365 1143 1110 3366 1141 1108 3367 1157 1124 3368 1141 1108 3369 1131 1098 3370 1157 1124 3371 1158 1125 3372 1150 1117 3373 1157 1124 3374 1150 1117 3375 1158 1125 3376 1156 1123 3377 1159 1126 3378 1157 1124 3379 1131 1098 3380 1159 1126 3381 1158 1125 3382 1157 1124 3383 1118 1085 3384 1159 1126 3385 1131 1098 3386 1159 1126 3387 1118 1085 3388 1115 1082 3389 1115 1082 3390 1160 1127 3391 1159 1126 3392 1158 1125 3393 1159 1126 3394 1160 1127 3395 1160 1127 3396 1115 1082 3397 1111 1078 3398 1160 1127 3399 1161 1128 3400 1158 1125 3401 1156 1123 3402 1158 1125 3403 1161 1128 3404 1160 1127 3405 1111 1078 3406 1162 1129 3407 1161 1128 3408 1160 1127 3409 1162 1129 3410 1111 1078 3411 1110 1077 3412 1162 1129 3413 1156 1123 3414 1161 1128 3415 1163 1130 3416 1156 1123 3417 1163 1130 3418 1155 1122 3419 1162 1129 3420 1164 1131 3421 1161 1128 3422 1164 1131 3423 1163 1130 3424 1161 1128 3425 1110 1077 3426 1165 1132 3427 1162 1129 3428 1164 1131 3429 1162 1129 3430 1165 1132 3431 1165 1132 3432 1110 1077 3433 1108 1075 3434 1155 1122 3435 1163 1130 3436 1166 1133 3437 1166 1133 3438 1153 1120 3439 1155 1122 3440 1163 1130 3441 1164 1131 3442 1167 1134 3443 1167 1134 3444 1166 1133 3445 1163 1130 3446 1165 1132 3447 1168 1135 3448 1164 1131 3449 1168 1135 3450 1167 1134 3451 1164 1131 3452 1153 1120 3453 1166 1133 3454 1169 1136 3455 1169 1136 3456 1154 1121 3457 1153 1120 3458 1166 1133 3459 1167 1134 3460 1170 1137 3461 1170 1137 3462 1169 1136 3463 1166 1133 3464 1167 1134 3465 1168 1135 3466 1171 1138 3467 1170 1137 3468 1167 1134 3469 1171 1138 3470 1168 1135 3471 1165 1132 3472 1172 1139 3473 1108 1075 3474 1172 1139 3475 1165 1132 3476 1171 1138 3477 1168 1135 3478 1173 1140 3479 1168 1135 3480 1172 1139 3481 1173 1140 3482 1172 1139 3483 1108 1075 3484 1174 1141 3485 1104 1071 3486 1174 1141 3487 1108 1075 3488 1174 1141 3489 1104 1071 3490 1105 1072 3491 1174 1141 3492 1175 1142 3493 1172 1139 3494 1175 1142 3495 1173 1140 3496 1172 1139 3497 1105 1072 3498 1176 1143 3499 1174 1141 3500 1175 1142 3501 1174 1141 3502 1176 1143 3503 1176 1143 3504 1105 1072 3505 1177 1144 3506 1102 1069 3507 1177 1144 3508 1105 1072 3509 1175 1142 3510 1176 1143 3511 1178 1145 3512 1177 1144 3513 1102 1069 3514 1179 1146 3515 1102 1069 3516 1097 1064 3517 1179 1146 3518 1176 1143 3519 1177 1144 3520 1180 1147 3521 1179 1146 3522 1180 1147 3523 1177 1144 3524 1176 1143 3525 1180 1147 3526 1178 1145 3527 1179 1146 3528 1097 1064 3529 1181 1148 3530 1181 1148 3531 1097 1064 3532 1182 1149 3533 1183 1150 3534 1181 1148 3535 1182 1149 3536 1179 1146 3537 1181 1148 3538 1184 1151 3539 1180 1147 3540 1179 1146 3541 1184 1151 3542 1181 1148 3543 1183 1150 3544 1185 1152 3545 1181 1148 3546 1185 1152 3547 1184 1151 3548 1186 1153 3549 1185 1152 3550 1183 1150 3551 1187 1154 3552 1184 1151 3553 1185 1152 3554 1185 1152 3555 1186 1153 3556 1187 1154 3557 1188 1155 3558 1186 1153 3559 1189 1156 3560 1186 1153 3561 1188 1155 3562 1187 1154 3563 1184 1151 3564 1187 1154 3565 1190 1157 3566 1187 1154 3567 1188 1155 3568 1190 1157 3569 1190 1157 3570 1180 1147 3571 1184 1151 3572 1190 1157 3573 1188 1155 3574 1191 1158 3575 1190 1157 3576 1191 1158 3577 1192 1159 3578 1180 1147 3579 1190 1157 3580 1192 1159 3581 1192 1159 3582 1191 1158 3583 1193 1160 3584 1180 1147 3585 1192 1159 3586 1194 1161 3587 1194 1161 3588 1192 1159 3589 1193 1160 3590 1178 1145 3591 1180 1147 3592 1194 1161 3593 1193 1160 3594 1195 1162 3595 1194 1161 3596 1195 1162 3597 1196 1163 3598 1194 1161 3599 1194 1161 3600 1196 1163 3601 1178 1145 3602 1196 1163 3603 1195 1162 3604 1197 1164 3605 1198 1165 3606 1196 1163 3607 1197 1164 3608 1199 1166 3609 1178 1145 3610 1196 1163 3611 1175 1142 3612 1178 1145 3613 1199 1166 3614 1173 1140 3615 1175 1142 3616 1199 1166 3617 1196 1163 3618 1198 1165 3619 1200 1167 3620 1201 1168 3621 1200 1167 3622 1198 1165 3623 1196 1163 3624 1202 1169 3625 1199 1166 3626 1202 1169 3627 1196 1163 3628 1200 1167 3629 1173 1140 3630 1199 1166 3631 1202 1169 3632 1201 1168 3633 1203 1170 3634 1200 1167 3635 1203 1170 3636 1202 1169 3637 1200 1167 3638 1201 1168 3639 1204 1171 3640 1203 1170 3641 1205 1172 3642 1203 1170 3643 1204 1171 3644 1202 1169 3645 1206 1173 3646 1173 1140 3647 1202 1169 3648 1203 1170 3649 1206 1173 3650 1207 1174 3651 1173 1140 3652 1206 1173 3653 1171 1138 3654 1173 1140 3655 1207 1174 3656 1203 1170 3657 1208 1175 3658 1206 1173 3659 1208 1175 3660 1207 1174 3661 1206 1173 3662 1203 1170 3663 1205 1172 3664 1209 1176 3665 1208 1175 3666 1203 1170 3667 1209 1176 3668 1210 1177 3669 1209 1176 3670 1205 1172 3671 1207 1174 3672 1211 1178 3673 1171 1138 3674 1170 1137 3675 1171 1138 3676 1211 1178 3677 1212 1179 3678 1209 1176 3679 1210 1177 3680 1212 1179 3681 1210 1177 3682 1213 1180 3683 1211 1178 3684 1214 1181 3685 1170 1137 3686 1169 1136 3687 1170 1137 3688 1214 1181 3689 1213 1180 3690 1215 1182 3691 1212 1179 3692 1215 1182 3693 1213 1180 3694 1216 1183 3695 1217 1184 3696 1209 1176 3697 1212 1179 3698 1215 1182 3699 1217 1184 3700 1212 1179 3701 1209 1176 3702 1217 1184 3703 1208 1175 3704 1216 1183 3705 1218 1185 3706 1215 1182 3707 1219 1186 3708 1216 1183 3709 1220 1187 3710 1216 1183 3711 1219 1186 3712 1218 1185 3713 1218 1185 3714 1221 1188 3715 1215 1182 3716 1217 1184 3717 1215 1182 3718 1221 1188 3719 1219 1186 3720 1222 1189 3721 1218 1185 3722 1221 1188 3723 1218 1185 3724 1222 1189 3725 1222 1189 3726 1219 1186 3727 1223 1190 3728 1223 1190 3729 1224 1191 3730 1222 1189 3731 1224 1191 3732 1221 1188 3733 1222 1189 3734 1224 1191 3735 1223 1190 3736 1225 1192 3737 1224 1191 3738 1225 1192 3739 1226 1193 3740 1221 1188 3741 1224 1191 3742 1227 1194 3743 1217 1184 3744 1221 1188 3745 1227 1194 3746 1227 1194 3747 1224 1191 3748 1226 1193 3749 1227 1194 3750 1228 1195 3751 1217 1184 3752 1208 1175 3753 1217 1184 3754 1229 1196 3755 1229 1196 3756 1217 1184 3757 1228 1195 3758 1207 1174 3759 1208 1175 3760 1229 1196 3761 1211 1178 3762 1207 1174 3763 1229 1196 3764 1230 1197 3765 1228 1195 3766 1227 1194 3767 1230 1197 3768 1227 1194 3769 1226 1193 3770 1231 1198 3771 1229 1196 3772 1228 1195 3773 1229 1196 3774 1231 1198 3775 1211 1178 3776 1228 1195 3777 1230 1197 3778 1231 1198 3779 1214 1181 3780 1211 1178 3781 1231 1198 3782 1231 1198 3783 1230 1197 3784 1232 1199 3785 1232 1199 3786 1214 1181 3787 1231 1198 3788 1230 1197 3789 1226 1193 3790 1232 1199 3791 1233 1200 3792 1214 1181 3793 1232 1199 3794 1214 1181 3795 1233 1200 3796 1169 1136 3797 1154 1121 3798 1169 1136 3799 1233 1200 3800 1232 1199 3801 1226 1193 3802 1234 1201 3803 1232 1199 3804 1235 1202 3805 1233 1200 3806 1235 1202 3807 1232 1199 3808 1234 1201 3809 1233 1200 3810 1236 1203 3811 1154 1121 3812 1236 1203 3813 1233 1200 3814 1235 1202 3815 1226 1193 3816 1237 1204 3817 1234 1201 3818 1234 1201 3819 1238 1205 3820 1235 1202 3821 1238 1205 3822 1234 1201 3823 1237 1204 3824 1235 1202 3825 1238 1205 3826 1239 1206 3827 1236 1203 3828 1235 1202 3829 1239 1206 3830 1237 1204 3831 1240 1207 3832 1238 1205 3833 1240 1207 3834 1239 1206 3835 1238 1205 3836 1237 1204 3837 1226 1193 3838 1241 1208 3839 1226 1193 3840 1242 1209 3841 1241 1208 3842 1241 1208 3843 1243 1210 3844 1237 1204 3845 1240 1207 3846 1237 1204 3847 1243 1210 3848 1242 1209 3849 1244 1211 3850 1241 1208 3851 1243 1210 3852 1241 1208 3853 1244 1211 3854 1244 1211 3855 1242 1209 3856 1245 1212 3857 1245 1212 3858 1246 1213 3859 1244 1211 3860 1243 1210 3861 1244 1211 3862 1246 1213 3863 1246 1213 3864 1245 1212 3865 1247 1214 3866 1248 1215 3867 1246 1213 3868 1247 1214 3869 1246 1213 3870 1248 1215 3871 1249 1216 3872 1250 1217 3873 1243 1210 3874 1246 1213 3875 1249 1216 3876 1250 1217 3877 1246 1213 3878 1240 1207 3879 1243 1210 3880 1250 1217 3881 1250 1217 3882 1249 1216 3883 1251 1218 3884 1251 1218 3885 1252 1219 3886 1250 1217 3887 1250 1217 3888 1252 1219 3889 1240 1207 3890 1252 1219 3891 1251 1218 3892 1253 1220 3893 1252 1219 3894 1254 1221 3895 1240 1207 3896 1239 1206 3897 1240 1207 3898 1254 1221 3899 1253 1220 3900 1255 1222 3901 1252 1219 3902 1254 1221 3903 1252 1219 3904 1255 1222 3905 1255 1222 3906 1253 1220 3907 1256 1223 3908 1254 1221 3909 1257 1224 3910 1239 1206 3911 1236 1203 3912 1239 1206 3913 1257 1224 3914 1258 1225 3915 1254 1221 3916 1255 1222 3917 1257 1224 3918 1254 1221 3919 1258 1225 3920 1256 1223 3921 1259 1226 3922 1255 1222 3923 1255 1222 3924 1259 1226 3925 1258 1225 3926 1259 1226 3927 1256 1223 3928 1260 1227 3929 1261 1228 3930 1236 1203 3931 1257 1224 3932 1236 1203 3933 1261 1228 3934 1154 1121 3935 1260 1227 3936 1262 1229 3937 1259 1226 3938 1262 1229 3939 1260 1227 3940 1263 1230 3941 1264 1231 3942 1261 1228 3943 1257 1224 3944 1264 1231 3945 1257 1224 3946 1258 1225 3947 1259 1226 3948 1265 1232 3949 1258 1225 3950 1258 1225 3951 1265 1232 3952 1264 1231 3953 1265 1232 3954 1259 1226 3955 1262 1229 3956 1261 1228 3957 1264 1231 3958 1266 1233 3959 1261 1228 3960 1266 1233 3961 1154 1121 3962 1265 1232 3963 1267 1234 3964 1264 1231 3965 1264 1231 3966 1267 1234 3967 1266 1233 3968 1262 1229 3969 1268 1235 3970 1265 1232 3971 1267 1234 3972 1265 1232 3973 1268 1235 3974 1263 1230 3975 1269 1236 3976 1262 1229 3977 1268 1235 3978 1262 1229 3979 1269 1236 3980 1269 1236 3981 1263 1230 3982 1270 1237 3983 1268 1235 3984 1271 1238 3985 1267 1234 3986 1271 1238 3987 1266 1233 3988 1267 1234 3989 1268 1235 3990 1269 1236 3991 1272 1239 3992 1271 1238 3993 1268 1235 3994 1272 1239 3995 1270 1237 3996 1273 1240 3997 1269 1236 3998 1273 1240 3999 1272 1239 4000 1269 1236 4001 1273 1240 4002 1270 1237 4003 1274 1241 4004 1275 1242 4005 1274 1241 4006 1276 1243 4007 1274 1241 4008 1275 1242 4009 1273 1240 4010 1275 1242 4011 1277 1244 4012 1273 1240 4013 1273 1240 4014 1277 1244 4015 1272 1239 4016 1278 1245 4017 1272 1239 4018 1277 1244 4019 1272 1239 4020 1278 1245 4021 1271 1238 4022 1279 1246 4023 1271 1238 4024 1278 1245 4025 1266 1233 4026 1271 1238 4027 1279 1246 4028 1266 1233 4029 1279 1246 4030 1154 1121 4031 1278 1245 4032 1280 1247 4033 1279 1246 4034 1154 1121 4035 1279 1246 4036 1280 1247 4037 1281 1248 4038 1282 1249 4039 1283 1250 4040 1282 1249 4041 1281 1248 4042 1284 1251 4043 1284 1251 4044 1285 1252 4045 1282 1249 4046 1284 1251 4047 1281 1248 4048 1286 1253 4049 1285 1252 4050 1284 1251 4051 1287 1254 4052 1284 1251 4053 1286 1253 4054 1288 1255 4055 1287 1254 4056 1284 1251 4057 1288 1255 4058 1287 1254 4059 1289 1256 4060 1285 1252 4061 1289 1256 4062 1290 1257 4063 1285 1252 4064 1289 1256 4065 1291 1258 4066 1290 1257 4067 1287 1254 4068 1288 1255 4069 1292 1259 4070 1289 1256 4071 1287 1254 4072 1292 1259 4073 1286 1253 4074 1293 1260 4075 1288 1255 4076 1293 1260 4077 1286 1253 4078 1294 1261 4079 1295 1262 4080 1294 1261 4081 1296 1263 4082 1294 1261 4083 1295 1262 4084 1293 1260 4085 1297 1264 4086 1293 1260 4087 1295 1262 4088 1298 1265 4089 1288 1255 4090 1293 1260 4091 1293 1260 4092 1297 1264 4093 1298 1265 4094 1288 1255 4095 1298 1265 4096 1292 1259 4097 1299 1266 4098 1298 1265 4099 1297 1264 4100 1298 1265 4101 1300 1267 4102 1292 1259 4103 1289 1256 4104 1292 1259 4105 1300 1267 4106 1298 1265 4107 1299 1266 4108 1301 1268 4109 1300 1267 4110 1298 1265 4111 1301 1268 4112 1302 1269 4113 1301 1268 4114 1299 1266 4115 1300 1267 4116 1301 1268 4117 1302 1269 4118 1299 1266 4119 1303 1270 4120 1302 1269 4121 1304 1271 4122 1289 1256 4123 1300 1267 4124 1291 1258 4125 1289 1256 4126 1304 1271 4127 1305 1272 4128 1300 1267 4129 1302 1269 4130 1304 1271 4131 1300 1267 4132 1305 1272 4133 1306 1273 4134 1302 1269 4135 1303 1270 4136 1306 1273 4137 1305 1272 4138 1302 1269 4139 1303 1270 4140 1307 1274 4141 1306 1273 4142 1308 1275 4143 1304 1271 4144 1305 1272 4145 1305 1272 4146 1306 1273 4147 1308 1275 4148 1309 1276 4149 1291 1258 4150 1304 1271 4151 1304 1271 4152 1308 1275 4153 1309 1276 4154 1291 1258 4155 1309 1276 4156 1310 1277 4157 1311 1278 4158 1310 1277 4159 1309 1276 4160 1311 1278 4161 1309 1276 4162 1308 1275 4163 1310 1277 4164 1311 1278 4165 1312 1279 4166 1306 1273 4167 1313 1280 4168 1308 1275 4169 1311 1278 4170 1308 1275 4171 1313 1280 4172 1314 1281 4173 1306 1273 4174 1307 1274 4175 1313 1280 4176 1306 1273 4177 1314 1281 4178 1314 1281 4179 1307 1274 4180 1315 1282 4181 1316 1283 4182 1311 1278 4183 1313 1280 4184 1314 1281 4185 1316 1283 4186 1313 1280 4187 1317 1284 4188 1312 1279 4189 1311 1278 4190 1311 1278 4191 1316 1283 4192 1317 1284 4193 1312 1279 4194 1317 1284 4195 1318 1285 4196 1319 1286 4197 1314 1281 4198 1315 1282 4199 1316 1283 4200 1314 1281 4201 1319 1286 4202 1319 1286 4203 1315 1282 4204 1320 1287 4205 1321 1288 4206 1319 1286 4207 1320 1287 4208 1322 1289 4209 1318 1285 4210 1317 1284 4211 1322 1289 4212 1317 1284 4213 1316 1283 4214 1318 1285 4215 1322 1289 4216 1323 1290 4217 1322 1289 4218 1324 1291 4219 1323 1290 4220 1319 1286 4221 1325 1292 4222 1316 1283 4223 1322 1289 4224 1316 1283 4225 1325 1292 4226 1319 1286 4227 1321 1288 4228 1326 1293 4229 1325 1292 4230 1319 1286 4231 1326 1293 4232 1327 1294 4233 1326 1293 4234 1321 1288 4235 1324 1291 4236 1322 1289 4237 1328 1295 4238 1328 1295 4239 1322 1289 4240 1325 1292 4241 1328 1295 4242 1329 1296 4243 1324 1291 4244 1326 1293 4245 1330 1297 4246 1325 1292 4247 1328 1295 4248 1325 1292 4249 1330 1297 4250 1326 1293 4251 1327 1294 4252 1331 1298 4253 1330 1297 4254 1326 1293 4255 1331 1298 4256 1332 1299 4257 1331 1298 4258 1327 1294 4259 1329 1296 4260 1328 1295 4261 1333 1300 4262 1333 1300 4263 1328 1295 4264 1330 1297 4265 1333 1300 4266 1334 1301 4267 1329 1296 4268 1331 1298 4269 1332 1299 4270 1335 1302 4271 1336 1303 4272 1335 1302 4273 1332 1299 4274 1331 1298 4275 1337 1304 4276 1330 1297 4277 1337 1304 4278 1331 1298 4279 1335 1302 4280 1333 1300 4281 1330 1297 4282 1337 1304 4283 1335 1302 4284 1336 1303 4285 1338 1305 4286 1338 1305 4287 1337 1304 4288 1335 1302 4289 1339 1306 4290 1338 1305 4291 1336 1303 4292 1340 1307 4293 1333 1300 4294 1337 1304 4295 1334 1301 4296 1333 1300 4297 1340 1307 4298 1340 1307 4299 1337 1304 4300 1341 1308 4301 1337 1304 4302 1338 1305 4303 1341 1308 4304 1340 1307 4305 1342 1309 4306 1334 1301 4307 1342 1309 4308 1340 1307 4309 1341 1308 4310 1334 1301 4311 1342 1309 4312 1343 1310 4313 1338 1305 4314 1344 1311 4315 1341 1308 4316 1342 1309 4317 1341 1308 4318 1344 1311 4319 1344 1311 4320 1338 1305 4321 1345 1312 4322 1338 1305 4323 1339 1306 4324 1345 1312 4325 1346 1313 4326 1342 1309 4327 1344 1311 4328 1345 1312 4329 1346 1313 4330 1344 1311 4331 1347 1314 4332 1343 1310 4333 1342 1309 4334 1342 1309 4335 1346 1313 4336 1347 1314 4337 1343 1310 4338 1347 1314 4339 1348 1315 4340 1349 1316 4341 1345 1312 4342 1339 1306 4343 1346 1313 4344 1345 1312 4345 1349 1316 4346 1339 1306 4347 1350 1317 4348 1349 1316 4349 1351 1318 4350 1349 1316 4351 1350 1317 4352 1351 1318 4353 1346 1313 4354 1349 1316 4355 1351 1318 4356 1350 1317 4357 1352 1319 4358 1353 1320 4359 1347 1314 4360 1346 1313 4361 1346 1313 4362 1351 1318 4363 1353 1320 4364 1354 1321 4365 1348 1315 4366 1347 1314 4367 1347 1314 4368 1353 1320 4369 1354 1321 4370 1348 1315 4371 1354 1321 4372 1355 1322 4373 1351 1318 4374 1356 1323 4375 1353 1320 4376 1356 1323 4377 1354 1321 4378 1353 1320 4379 1357 1324 4380 1351 1318 4381 1352 1319 4382 1356 1323 4383 1351 1318 4384 1357 1324 4385 1357 1324 4386 1352 1319 4387 1358 1325 4388 1358 1325 4389 1359 1326 4390 1357 1324 4391 1359 1326 4392 1358 1325 4393 1360 1327 4394 1359 1326 4395 1356 1323 4396 1357 1324 4397 1356 1323 4398 1359 1326 4399 1361 1328 4400 1354 1321 4401 1356 1323 4402 1362 1329 4403 1362 1329 4404 1356 1323 4405 1361 1328 4406 1362 1329 4407 1355 1322 4408 1354 1321 4409 1363 1330 4410 1362 1329 4411 1361 1328 4412 1355 1322 4413 1362 1329 4414 1364 1331 4415 1363 1330 4416 1364 1331 4417 1362 1329 4418 1364 1331 4419 1363 1330 4420 1365 1332 4421 1366 1333 4422 1367 1334 4423 1368 1335 4424 1367 1334 4425 1366 1333 4426 1369 1336 4427 1369 1336 4428 1370 1337 4429 1367 1334 4430 1369 1336 4431 1366 1333 4432 1371 1338 4433 1370 1337 4434 1369 1336 4435 1372 1339 4436 1372 1339 4437 1373 1340 4438 1370 1337 4439 1369 1336 4440 1371 1338 4441 1374 1341 4442 1372 1339 4443 1369 1336 4444 1374 1341 4445 1373 1340 4446 1372 1339 4447 1375 1342 4448 1375 1342 4449 1376 1343 4450 1373 1340 4451 1372 1339 4452 1374 1341 4453 1377 1344 4454 1375 1342 4455 1372 1339 4456 1377 1344 4457 1371 1338 4458 1378 1345 4459 1374 1341 4460 1378 1345 4461 1371 1338 4462 1379 1346 4463 1380 1347 4464 1381 1348 4465 1379 1346 4466 1378 1345 4467 1379 1346 4468 1381 1348 4469 1382 1349 4470 1378 1345 4471 1381 1348 4472 1383 1350 4473 1374 1341 4474 1378 1345 4475 1378 1345 4476 1382 1349 4477 1383 1350 4478 1374 1341 4479 1383 1350 4480 1377 1344 4481 1384 1351 4482 1383 1350 4483 1382 1349 4484 1383 1350 4485 1384 1351 4486 1385 1352 4487 1385 1352 4488 1377 1344 4489 1383 1350 4490 1386 1353 4491 1385 1352 4492 1384 1351 4493 1377 1344 4494 1385 1352 4495 1387 1354 4496 1375 1342 4497 1377 1344 4498 1387 1354 4499 1385 1352 4500 1386 1353 4501 1388 1355 4502 1389 1356 4503 1375 1342 4504 1387 1354 4505 1376 1343 4506 1375 1342 4507 1389 1356 4508 1385 1352 4509 1390 1357 4510 1387 1354 4511 1389 1356 4512 1387 1354 4513 1390 1357 4514 1390 1357 4515 1385 1352 4516 1388 1355 4517 1391 1358 4518 1376 1343 4519 1389 1356 4520 1376 1343 4521 1391 1358 4522 1392 1359 4523 1393 1360 4524 1389 1356 4525 1390 1357 4526 1388 1355 4527 1393 1360 4528 1390 1357 4529 1389 1356 4530 1393 1360 4531 1391 1358 4532 1391 1358 4533 1394 1361 4534 1392 1359 4535 1393 1360 4536 1388 1355 4537 1395 1362 4538 1395 1362 4539 1388 1355 4540 1386 1353 4541 1386 1353 4542 1396 1363 4543 1395 1362 4544 1397 1364 4545 1391 1358 4546 1393 1360 4547 1395 1362 4548 1397 1364 4549 1393 1360 4550 1394 1361 4551 1391 1358 4552 1398 1365 4553 1391 1358 4554 1397 1364 4555 1398 1365 4556 1399 1366 4557 1395 1362 4558 1396 1363 4559 1397 1364 4560 1395 1362 4561 1399 1366 4562 1399 1366 4563 1396 1363 4564 1400 1367 4565 1401 1368 4566 1394 1361 4567 1398 1365 4568 1401 1368 4569 1398 1365 4570 1397 1364 4571 1394 1361 4572 1401 1368 4573 1402 1369 4574 1399 1366 4575 1403 1370 4576 1397 1364 4577 1401 1368 4578 1397 1364 4579 1403 1370 4580 1404 1371 4581 1399 1366 4582 1400 1367 4583 1403 1370 4584 1399 1366 4585 1404 1371 4586 1404 1371 4587 1400 1367 4588 1405 1372 4589 1406 1373 4590 1404 1371 4591 1405 1372 4592 1407 1374 4593 1401 1368 4594 1403 1370 4595 1404 1371 4596 1407 1374 4597 1403 1370 4598 1404 1371 4599 1406 1373 4600 1408 1375 4601 1407 1374 4602 1404 1371 4603 1408 1375 4604 1409 1376 4605 1408 1375 4606 1406 1373 4607 1408 1375 4608 1409 1376 4609 1410 1377 4610 1410 1377 4611 1407 1374 4612 1408 1375 4613 1411 1378 4614 1410 1377 4615 1409 1376 4616 1401 1368 4617 1407 1374 4618 1412 1379 4619 1412 1379 4620 1402 1369 4621 1401 1368 4622 1402 1369 4623 1412 1379 4624 1413 1380 4625 1412 1379 4626 1414 1381 4627 1413 1380 4628 1410 1377 4629 1411 1378 4630 1415 1382 4631 1416 1383 4632 1415 1382 4633 1411 1378 4634 1414 1381 4635 1412 1379 4636 1417 1384 4637 1417 1384 4638 1418 1385 4639 1414 1381 4640 1419 1386 4641 1412 1379 4642 1407 1374 4643 1412 1379 4644 1419 1386 4645 1417 1384 4646 1407 1374 4647 1410 1377 4648 1419 1386 4649 1415 1382 4650 1419 1386 4651 1410 1377 4652 1418 1385 4653 1417 1384 4654 1420 1387 4655 1420 1387 4656 1417 1384 4657 1419 1386 4658 1420 1387 4659 1421 1388 4660 1418 1385 4661 1419 1386 4662 1415 1382 4663 1422 1389 4664 1420 1387 4665 1419 1386 4666 1422 1389 4667 1421 1388 4668 1420 1387 4669 1423 1390 4670 1423 1390 4671 1420 1387 4672 1422 1389 4673 1423 1390 4674 1424 1391 4675 1421 1388 4676 1425 1392 4677 1422 1389 4678 1415 1382 4679 1415 1382 4680 1416 1383 4681 1425 1392 4682 1423 1390 4683 1422 1389 4684 1426 1393 4685 1422 1389 4686 1425 1392 4687 1426 1393 4688 1427 1394 4689 1425 1392 4690 1416 1383 4691 1428 1395 4692 1423 1390 4693 1426 1393 4694 1424 1391 4695 1423 1390 4696 1428 1395 4697 1425 1392 4698 1429 1396 4699 1426 1393 4700 1428 1395 4701 1426 1393 4702 1429 1396 4703 1425 1392 4704 1427 1394 4705 1430 1397 4706 1429 1396 4707 1425 1392 4708 1430 1397 4709 1431 1398 4710 1424 1391 4711 1428 1395 4712 1424 1391 4713 1431 1398 4714 1432 1399 4715 1433 1400 4716 1428 1395 4717 1429 1396 4718 1430 1397 4719 1433 1400 4720 1429 1396 4721 1428 1395 4722 1433 1400 4723 1431 1398 4724 1434 1401 4725 1430 1397 4726 1427 1394 4727 1433 1400 4728 1430 1397 4729 1434 1401 4730 1427 1394 4731 1435 1402 4732 1434 1401 4733 1436 1403 4734 1431 1398 4735 1433 1400 4736 1434 1401 4737 1436 1403 4738 1433 1400 4739 1437 1404 4740 1432 1399 4741 1431 1398 4742 1431 1398 4743 1436 1403 4744 1437 1404 4745 1432 1399 4746 1437 1404 4747 1438 1405 4748 1439 1406 4749 1434 1401 4750 1435 1402 4751 1436 1403 4752 1434 1401 4753 1439 1406 4754 1439 1406 4755 1435 1402 4756 1440 1407 4757 1441 1408 4758 1437 1404 4759 1436 1403 4760 1439 1406 4761 1441 1408 4762 1436 1403 4763 1442 1409 4764 1438 1405 4765 1437 1404 4766 1437 1404 4767 1441 1408 4768 1442 1409 4769 1438 1405 4770 1442 1409 4771 1443 1410 4772 1444 1411 4773 1439 1406 4774 1440 1407 4775 1441 1408 4776 1439 1406 4777 1444 1411 4778 1444 1411 4779 1440 1407 4780 1445 1412 4781 1446 1413 4782 1443 1410 4783 1442 1409 4784 1443 1410 4785 1446 1413 4786 1447 1414 4787 1442 1409 4788 1448 1415 4789 1446 1413 4790 1448 1415 4791 1442 1409 4792 1441 1408 4793 1441 1408 4794 1449 1416 4795 1448 1415 4796 1449 1416 4797 1441 1408 4798 1444 1411 4799 1449 1416 4800 1444 1411 4801 1445 1412 4802 1449 1416 4803 1445 1412 4804 1450 1417 4805 1451 1418 4806 1452 1419 4807 1453 1420 4808 1452 1419 4809 1454 1421 4810 1453 1420 4811 1454 1421 4812 1452 1419 4813 1455 1422 4814 1456 1423 4815 1453 1420 4816 1454 1421 4817 1455 1422 4818 1457 1424 4819 1454 1421 4820 1458 1425 4821 1456 1423 4822 1454 1421 4823 1454 1421 4824 1457 1424 4825 1459 1426 4826 1460 1427 4827 1458 1425 4828 1454 1421 4829 1454 1421 4830 1459 1426 4831 1461 1428 4832 1454 1421 4833 1462 1429 4834 1460 1427 4835 1454 1421 4836 1461 1428 4837 1463 1430 4838 1464 1431 4839 1462 1429 4840 1454 1421 4841 1464 1431 4842 1454 1421 4843 1463 1430 4844 1465 1432 4845 1464 1431 4846 1463 1430 4847 1466 1433 4848 1467 1434 4849 1468 1435 4850 1469 1436 4851 1466 1433 4852 1468 1435 4853 1470 1437 4854 1466 1433 4855 1469 1436 4856 1468 1435 4857 1471 1438 4858 1469 1436 4859 1470 1437 4860 1469 1436 4861 1472 1439 4862 1471 1438 4863 1473 1440 4864 1469 1436 4865 1474 1441 4866 1472 1439 4867 1469 1436 4868 1473 1440 4869 1475 1442 4870 1469 1436 4871 1476 1443 4872 1474 1441 4873 1469 1436 4874 1475 1442 4875 1477 1444 4876 1469 1436 4877 1478 1445 4878 1476 1443 4879 1469 1436 4880 1477 1444 4881 1479 1446 4882 1469 1436 4883 1479 1446 4884 1478 1445 4885 1469 1436 4886 1479 1446 4887 1480 1447 4888 1478 1445 4889 1481 1448 4890 1482 1449 4891 1483 1450 4892 1482 1449 4893 1484 1451 4894 1483 1450 4895 1484 1451 4896 1482 1449 4897 1485 1452 4898 1486 1453 4899 1483 1450 4900 1484 1451 4901 1485 1452 4902 1487 1454 4903 1484 1451 4904 1488 1455 4905 1486 1453 4906 1484 1451 4907 1484 1451 4908 1487 1454 4909 1489 1456 4910 1490 1457 4911 1488 1455 4912 1484 1451 4913 1484 1451 4914 1489 1456 4915 1491 1458 4916 1484 1451 4917 1492 1459 4918 1490 1457 4919 1484 1451 4920 1491 1458 4921 1493 1460 4922 1494 1461 4923 1492 1459 4924 1484 1451 4925 1494 1461 4926 1484 1451 4927 1493 1460 4928 1495 1462 4929 1494 1461 4930 1493 1460 4931 1496 1463 4932 1497 1464 4933 1498 1465 4934 1499 1466 4935 1496 1463 4936 1498 1465 4937 1500 1467 4938 1496 1463 4939 1499 1466 4940 1498 1465 4941 1501 1468 4942 1499 1466 4943 1500 1467 4944 1499 1466 4945 1502 1469 4946 1501 1468 4947 1503 1470 4948 1499 1466 4949 1504 1471 4950 1502 1469 4951 1499 1466 4952 1503 1470 4953 1505 1472 4954 1499 1466 4955 1506 1473 4956 1504 1471 4957 1499 1466 4958 1505 1472 4959 1507 1474 4960 1499 1466 4961 1508 1475 4962 1506 1473 4963 1499 1466 4964 1507 1474 4965 1509 1476 4966 1499 1466 4967 1509 1476 4968 1508 1475 4969 1499 1466 4970 1509 1476 4971 1510 1477 4972 1508 1475 4973 1511 1478 4974 1512 1479 4975 1513 1480 4976 1512 1479 4977 1514 1481 4978 1513 1480 4979 1514 1481 4980 1512 1479 4981 1515 1482 4982 1516 1483 4983 1513 1480 4984 1514 1481 4985 1515 1482 4986 1517 1484 4987 1514 1481 4988 1518 1485 4989 1516 1483 4990 1514 1481 4991 1514 1481 4992 1517 1484 4993 1519 1486 4994 1520 1487 4995 1518 1485 4996 1514 1481 4997 1514 1481 4998 1519 1486 4999 1521 1488 5000 1514 1481 5001 1522 1489 5002 1520 1487 5003 1514 1481 5004 1521 1488 5005 1523 1490 5006 1524 1491 5007 1522 1489 5008 1514 1481 5009 1524 1491 5010 1514 1481 5011 1523 1490 5012 1525 1492 5013 1524 1491 5014 1523 1490 5015 1526 1493 5016 1527 1494 5017 1528 1495 5018 1529 1496 5019 1526 1493 5020 1528 1495 5021 1530 1497 5022 1526 1493 5023 1529 1496 5024 1528 1495 5025 1531 1498 5026 1529 1496 5027 1530 1497 5028 1529 1496 5029 1532 1499 5030 1531 1498 5031 1533 1500 5032 1529 1496 5033 1534 1501 5034 1532 1499 5035 1529 1496 5036 1533 1500 5037 1535 1502 5038 1529 1496 5039 1536 1503 5040 1534 1501 5041 1529 1496 5042 1535 1502 5043 1537 1504 5044 1529 1496 5045 1538 1505 5046 1536 1503 5047 1529 1496 5048 1537 1504 5049 1539 1506 5050 1529 1496 5051 1539 1506 5052 1538 1505 5053 1529 1496 5054 1539 1506 5055 1540 1507 5056 1538 1505 5057 1541 1508 5058 1542 1509 5059 1543 1510 5060 1542 1509 5061 1544 1511 5062 1543 1510 5063 1544 1511 5064 1542 1509 5065 1545 1512 5066 1546 1513 5067 1543 1510 5068 1544 1511 5069 1545 1512 5070 1547 1514 5071 1544 1511 5072 1548 1515 5073 1546 1513 5074 1544 1511 5075 1544 1511 5076 1547 1514 5077 1549 1516 5078 1550 1517 5079 1548 1515 5080 1544 1511 5081 1544 1511 5082 1549 1516 5083 1551 1518 5084 1544 1511 5085 1552 1519 5086 1550 1517 5087 1544 1511 5088 1551 1518 5089 1553 1520 5090 1554 1521 5091 1552 1519 5092 1544 1511 5093 1554 1521 5094 1544 1511 5095 1553 1520 5096 1555 1522 5097 1554 1521 5098 1553 1520 5099 1556 1523 5100 1557 1524 5101 1558 1525 5102 1559 1526 5103 1556 1523 5104 1558 1525 5105 1560 1527 5106 1556 1523 5107 1559 1526 5108 1558 1525 5109 1561 1528 5110 1559 1526 5111 1560 1527 5112 1559 1526 5113 1562 1529 5114 1561 1528 5115 1563 1530 5116 1559 1526 5117 1564 1531 5118 1562 1529 5119 1559 1526 5120 1563 1530 5121 1565 1532 5122 1559 1526 5123 1566 1533 5124 1564 1531 5125 1559 1526 5126 1565 1532 5127 1567 1534 5128 1559 1526 5129 1568 1535 5130 1566 1533 5131 1559 1526 5132 1567 1534 5133 1569 1536 5134 1559 1526 5135 1569 1536 5136 1568 1535 5137 1559 1526 5138 1569 1536 5139 1570 1537 5140 1568 1535 5141 1571 1538 5142 1572 1539 5143 1573 1540 5144 1574 1541 5145 1571 1538 5146 1573 1540 5147 1575 1542 5148 1574 1541 5149 1573 1540 5150 1573 1540 5151 1576 1543 5152 1577 1544 5153 1573 1540 5154 1577 1544 5155 1575 1542 5156 1577 1544 5157 1578 1545 5158 1579 1546 5159 1579 1546 5160 1575 1542 5161 1577 1544 5162 1579 1546 5163 1580 1547 5164 1575 1542 5165 1580 1547 5166 1581 1548 5167 1575 1542 5168 1581 1548 5169 1582 1549 5170 1575 1542 5171 1583 1550 5172 1584 1551 5173 1585 1552 5174 1584 1551 5175 1583 1550 5176 1586 1553 5177 1587 1554 5178 1586 1553 5179 1583 1550 5180 1588 1555 5181 1587 1554 5182 1583 1550 5183 1589 1556 5184 1588 1555 5185 1583 1550 5186 1588 1555 5187 1589 1556 5188 1590 1557 5189 1591 1558 5190 1588 1555 5191 1592 1559 5192 1588 1555 5193 1591 1558 5194 1593 1560 5195 1588 1555 5196 1594 1561 5197 1587 1554 5198 1595 1562 5199 1588 1555 5200 1593 1560 5201 1588 1555 5202 1595 1562 5203 1594 1561 5204 1596 1563 5205 1587 1554 5206 1594 1561 5207 1586 1553 5208 1587 1554 5209 1596 1563 5210 1594 1561 5211 1595 1562 5212 1597 1564 5213 1597 1564 5214 1596 1563 5215 1594 1561 5216 1593 1560 5217 1597 1564 5218 1595 1562 5219 1586 1553 5220 1596 1563 5221 1598 1565 5222 1597 1564 5223 1598 1565 5224 1596 1563 5225 1586 1553 5226 1598 1565 5227 1599 1566 5228 1597 1564 5229 1599 1566 5230 1598 1565 5231 1599 1566 5232 1600 1567 5233 1586 1553 5234 1600 1567 5235 1599 1566 5236 1601 1568 5237 1597 1564 5238 1593 1560 5239 1602 1569 5240 1602 1569 5241 1599 1566 5242 1597 1564 5243 1603 1570 5244 1602 1569 5245 1593 1560 5246 1604 1571 5247 1602 1569 5248 1603 1570 5249 1602 1569 5250 1605 1572 5251 1599 1566 5252 1605 1572 5253 1602 1569 5254 1606 1573 5255 1607 1574 5256 1608 1551 5257 1609 1552 5258 1608 1551 5259 1607 1574 5260 1610 1575 5261 1611 1576 5262 1610 1575 5263 1607 1574 5264 1612 1577 5265 1611 1576 5266 1607 1574 5267 1613 1556 5268 1612 1577 5269 1607 1574 5270 1612 1577 5271 1613 1556 5272 1614 1557 5273 1615 1578 5274 1612 1577 5275 1616 1559 5276 1612 1577 5277 1615 1578 5278 1617 1579 5279 1612 1577 5280 1618 1580 5281 1611 1576 5282 1619 1581 5283 1612 1577 5284 1617 1579 5285 1612 1577 5286 1619 1581 5287 1618 1580 5288 1620 1582 5289 1611 1576 5290 1618 1580 5291 1610 1575 5292 1611 1576 5293 1620 1582 5294 1618 1580 5295 1619 1581 5296 1621 1583 5297 1621 1583 5298 1620 1582 5299 1618 1580 5300 1617 1579 5301 1621 1583 5302 1619 1581 5303 1610 1575 5304 1620 1582 5305 1622 1584 5306 1621 1583 5307 1622 1584 5308 1620 1582 5309 1610 1575 5310 1622 1584 5311 1623 1585 5312 1621 1583 5313 1623 1585 5314 1622 1584 5315 1623 1585 5316 1624 1586 5317 1610 1575 5318 1624 1586 5319 1623 1585 5320 1625 1568 5321 1621 1583 5322 1617 1579 5323 1626 1587 5324 1626 1587 5325 1623 1585 5326 1621 1583 5327 1627 1588 5328 1626 1587 5329 1617 1579 5330 1628 1571 5331 1626 1587 5332 1627 1588 5333 1626 1587 5334 1629 1572 5335 1623 1585 5336 1629 1572 5337 1626 1587 5338 1630 1573 5339 1631 1589 5340 1632 1590 5341 1633 1591 5342 1632 1590 5343 1631 1589 5344 1634 1592 5345 1635 1593 5346 1634 1592 5347 1631 1589 5348 1636 1594 5349 1635 1593 5350 1631 1589 5351 1637 1595 5352 1636 1594 5353 1631 1589 5354 1636 1594 5355 1637 1595 5356 1638 1557 5357 1639 1596 5358 1636 1594 5359 1640 1597 5360 1636 1594 5361 1639 1596 5362 1641 1598 5363 1636 1594 5364 1642 1599 5365 1635 1593 5366 1643 1600 5367 1636 1594 5368 1641 1598 5369 1636 1594 5370 1643 1600 5371 1642 1599 5372 1644 1601 5373 1635 1593 5374 1642 1599 5375 1634 1592 5376 1635 1593 5377 1644 1601 5378 1642 1599 5379 1643 1600 5380 1645 1602 5381 1645 1602 5382 1644 1601 5383 1642 1599 5384 1641 1598 5385 1645 1602 5386 1643 1600 5387 1634 1592 5388 1644 1601 5389 1646 1603 5390 1645 1602 5391 1646 1603 5392 1644 1601 5393 1634 1592 5394 1646 1603 5395 1647 1604 5396 1645 1602 5397 1647 1604 5398 1646 1603 5399 1647 1604 5400 1648 1605 5401 1634 1592 5402 1648 1605 5403 1647 1604 5404 1649 1606 5405 1645 1602 5406 1641 1598 5407 1650 1607 5408 1650 1607 5409 1647 1604 5410 1645 1602 5411 1651 1608 5412 1650 1607 5413 1641 1598 5414 1652 1609 5415 1650 1607 5416 1651 1608 5417 1650 1607 5418 1653 1610 5419 1647 1604 5420 1653 1610 5421 1650 1607 5422 1654 1611 5423 1655 1612 5424 1656 1590 5425 1657 1591 5426 1656 1590 5427 1655 1612 5428 1658 1613 5429 1659 1614 5430 1658 1613 5431 1655 1612 5432 1660 1615 5433 1659 1614 5434 1655 1612 5435 1661 1595 5436 1660 1615 5437 1655 1612 5438 1660 1615 5439 1661 1595 5440 1662 1557 5441 1663 1616 5442 1660 1615 5443 1664 1617 5444 1660 1615 5445 1663 1616 5446 1665 1618 5447 1660 1615 5448 1666 1619 5449 1659 1614 5450 1667 1620 5451 1660 1615 5452 1665 1618 5453 1660 1615 5454 1667 1620 5455 1666 1619 5456 1668 1621 5457 1659 1614 5458 1666 1619 5459 1658 1613 5460 1659 1614 5461 1668 1621 5462 1666 1619 5463 1667 1620 5464 1669 1622 5465 1669 1622 5466 1668 1621 5467 1666 1619 5468 1665 1618 5469 1669 1622 5470 1667 1620 5471 1658 1613 5472 1668 1621 5473 1670 1623 5474 1669 1622 5475 1670 1623 5476 1668 1621 5477 1658 1613 5478 1670 1623 5479 1671 1624 5480 1669 1622 5481 1671 1624 5482 1670 1623 5483 1671 1624 5484 1672 1625 5485 1658 1613 5486 1672 1625 5487 1671 1624 5488 1673 1606 5489 1669 1622 5490 1665 1618 5491 1674 1626 5492 1674 1626 5493 1671 1624 5494 1669 1622 5495 1675 1627 5496 1674 1626 5497 1665 1618 5498 1676 1609 5499 1674 1626 5500 1675 1627 5501 1674 1626 5502 1677 1610 5503 1671 1624 5504 1677 1610 5505 1674 1626 5506 1678 1611 5507 1679 1628 5508 1680 1629 5509 1681 1630 5510 1681 1630 5511 1682 1631 5512 1679 1628 5513 1679 1628 5514 1682 1631 5515 1683 1632 5516 1683 1632 5517 1684 1633 5518 1679 1628 5519 1684 1633 5520 1685 1634 5521 1679 1628 5522 1685 1634 5523 1686 1635 5524 1679 1628 5525 1687 1636 5526 1688 1637 5527 1689 1638 5528 1689 1638 5529 1690 1639 5530 1687 1636 5531 1687 1636 5532 1690 1639 5533 1691 1640 5534 1691 1640 5535 1692 1641 5536 1687 1636 5537 1692 1641 5538 1693 1642 5539 1687 1636 5540 1693 1642 5541 1694 1643 5542 1687 1636 5543 1695 1644 5544 1696 1645 5545 1697 1646 5546 1697 1646 5547 1698 1647 5548 1695 1644 5549 1695 1644 5550 1698 1647 5551 1699 1648 5552 1699 1648 5553 1700 1543 5554 1695 1644 5555 1700 1543 5556 1701 1649 5557 1695 1644 5558 1701 1649 5559 1702 1650 5560 1695 1644 5561 1703 1651 5562 1704 1652 5563 1705 1653 5564 1705 1653 5565 1706 1654 5566 1703 1651 5567 1703 1651 5568 1706 1654 5569 1707 1655 5570 1707 1655 5571 1708 1656 5572 1703 1651 5573 1708 1656 5574 1709 1657 5575 1703 1651 5576 1709 1657 5577 1710 1543 5578 1703 1651 5579 1711 1658 5580 1712 1659 5581 1713 1660 5582 1713 1660 5583 1714 1661 5584 1711 1658 5585 1711 1658 5586 1714 1661 5587 1715 1662 5588 1715 1662 5589 1716 1663 5590 1711 1658 5591 1716 1663 5592 1717 1664 5593 1711 1658 5594 1717 1664 5595 1718 1665 5596 1711 1658 5597 1719 1666 5598 1720 1667 5599 1721 1668 5600 1719 1666 5601 1722 1669 5602 1720 1667 5603 1722 1669 5604 1723 1670 5605 1720 1667 5606 1722 1669 5607 1719 1666 5608 1724 1671 5609 1725 1672 5610 1723 1670 5611 1722 1669 5612 1725 1672 5613 1722 1669 5614 1724 1671 5615 1725 1672 5616 1726 1673 5617 1723 1670 5618 1719 1666 5619 1727 1674 5620 1724 1671 5621 1728 1675 5622 1726 1673 5623 1725 1672 5624 1728 1675 5625 1729 1676 5626 1726 1673 5627 1724 1671 5628 1730 1677 5629 1725 1672 5630 1725 1672 5631 1730 1677 5632 1728 1675 5633 1724 1671 5634 1731 1678 5635 1730 1677 5636 1731 1678 5637 1724 1671 5638 1727 1674 5639 1730 1677 5640 1732 1679 5641 1728 1675 5642 1733 1680 5643 1727 1674 5644 1734 1681 5645 1735 1682 5646 1730 1677 5647 1731 1678 5648 1730 1677 5649 1735 1682 5650 1732 1679 5651 1727 1674 5652 1733 1680 5653 1736 1683 5654 1737 1684 5655 1736 1683 5656 1733 1680 5657 1727 1674 5658 1738 1685 5659 1731 1678 5660 1738 1685 5661 1727 1674 5662 1736 1683 5663 1736 1683 5664 1737 1684 5665 1739 1686 5666 1739 1686 5667 1738 1685 5668 1736 1683 5669 1740 1687 5670 1739 1686 5671 1737 1684 5672 1731 1678 5673 1738 1685 5674 1741 1688 5675 1741 1688 5676 1735 1682 5677 1731 1678 5678 1739 1686 5679 1740 1687 5680 1742 1689 5681 1743 1690 5682 1742 1689 5683 1740 1687 5684 1742 1689 5685 1743 1690 5686 1744 1691 5687 1738 1685 5688 1739 1686 5689 1745 1692 5690 1742 1689 5691 1745 1692 5692 1739 1686 5693 1744 1691 5694 1746 1693 5695 1742 1689 5696 1745 1692 5697 1742 1689 5698 1746 1693 5699 1746 1693 5700 1744 1691 5701 1747 1694 5702 1746 1693 5703 1747 1694 5704 1748 1695 5705 1748 1695 5706 1749 1696 5707 1746 1693 5708 1749 1696 5709 1745 1692 5710 1746 1693 5711 1749 1696 5712 1748 1695 5713 1750 1697 5714 1738 1685 5715 1745 1692 5716 1751 1698 5717 1745 1692 5718 1749 1696 5719 1751 1698 5720 1751 1698 5721 1741 1688 5722 1738 1685 5723 1750 1697 5724 1752 1699 5725 1749 1696 5726 1752 1699 5727 1751 1698 5728 1749 1696 5729 1741 1688 5730 1751 1698 5731 1753 1700 5732 1751 1698 5733 1752 1699 5734 1753 1700 5735 1750 1697 5736 1754 1701 5737 1752 1699 5738 1754 1701 5739 1750 1697 5740 1755 1702 5741 1752 1699 5742 1756 1703 5743 1753 1700 5744 1756 1703 5745 1752 1699 5746 1754 1701 5747 1753 1700 5748 1757 1704 5749 1741 1688 5750 1735 1682 5751 1741 1688 5752 1757 1704 5753 1758 1705 5754 1753 1700 5755 1756 1703 5756 1753 1700 5757 1758 1705 5758 1757 1704 5759 1757 1704 5760 1759 1706 5761 1735 1682 5762 1735 1682 5763 1759 1706 5764 1732 1679 5765 1760 1707 5766 1757 1704 5767 1758 1705 5768 1757 1704 5769 1760 1707 5770 1759 1706 5771 1759 1706 5772 1761 1708 5773 1732 1679 5774 1762 1709 5775 1759 1706 5776 1760 1707 5777 1759 1706 5778 1762 1709 5779 1761 1708 5780 1761 1708 5781 1763 1710 5782 1732 1679 5783 1762 1709 5784 1763 1710 5785 1761 1708 5786 1732 1679 5787 1763 1710 5788 1728 1675 5789 1763 1710 5790 1729 1676 5791 1728 1675 5792 1764 1711 5793 1729 1676 5794 1763 1710 5795 1763 1710 5796 1762 1709 5797 1764 1711 5798 1729 1676 5799 1764 1711 5800 1765 1712 5801 1766 1713 5802 1764 1711 5803 1762 1709 5804 1760 1707 5805 1766 1713 5806 1762 1709 5807 1767 1714 5808 1765 1712 5809 1764 1711 5810 1764 1711 5811 1766 1713 5812 1767 1714 5813 1765 1712 5814 1767 1714 5815 1768 1715 5816 1766 1713 5817 1760 1707 5818 1769 1716 5819 1758 1705 5820 1769 1716 5821 1760 1707 5822 1770 1717 5823 1767 1714 5824 1766 1713 5825 1769 1716 5826 1770 1717 5827 1766 1713 5828 1771 1718 5829 1768 1715 5830 1767 1714 5831 1767 1714 5832 1770 1717 5833 1771 1718 5834 1768 1715 5835 1771 1718 5836 1772 1719 5837 1773 1720 5838 1772 1719 5839 1771 1718 5840 1773 1720 5841 1771 1718 5842 1770 1717 5843 1772 1719 5844 1773 1720 5845 1774 1721 5846 1775 1722 5847 1773 1720 5848 1770 1717 5849 1770 1717 5850 1769 1716 5851 1775 1722 5852 1769 1716 5853 1758 1705 5854 1776 1723 5855 1776 1723 5856 1775 1722 5857 1769 1716 5858 1756 1703 5859 1776 1723 5860 1758 1705 5861 1777 1724 5862 1778 1725 5863 1775 1722 5864 1775 1722 5865 1779 1726 5866 1777 1724 5867 1775 1722 5868 1776 1723 5869 1779 1726 5870 1779 1726 5871 1780 1727 5872 1777 1724 5873 1776 1723 5874 1756 1703 5875 1781 1728 5876 1779 1726 5877 1782 1729 5878 1780 1727 5879 1776 1723 5880 1782 1729 5881 1779 1726 5882 1776 1723 5883 1781 1728 5884 1782 1729 5885 1782 1729 5886 1783 1730 5887 1780 1727 5888 1754 1701 5889 1781 1728 5890 1756 1703 5891 1783 1730 5892 1782 1729 5893 1784 1731 5894 1781 1728 5895 1784 1731 5896 1782 1729 5897 1784 1731 5898 1785 1732 5899 1783 1730 5900 1784 1731 5901 1786 1733 5902 1785 1732 5903 1787 1734 5904 1781 1728 5905 1754 1701 5906 1781 1728 5907 1787 1734 5908 1784 1731 5909 1787 1734 5910 1786 1733 5911 1784 1731 5912 1755 1702 5913 1787 1734 5914 1754 1701 5915 1787 1734 5916 1788 1735 5917 1786 1733 5918 1787 1734 5919 1755 1702 5920 1788 1735 5921 1789 1736 5922 1790 1737 5923 1791 1738 5924 1790 1737 5925 1789 1736 5926 1792 1739 5927 1793 1740 5928 1792 1739 5929 1789 1736 5930 1794 1741 5931 1790 1737 5932 1792 1739 5933 1790 1737 5934 1794 1741 5935 1795 1742 5936 1792 1739 5937 1793 1740 5938 1796 1743 5939 1796 1743 5940 1794 1741 5941 1792 1739 5942 1797 1744 5943 1796 1743 5944 1793 1740 5945 1798 1745 5946 1795 1742 5947 1794 1741 5948 1795 1742 5949 1798 1745 5950 1799 1746 5951 1798 1745 5952 1800 1747 5953 1799 1746 5954 1801 1748 5955 1800 1747 5956 1798 1745 5957 1802 1749 5958 1801 1748 5959 1798 1745 5960 1803 1750 5961 1798 1745 5962 1794 1741 5963 1802 1749 5964 1798 1745 5965 1803 1750 5966 1794 1741 5967 1804 1751 5968 1803 1750 5969 1794 1741 5970 1796 1743 5971 1804 1751 5972 1805 1752 5973 1802 1749 5974 1803 1750 5975 1805 1752 5976 1803 1750 5977 1804 1751 5978 1802 1749 5979 1805 1752 5980 1806 1753 5981 1807 1754 5982 1806 1753 5983 1805 1752 5984 1796 1743 5985 1808 1755 5986 1804 1751 5987 1805 1752 5988 1804 1751 5989 1808 1755 5990 1805 1752 5991 1809 1756 5992 1807 1754 5993 1808 1755 5994 1809 1756 5995 1805 1752 5996 1809 1756 5997 1810 1757 5998 1807 1754 5999 1810 1757 6000 1809 1756 6001 1811 1758 6002 1812 1759 6003 1811 1758 6004 1809 1756 6005 1809 1756 6006 1808 1755 6007 1812 1759 6008 1811 1758 6009 1812 1759 6010 1813 1760 6011 1813 1760 6012 1812 1759 6013 1814 1761 6014 1815 1762 6015 1814 1761 6016 1812 1759 6017 1808 1755 6018 1815 1762 6019 1812 1759 6020 1815 1762 6021 1816 1763 6022 1814 1761 6023 1816 1763 6024 1815 1762 6025 1817 1764 6026 1815 1762 6027 1808 1755 6028 1818 1765 6029 1818 1765 6030 1817 1764 6031 1815 1762 6032 1808 1755 6033 1796 1743 6034 1818 1765 6035 1817 1764 6036 1818 1765 6037 1797 1744 6038 1796 1743 6039 1797 1744 6040 1818 1765 6041 1819 1766 6042 1820 1767 6043 1821 1768 6044 1819 1766 6045 1822 1769 6046 1820 1767 6047 1822 1769 6048 1823 1770 6049 1820 1767 6050 1822 1769 6051 1819 1766 6052 1824 1771 6053 1825 1772 6054 1823 1770 6055 1822 1769 6056 1825 1772 6057 1822 1769 6058 1824 1771 6059 1825 1772 6060 1826 1773 6061 1823 1770 6062 1819 1766 6063 1827 1774 6064 1824 1771 6065 1828 1775 6066 1826 1773 6067 1825 1772 6068 1828 1775 6069 1829 1776 6070 1826 1773 6071 1824 1771 6072 1830 1777 6073 1825 1772 6074 1831 1778 6075 1829 1776 6076 1828 1775 6077 1825 1772 6078 1832 1779 6079 1828 1775 6080 1832 1779 6081 1831 1778 6082 1828 1775 6083 1832 1779 6084 1825 1772 6085 1830 1777 6086 1833 1780 6087 1829 1776 6088 1831 1778 6089 1829 1776 6090 1833 1780 6091 1834 1781 6092 1835 1782 6093 1831 1778 6094 1832 1779 6095 1835 1782 6096 1833 1780 6097 1831 1778 6098 1830 1777 6099 1836 1783 6100 1832 1779 6101 1832 1779 6102 1837 1784 6103 1835 1782 6104 1837 1784 6105 1832 1779 6106 1836 1783 6107 1824 1771 6108 1838 1785 6109 1830 1777 6110 1836 1783 6111 1830 1777 6112 1838 1785 6113 1838 1785 6114 1824 1771 6115 1827 1774 6116 1837 1784 6117 1839 1786 6118 1835 1782 6119 1833 1780 6120 1835 1782 6121 1839 1786 6122 1840 1787 6123 1827 1774 6124 1841 1788 6125 1842 1789 6126 1833 1780 6127 1839 1786 6128 1827 1774 6129 1840 1787 6130 1843 1790 6131 1844 1791 6132 1843 1790 6133 1840 1787 6134 1827 1774 6135 1845 1792 6136 1838 1785 6137 1845 1792 6138 1827 1774 6139 1843 1790 6140 1843 1790 6141 1844 1791 6142 1846 1793 6143 1847 1794 6144 1846 1793 6145 1844 1791 6146 1843 1790 6147 1848 1795 6148 1845 1792 6149 1848 1795 6150 1843 1790 6151 1846 1793 6152 1849 1796 6153 1838 1785 6154 1845 1792 6155 1838 1785 6156 1849 1796 6157 1836 1783 6158 1850 1797 6159 1845 1792 6160 1848 1795 6161 1845 1792 6162 1850 1797 6163 1849 1796 6164 1851 1798 6165 1836 1783 6166 1849 1796 6167 1836 1783 6168 1851 1798 6169 1837 1784 6170 1852 1799 6171 1849 1796 6172 1850 1797 6173 1849 1796 6174 1852 1799 6175 1851 1798 6176 1851 1798 6177 1853 1800 6178 1837 1784 6179 1839 1786 6180 1837 1784 6181 1853 1800 6182 1853 1800 6183 1842 1789 6184 1839 1786 6185 1853 1800 6186 1851 1798 6187 1854 1801 6188 1852 1799 6189 1854 1801 6190 1851 1798 6191 1842 1789 6192 1853 1800 6193 1855 1802 6194 1854 1801 6195 1855 1802 6196 1853 1800 6197 1854 1801 6198 1852 1799 6199 1856 1803 6200 1855 1802 6201 1854 1801 6202 1857 1804 6203 1856 1803 6204 1857 1804 6205 1854 1801 6206 1850 1797 6207 1858 1805 6208 1852 1799 6209 1858 1805 6210 1856 1803 6211 1852 1799 6212 1858 1805 6213 1850 1797 6214 1859 1806 6215 1848 1795 6216 1859 1806 6217 1850 1797 6218 1856 1803 6219 1858 1805 6220 1860 1807 6221 1859 1806 6222 1848 1795 6223 1861 1808 6224 1846 1793 6225 1861 1808 6226 1848 1795 6227 1859 1806 6228 1862 1809 6229 1858 1805 6230 1862 1809 6231 1860 1807 6232 1858 1805 6233 1862 1809 6234 1859 1806 6235 1863 1810 6236 1861 1808 6237 1863 1810 6238 1859 1806 6239 1860 1807 6240 1862 1809 6241 1864 1811 6242 1863 1810 6243 1861 1808 6244 1865 1812 6245 1864 1811 6246 1866 1813 6247 1860 1807 6248 1866 1813 6249 1864 1811 6250 1867 1814 6251 1866 1813 6252 1867 1814 6253 1868 1815 6254 1869 1816 6255 1865 1812 6256 1861 1808 6257 1861 1808 6258 1846 1793 6259 1869 1816 6260 1865 1812 6261 1869 1816 6262 1870 1817 6263 1846 1793 6264 1847 1794 6265 1869 1816 6266 1869 1816 6267 1871 1818 6268 1870 1817 6269 1871 1818 6270 1869 1816 6271 1847 1794 6272 1866 1813 6273 1868 1815 6274 1872 1819 6275 1872 1819 6276 1868 1815 6277 1873 1820 6278 1872 1819 6279 1873 1820 6280 1874 1821 6281 1875 1822 6282 1866 1813 6283 1872 1819 6284 1875 1822 6285 1860 1807 6286 1866 1813 6287 1856 1803 6288 1860 1807 6289 1875 1822 6290 1857 1804 6291 1856 1803 6292 1875 1822 6293 1874 1821 6294 1876 1823 6295 1872 1819 6296 1875 1822 6297 1872 1819 6298 1876 1823 6299 1857 1804 6300 1875 1822 6301 1876 1823 6302 1876 1823 6303 1874 1821 6304 1877 1824 6305 1857 1804 6306 1876 1823 6307 1878 1825 6308 1878 1825 6309 1876 1823 6310 1877 1824 6311 1855 1802 6312 1857 1804 6313 1878 1825 6314 1878 1825 6315 1877 1824 6316 1879 1826 6317 1855 1802 6318 1878 1825 6319 1880 1827 6320 1880 1827 6321 1878 1825 6322 1879 1826 6323 1879 1826 6324 1881 1828 6325 1880 1827 6326 1880 1827 6327 1842 1789 6328 1855 1802 6329 1842 1789 6330 1880 1827 6331 1882 1829 6332 1880 1827 6333 1883 1830 6334 1882 1829 6335 1882 1829 6336 1884 1831 6337 1842 1789 6338 1833 1780 6339 1842 1789 6340 1884 1831 6341 1884 1831 6342 1834 1781 6343 1833 1780 6344 1834 1781 6345 1884 1831 6346 1885 1832 6347 1884 1831 6348 1882 1829 6349 1886 1833 6350 1886 1833 6351 1885 1832 6352 1884 1831 6353 1883 1830 6354 1886 1833 6355 1882 1829 6356 1885 1832 6357 1886 1833 6358 1887 1834 6359 1883 1830 6360 1887 1834 6361 1886 1833 6362 1887 1834 6363 1883 1830 6364 1888 1835 6365 1889 1836 6366 1890 1837 6367 1891 1838 6368 1889 1836 6369 1892 1839 6370 1890 1837 6371 1892 1839 6372 1893 1840 6373 1890 1837 6374 1892 1839 6375 1889 1836 6376 1894 1841 6377 1895 1842 6378 1893 1840 6379 1892 1839 6380 1895 1842 6381 1892 1839 6382 1894 1841 6383 1895 1842 6384 1896 1843 6385 1893 1840 6386 1889 1836 6387 1897 1844 6388 1894 1841 6389 1898 1845 6390 1896 1843 6391 1895 1842 6392 1898 1845 6393 1899 1846 6394 1896 1843 6395 1894 1841 6396 1900 1847 6397 1895 1842 6398 1901 1848 6399 1899 1846 6400 1898 1845 6401 1894 1841 6402 1902 1849 6403 1900 1847 6404 1902 1849 6405 1894 1841 6406 1897 1844 6407 1903 1850 6408 1899 1846 6409 1901 1848 6410 1899 1846 6411 1903 1850 6412 1904 1851 6413 1898 1845 6414 1905 1852 6415 1901 1848 6416 1905 1852 6417 1903 1850 6418 1901 1848 6419 1895 1842 6420 1906 1853 6421 1898 1845 6422 1905 1852 6423 1898 1845 6424 1906 1853 6425 1906 1853 6426 1895 1842 6427 1900 1847 6428 1903 1850 6429 1905 1852 6430 1907 1854 6431 1900 1847 6432 1908 1855 6433 1906 1853 6434 1908 1855 6435 1900 1847 6436 1902 1849 6437 1909 1856 6438 1905 1852 6439 1906 1853 6440 1906 1853 6441 1908 1855 6442 1909 1856 6443 1909 1856 6444 1907 1854 6445 1905 1852 6446 1910 1857 6447 1904 1851 6448 1903 1850 6449 1910 1857 6450 1903 1850 6451 1907 1854 6452 1904 1851 6453 1910 1857 6454 1911 1858 6455 1907 1854 6456 1909 1856 6457 1912 1859 6458 1913 1860 6459 1911 1858 6460 1910 1857 6461 1911 1858 6462 1913 1860 6463 1914 1861 6464 1915 1862 6465 1910 1857 6466 1907 1854 6467 1912 1859 6468 1915 1862 6469 1907 1854 6470 1910 1857 6471 1916 1863 6472 1913 1860 6473 1916 1863 6474 1910 1857 6475 1915 1862 6476 1917 1864 6477 1914 1861 6478 1913 1860 6479 1917 1864 6480 1913 1860 6481 1916 1863 6482 1914 1861 6483 1917 1864 6484 1918 1865 6485 1919 1866 6486 1917 1864 6487 1916 1863 6488 1915 1862 6489 1919 1866 6490 1916 1863 6491 1920 1867 6492 1921 1868 6493 1919 1866 6494 1915 1862 6495 1922 1869 6496 1919 1866 6497 1915 1862 6498 1912 1859 6499 1922 1869 6500 1919 1866 6501 1923 1870 6502 1920 1867 6503 1922 1869 6504 1923 1870 6505 1919 1866 6506 1923 1870 6507 1924 1871 6508 1920 1867 6509 1925 1872 6510 1922 1869 6511 1912 1859 6512 1923 1870 6513 1926 1873 6514 1924 1871 6515 1926 1873 6516 1927 1874 6517 1924 1871 6518 1922 1869 6519 1928 1875 6520 1923 1870 6521 1928 1875 6522 1926 1873 6523 1923 1870 6524 1922 1869 6525 1925 1872 6526 1928 1875 6527 1927 1874 6528 1926 1873 6529 1929 1876 6530 1929 1876 6531 1930 1877 6532 1927 1874 6533 1929 1876 6534 1931 1878 6535 1930 1877 6536 1928 1875 6537 1932 1879 6538 1926 1873 6539 1932 1879 6540 1929 1876 6541 1926 1873 6542 1933 1880 6543 1931 1878 6544 1929 1876 6545 1932 1879 6546 1933 1880 6547 1929 1876 6548 1933 1880 6549 1934 1881 6550 1931 1878 6551 1933 1880 6552 1935 1882 6553 1934 1881 6554 1935 1882 6555 1933 1880 6556 1936 1883 6557 1932 1879 6558 1936 1883 6559 1933 1880 6560 1936 1883 6561 1937 1884 6562 1935 1882 6563 1928 1875 6564 1938 1885 6565 1932 1879 6566 1936 1883 6567 1932 1879 6568 1938 1885 6569 1938 1885 6570 1928 1875 6571 1925 1872 6572 1937 1884 6573 1936 1883 6574 1939 1886 6575 1938 1885 6576 1939 1886 6577 1936 1883 6578 1925 1872 6579 1940 1887 6580 1938 1885 6581 1939 1886 6582 1938 1885 6583 1940 1887 6584 1941 1888 6585 1937 1884 6586 1939 1886 6587 1941 1888 6588 1942 1889 6589 1937 1884 6590 1943 1890 6591 1939 1886 6592 1940 1887 6593 1939 1886 6594 1943 1890 6595 1941 1888 6596 1940 1887 6597 1925 1872 6598 1944 1891 6599 1912 1859 6600 1944 1891 6601 1925 1872 6602 1944 1891 6603 1912 1859 6604 1909 1856 6605 1944 1891 6606 1909 1856 6607 1908 1855 6608 1945 1892 6609 1940 1887 6610 1944 1891 6611 1908 1855 6612 1945 1892 6613 1944 1891 6614 1945 1892 6615 1943 1890 6616 1940 1887 6617 1945 1892 6618 1908 1855 6619 1902 1849 6620 1902 1849 6621 1946 1893 6622 1945 1892 6623 1946 1893 6624 1943 1890 6625 1945 1892 6626 1897 1844 6627 1946 1893 6628 1902 1849 6629 1946 1893 6630 1947 1894 6631 1943 1890 6632 1947 1894 6633 1941 1888 6634 1943 1890 6635 1946 1893 6636 1897 1844 6637 1948 1895 6638 1948 1895 6639 1947 1894 6640 1946 1893 6641 1949 1896 6642 1897 1844 6643 1950 1897 6644 1897 1844 6645 1949 1896 6646 1948 1895 6647 1951 1898 6648 1948 1895 6649 1949 1896 6650 1948 1895 6651 1951 1898 6652 1952 1899 6653 1947 1894 6654 1948 1895 6655 1952 1899 6656 1953 1900 6657 1952 1899 6658 1951 1898 6659 1941 1888 6660 1947 1894 6661 1954 1901 6662 1952 1899 6663 1954 1901 6664 1947 1894 6665 1954 1901 6666 1942 1889 6667 1941 1888 6668 1954 1901 6669 1955 1902 6670 1942 1889 6671 1952 1899 6672 1953 1900 6673 1956 1903 6674 1954 1901 6675 1952 1899 6676 1956 1903 6677 1956 1903 6678 1955 1902 6679 1954 1901 6680 1957 1904 6681 1956 1903 6682 1953 1900 6683 1955 1902 6684 1956 1903 6685 1958 1905 6686 1956 1903 6687 1957 1904 6688 1958 1905 6689 1959 1906 6690 1960 1907 6691 1961 1908 6692 1959 1906 6693 1962 1909 6694 1960 1907 6695 1962 1909 6696 1963 1910 6697 1960 1907 6698 1962 1909 6699 1959 1906 6700 1964 1911 6701 1965 1912 6702 1963 1910 6703 1962 1909 6704 1965 1912 6705 1962 1909 6706 1964 1911 6707 1965 1912 6708 1966 1913 6709 1963 1910 6710 1959 1906 6711 1967 1914 6712 1964 1911 6713 1968 1915 6714 1966 1913 6715 1965 1912 6716 1968 1915 6717 1969 1916 6718 1966 1913 6719 1964 1911 6720 1970 1917 6721 1965 1912 6722 1967 1914 6723 1970 1917 6724 1964 1911 6725 1965 1912 6726 1971 1918 6727 1968 1915 6728 1971 1918 6729 1965 1912 6730 1970 1917 6731 1972 1919 6732 1969 1916 6733 1968 1915 6734 1973 1920 6735 1967 1914 6736 1974 1921 6737 1975 1922 6738 1969 1916 6739 1972 1919 6740 1969 1916 6741 1975 1922 6742 1976 1923 6743 1968 1915 6744 1977 1924 6745 1972 1919 6746 1977 1924 6747 1975 1922 6748 1972 1919 6749 1977 1924 6750 1968 1915 6751 1971 1918 6752 1978 1925 6753 1976 1923 6754 1975 1922 6755 1976 1923 6756 1978 1925 6757 1979 1926 6758 1975 1922 6759 1977 1924 6760 1980 1927 6761 1978 1925 6762 1975 1922 6763 1980 1927 6764 1977 1924 6765 1971 1918 6766 1981 1928 6767 1981 1928 6768 1980 1927 6769 1977 1924 6770 1982 1929 6771 1979 1926 6772 1978 1925 6773 1979 1926 6774 1982 1929 6775 1983 1930 6776 1983 1930 6777 1984 1931 6778 1985 1932 6779 1984 1931 6780 1983 1930 6781 1982 1929 6782 1984 1931 6783 1982 1929 6784 1986 1933 6785 1978 1925 6786 1986 1933 6787 1982 1929 6788 1987 1934 6789 1984 1931 6790 1986 1933 6791 1986 1933 6792 1978 1925 6793 1988 1935 6794 1988 1935 6795 1978 1925 6796 1980 1927 6797 1989 1936 6798 1986 1933 6799 1988 1935 6800 1986 1933 6801 1989 1936 6802 1987 1934 6803 1990 1937 6804 1988 1935 6805 1980 1927 6806 1988 1935 6807 1990 1937 6808 1989 1936 6809 1980 1927 6810 1981 1928 6811 1990 1937 6812 1991 1938 6813 1992 1939 6814 1987 1934 6815 1993 1940 6816 1990 1937 6817 1981 1928 6818 1987 1934 6819 1994 1941 6820 1991 1938 6821 1994 1941 6822 1995 1942 6823 1991 1938 6824 1996 1943 6825 1987 1934 6826 1989 1936 6827 1987 1934 6828 1996 1943 6829 1994 1941 6830 1997 1944 6831 1989 1936 6832 1990 1937 6833 1989 1936 6834 1997 1944 6835 1996 1943 6836 1990 1937 6837 1993 1940 6838 1997 1944 6839 1994 1941 6840 1998 1945 6841 1995 1942 6842 1998 1945 6843 1999 1946 6844 1995 1942 6845 2000 1947 6846 1994 1941 6847 1996 1943 6848 1994 1941 6849 2000 1947 6850 1998 1945 6851 2001 1948 6852 1996 1943 6853 1997 1944 6854 1996 1943 6855 2001 1948 6856 2000 1947 6857 1999 1946 6858 1998 1945 6859 2002 1949 6860 2002 1949 6861 2003 1950 6862 1999 1946 6863 2002 1949 6864 2004 1951 6865 2003 1950 6866 2002 1949 6867 2005 1952 6868 2004 1951 6869 1998 1945 6870 2006 1953 6871 2002 1949 6872 2005 1952 6873 2002 1949 6874 2006 1953 6875 2006 1953 6876 1998 1945 6877 2000 1947 6878 2006 1953 6879 2007 1954 6880 2005 1952 6881 2006 1953 6882 2000 1947 6883 2008 1955 6884 2007 1954 6885 2006 1953 6886 2008 1955 6887 2001 1948 6888 2008 1955 6889 2000 1947 6890 2008 1955 6891 2009 1956 6892 2007 1954 6893 2001 1948 6894 2010 1957 6895 2008 1955 6896 2009 1956 6897 2008 1955 6898 2010 1957 6899 1997 1944 6900 2011 1958 6901 2001 1948 6902 2010 1957 6903 2001 1948 6904 2011 1958 6905 2011 1958 6906 1997 1944 6907 1993 1940 6908 2009 1956 6909 2010 1957 6910 2012 1959 6911 2009 1956 6912 2012 1959 6913 2013 1960 6914 2014 1961 6915 2010 1957 6916 2011 1958 6917 2010 1957 6918 2014 1961 6919 2012 1959 6920 2011 1958 6921 1993 1940 6922 2015 1962 6923 2011 1958 6924 2015 1962 6925 2014 1961 6926 2013 1960 6927 2012 1959 6928 2016 1963 6929 2013 1960 6930 2016 1963 6931 2017 1964 6932 2016 1963 6933 2018 1965 6934 2017 1964 6935 2019 1966 6936 2012 1959 6937 2014 1961 6938 2012 1959 6939 2019 1966 6940 2016 1963 6941 2018 1965 6942 2016 1963 6943 2020 1967 6944 2019 1966 6945 2020 1967 6946 2016 1963 6947 2020 1967 6948 2021 1968 6949 2018 1965 6950 2021 1968 6951 2020 1967 6952 2022 1969 6953 2023 1970 6954 2022 1969 6955 2020 1967 6956 2020 1967 6957 2019 1966 6958 2023 1970 6959 2022 1969 6960 2023 1970 6961 2024 1971 6962 2014 1961 6963 2025 1972 6964 2019 1966 6965 2025 1972 6966 2023 1970 6967 2019 1966 6968 2014 1961 6969 2015 1962 6970 2025 1972 6971 2026 1973 6972 2024 1971 6973 2023 1970 6974 2023 1970 6975 2025 1972 6976 2026 1973 6977 2024 1971 6978 2026 1973 6979 1973 1920 6980 1967 1914 6981 1973 1920 6982 2026 1973 6983 2027 1974 6984 2026 1973 6985 2025 1972 6986 2026 1973 6987 2027 1974 6988 1967 1914 6989 2015 1962 6990 2027 1974 6991 2025 1972 6992 1970 1917 6993 1967 1914 6994 2027 1974 6995 2015 1962 6996 2028 1975 6997 2027 1974 6998 2028 1975 6999 1970 1917 7000 2027 1974 7001 1993 1940 7002 2028 1975 7003 2015 1962 7004 1971 1918 7005 1970 1917 7006 2028 1975 7007 1993 1940 7008 1981 1928 7009 2028 1975 7010 1981 1928 7011 1971 1918 7012 2028 1975 7013 2029 1976 7014 2030 1977 7015 2031 1978 7016 2029 1976 7017 2032 1979 7018 2030 1977 7019 2032 1979 7020 2033 1980 7021 2030 1977 7022 2032 1979 7023 2029 1976 7024 2034 1981 7025 2035 1982 7026 2033 1980 7027 2032 1979 7028 2035 1982 7029 2032 1979 7030 2034 1981 7031 2035 1982 7032 2036 1983 7033 2033 1980 7034 2029 1976 7035 2037 1984 7036 2034 1981 7037 2038 1985 7038 2036 1983 7039 2035 1982 7040 2038 1985 7041 2039 1986 7042 2036 1983 7043 2034 1981 7044 2040 1987 7045 2035 1982 7046 2040 1987 7047 2038 1985 7048 2035 1982 7049 2037 1984 7050 2040 1987 7051 2034 1981 7052 2041 1988 7053 2039 1986 7054 2038 1985 7055 2042 1989 7056 2037 1984 7057 2043 1990 7058 2044 1991 7059 2039 1986 7060 2041 1988 7061 2039 1986 7062 2044 1991 7063 2045 1992 7064 2037 1984 7065 2042 1989 7066 2046 1993 7067 2047 1994 7068 2046 1993 7069 2042 1989 7070 2048 1995 7071 2045 1992 7072 2044 1991 7073 2045 1992 7074 2048 1995 7075 2049 1996 7076 2046 1993 7077 2047 1994 7078 2050 1997 7079 2051 1998 7080 2050 1997 7081 2047 1994 7082 2046 1993 7083 2052 1999 7084 2037 1984 7085 2040 1987 7086 2037 1984 7087 2052 1999 7088 2050 1997 7089 2053 2000 7090 2046 1993 7091 2052 1999 7092 2046 1993 7093 2053 2000 7094 2050 1997 7095 2051 1998 7096 2054 2001 7097 2055 2002 7098 2054 2001 7099 2051 1998 7100 2054 2001 7101 2055 2002 7102 2056 2003 7103 2054 2001 7104 2057 2004 7105 2050 1997 7106 2053 2000 7107 2050 1997 7108 2057 2004 7109 2056 2003 7110 2058 2005 7111 2054 2001 7112 2057 2004 7113 2054 2001 7114 2058 2005 7115 2058 2005 7116 2056 2003 7117 2059 2006 7118 2060 2007 7119 2058 2005 7120 2059 2006 7121 2058 2005 7122 2060 2007 7123 2061 2008 7124 2061 2008 7125 2057 2004 7126 2058 2005 7127 2062 2009 7128 2061 2008 7129 2060 2007 7130 2063 2010 7131 2053 2000 7132 2057 2004 7133 2057 2004 7134 2061 2008 7135 2063 2010 7136 2061 2008 7137 2062 2009 7138 2064 2011 7139 2064 2011 7140 2063 2010 7141 2061 2008 7142 2053 2000 7143 2063 2010 7144 2065 2012 7145 2065 2012 7146 2052 1999 7147 2053 2000 7148 2063 2010 7149 2064 2011 7150 2066 2013 7151 2066 2013 7152 2065 2012 7153 2063 2010 7154 2062 2009 7155 2067 2014 7156 2064 2011 7157 2067 2014 7158 2062 2009 7159 2068 2015 7160 2064 2011 7161 2069 2016 7162 2066 2013 7163 2069 2016 7164 2064 2011 7165 2067 2014 7166 2068 2015 7167 2070 2017 7168 2067 2014 7169 2070 2017 7170 2068 2015 7171 2071 2018 7172 2067 2014 7173 2072 2019 7174 2069 2016 7175 2072 2019 7176 2067 2014 7177 2070 2017 7178 2071 2018 7179 2073 2020 7180 2070 2017 7181 2073 2020 7182 2071 2018 7183 2074 2021 7184 2073 2020 7185 2074 2021 7186 2075 2022 7187 2073 2020 7188 2075 2022 7189 2076 2023 7190 2077 2024 7191 2070 2017 7192 2073 2020 7193 2076 2023 7194 2077 2024 7195 2073 2020 7196 2070 2017 7197 2077 2024 7198 2072 2019 7199 2077 2024 7200 2076 2023 7201 2078 2025 7202 2079 2026 7203 2077 2024 7204 2078 2025 7205 2079 2026 7206 2072 2019 7207 2077 2024 7208 2079 2026 7209 2078 2025 7210 2080 2027 7211 2072 2019 7212 2079 2026 7213 2081 2028 7214 2081 2028 7215 2069 2016 7216 2072 2019 7217 2082 2029 7218 2079 2026 7219 2080 2027 7220 2080 2027 7221 2083 2030 7222 2082 2029 7223 2082 2029 7224 2081 2028 7225 2079 2026 7226 2069 2016 7227 2081 2028 7228 2084 2031 7229 2084 2031 7230 2066 2013 7231 2069 2016 7232 2081 2028 7233 2082 2029 7234 2085 2032 7235 2085 2032 7236 2084 2031 7237 2081 2028 7238 2066 2013 7239 2084 2031 7240 2086 2033 7241 2065 2012 7242 2066 2013 7243 2086 2033 7244 2084 2031 7245 2085 2032 7246 2087 2034 7247 2087 2034 7248 2086 2033 7249 2084 2031 7250 2088 2035 7251 2085 2032 7252 2082 2029 7253 2082 2029 7254 2089 2036 7255 2088 2035 7256 2090 2037 7257 2087 2034 7258 2085 2032 7259 2085 2032 7260 2088 2035 7261 2090 2037 7262 2091 2038 7263 2089 2036 7264 2092 2039 7265 2089 2036 7266 2091 2038 7267 2093 2040 7268 2089 2036 7269 2093 2040 7270 2088 2035 7271 2049 1996 7272 2093 2040 7273 2091 2038 7274 2093 2040 7275 2049 1996 7276 2048 1995 7277 2048 1995 7278 2088 2035 7279 2093 2040 7280 2088 2035 7281 2048 1995 7282 2090 2037 7283 2090 2037 7284 2048 1995 7285 2094 2041 7286 2087 2034 7287 2090 2037 7288 2094 2041 7289 2048 1995 7290 2044 1991 7291 2094 2041 7292 2041 1988 7293 2094 2041 7294 2044 1991 7295 2094 2041 7296 2095 2042 7297 2087 2034 7298 2086 2033 7299 2087 2034 7300 2095 2042 7301 2094 2041 7302 2041 1988 7303 2096 2043 7304 2095 2042 7305 2094 2041 7306 2096 2043 7307 2038 1985 7308 2096 2043 7309 2041 1988 7310 2097 2044 7311 2086 2033 7312 2095 2042 7313 2086 2033 7314 2097 2044 7315 2065 2012 7316 2052 1999 7317 2065 2012 7318 2097 2044 7319 2040 1987 7320 2052 1999 7321 2097 2044 7322 2098 2045 7323 2095 2042 7324 2096 2043 7325 2098 2045 7326 2097 2044 7327 2095 2042 7328 2096 2043 7329 2038 1985 7330 2098 2045 7331 2097 2044 7332 2098 2045 7333 2040 1987 7334 2040 1987 7335 2098 2045 7336 2038 1985 7337 2099 2046 7338 2100 2047 7339 2101 2048 7340 2102 2049 7341 2100 2047 7342 2099 2046 7343 2103 2050 7344 2101 2048 7345 2100 2047 7346 2100 2047 7347 2102 2049 7348 2104 2051 7349 2101 2048 7350 2103 2050 7351 2105 2052 7352 2102 2049 7353 2106 2053 7354 2104 2051 7355 2107 2054 7356 2105 2052 7357 2103 2050 7358 2106 2053 7359 2108 2055 7360 2104 2051 7361 2109 2056 7362 2107 2054 7363 2103 2050 7364 2108 2055 7365 2110 2057 7366 2104 2051 7367 2107 2054 7368 2109 2056 7369 2111 2058 7370 2110 2057 7371 2108 2055 7372 2112 2059 7373 2113 2060 7374 2111 2058 7375 2109 2056 7376 2114 2061 7377 2110 2057 7378 2112 2059 7379 2115 2062 7380 2113 2060 7381 2109 2056 7382 2110 2057 7383 2114 2061 7384 2115 2062 7385 2113 2060 7386 2115 2062 7387 2116 2063 7388 2114 2061 7389 2116 2063 7390 2115 2062 7391 2117 2064 7392 2118 2065 7393 2119 2066 7394 2119 2066 7395 2120 2067 7396 2117 2064 7397 2118 2065 7398 2117 2064 7399 2121 2068 7400 2121 2068 7401 2122 2069 7402 2118 2065 7403 2123 2070 7404 2117 2064 7405 2120 2067 7406 2122 2069 7407 2121 2068 7408 2124 2071 7409 2121 2068 7410 2117 2064 7411 2125 2072 7412 2125 2072 7413 2124 2071 7414 2121 2068 7415 2124 2071 7416 2125 2072 7417 2122 2069 7418 2125 2072 7419 2117 2064 7420 2123 2070 7421 2125 2072 7422 2126 2073 7423 2122 2069 7424 2125 2072 7425 2127 2074 7426 2126 2073 7427 2120 2067 7428 2128 2075 7429 2123 2070 7430 2128 2075 7431 2120 2067 7432 2129 2076 7433 2130 2077 7434 2128 2075 7435 2129 2076 7436 2127 2074 7437 2125 2072 7438 2131 2078 7439 2131 2078 7440 2132 2079 7441 2127 2074 7442 2128 2075 7443 2130 2077 7444 2133 2080 7445 2132 2079 7446 2131 2078 7447 2134 2081 7448 2134 2081 7449 2131 2078 7450 2125 2072 7451 2130 2077 7452 2135 2082 7453 2133 2080 7454 2136 2083 7455 2132 2079 7456 2134 2081 7457 2136 2083 7458 2134 2081 7459 2125 2072 7460 2132 2079 7461 2136 2083 7462 2137 2084 7463 2138 2085 7464 2136 2083 7465 2125 2072 7466 2138 2085 7467 2137 2084 7468 2136 2083 7469 2125 2072 7470 2123 2070 7471 2138 2085 7472 2123 2070 7473 2128 2075 7474 2138 2085 7475 2128 2075 7476 2133 2080 7477 2138 2085 7478 2139 2086 7479 2137 2084 7480 2138 2085 7481 2138 2085 7482 2135 2082 7483 2139 2086 7484 2133 2080 7485 2140 2087 7486 2138 2085 7487 2133 2080 7488 2135 2082 7489 2140 2087 7490 2135 2082 7491 2138 2085 7492 2140 2087 7493 2141 2088 7494 2142 2089 7495 2143 2090 7496 2144 2091 7497 2143 2090 7498 2142 2089 7499 2142 2089 7500 2141 2088 7501 2145 2092 7502 2146 2093 7503 2145 2092 7504 2141 2088 7505 2144 2091 7506 2142 2089 7507 2147 2094 7508 2145 2092 7509 2146 2093 7510 2148 2095 7511 2149 2096 7512 2148 2095 7513 2146 2093 7514 2142 2089 7515 2145 2092 7516 2150 2097 7517 2150 2097 7518 2147 2094 7519 2142 2089 7520 2148 2095 7521 2151 2098 7522 2145 2092 7523 2151 2098 7524 2150 2097 7525 2145 2092 7526 2148 2095 7527 2149 2096 7528 2152 2099 7529 2153 2100 7530 2152 2099 7531 2149 2096 7532 2151 2098 7533 2148 2095 7534 2154 2101 7535 2155 2102 7536 2148 2095 7537 2152 2099 7538 2148 2095 7539 2155 2102 7540 2154 2101 7541 2152 2099 7542 2153 2100 7543 2156 2103 7544 2156 2103 7545 2155 2102 7546 2152 2099 7547 2151 2098 7548 2154 2101 7549 2157 2104 7550 2157 2104 7551 2154 2101 7552 2155 2102 7553 2157 2104 7554 2150 2097 7555 2151 2098 7556 2155 2102 7557 2156 2103 7558 2158 2105 7559 2155 2102 7560 2158 2105 7561 2157 2104 7562 2153 2100 7563 2159 2106 7564 2156 2103 7565 2159 2106 7566 2153 2100 7567 2160 2107 7568 2161 2108 7569 2159 2106 7570 2160 2107 7571 2156 2103 7572 2162 2109 7573 2158 2105 7574 2162 2109 7575 2156 2103 7576 2159 2106 7577 2158 2105 7578 2162 2109 7579 2163 2110 7580 2163 2110 7581 2157 2104 7582 2158 2105 7583 2159 2106 7584 2164 2111 7585 2162 2109 7586 2164 2111 7587 2163 2110 7588 2162 2109 7589 2159 2106 7590 2161 2108 7591 2165 2112 7592 2164 2111 7593 2159 2106 7594 2165 2112 7595 2161 2108 7596 2166 2113 7597 2165 2112 7598 2166 2113 7599 2161 2108 7600 2167 2114 7601 2165 2112 7602 2168 2115 7603 2164 2111 7604 2168 2115 7605 2165 2112 7606 2166 2113 7607 2163 2110 7608 2164 2111 7609 2168 2115 7610 2169 2116 7611 2166 2113 7612 2167 2114 7613 2166 2113 7614 2170 2117 7615 2168 2115 7616 2168 2115 7617 2170 2117 7618 2163 2110 7619 2166 2113 7620 2169 2116 7621 2171 2118 7622 2170 2117 7623 2166 2113 7624 2171 2118 7625 2172 2119 7626 2171 2118 7627 2169 2116 7628 2171 2118 7629 2173 2120 7630 2170 2117 7631 2170 2117 7632 2173 2120 7633 2163 2110 7634 2171 2118 7635 2172 2119 7636 2174 2121 7637 2173 2120 7638 2171 2118 7639 2174 2121 7640 2172 2119 7641 2175 2122 7642 2174 2121 7643 2172 2119 7644 2176 2123 7645 2175 2122 7646 2174 2121 7647 2177 2124 7648 2173 2120 7649 2177 2124 7650 2174 2121 7651 2175 2122 7652 2173 2120 7653 2177 2124 7654 2163 2110 7655 2176 2123 7656 2178 2125 7657 2175 2122 7658 2175 2122 7659 2178 2125 7660 2177 2124 7661 2176 2123 7662 2179 2126 7663 2178 2125 7664 2180 2127 7665 2178 2125 7666 2179 2126 7667 2181 2128 7668 2177 2124 7669 2178 2125 7670 2163 2110 7671 2177 2124 7672 2181 2128 7673 2178 2125 7674 2180 2127 7675 2182 2129 7676 2178 2125 7677 2182 2129 7678 2181 2128 7679 2181 2128 7680 2183 2130 7681 2163 2110 7682 2183 2130 7683 2181 2128 7684 2182 2129 7685 2184 2131 7686 2182 2129 7687 2180 2127 7688 2184 2131 7689 2183 2130 7690 2182 2129 7691 2180 2127 7692 2185 2132 7693 2184 2131 7694 2186 2133 7695 2184 2131 7696 2185 2132 7697 2187 2134 7698 2183 2130 7699 2184 2131 7700 2184 2131 7701 2186 2133 7702 2188 2135 7703 2184 2131 7704 2188 2135 7705 2187 2134 7706 2189 2136 7707 2188 2135 7708 2186 2133 7709 2183 2130 7710 2187 2134 7711 2190 2137 7712 2190 2137 7713 2163 2110 7714 2183 2130 7715 2187 2134 7716 2188 2135 7717 2191 2138 7718 2187 2134 7719 2191 2138 7720 2190 2137 7721 2188 2135 7722 2192 2139 7723 2191 2138 7724 2191 2138 7725 2192 2139 7726 2190 2137 7727 2188 2135 7728 2189 2136 7729 2193 2140 7730 2192 2139 7731 2188 2135 7732 2193 2140 7733 2194 2141 7734 2193 2140 7735 2189 2136 7736 2189 2136 7737 2195 2142 7738 2194 2141 7739 2193 2140 7740 2196 2143 7741 2192 2139 7742 2196 2143 7743 2193 2140 7744 2194 2141 7745 2192 2139 7746 2196 2143 7747 2190 2137 7748 2197 2144 7749 2194 2141 7750 2195 2142 7751 2197 2144 7752 2196 2143 7753 2194 2141 7754 2195 2142 7755 2198 2145 7756 2197 2144 7757 2199 2146 7758 2197 2144 7759 2198 2145 7760 2196 2143 7761 2197 2144 7762 2200 2147 7763 2196 2143 7764 2200 2147 7765 2190 2137 7766 2197 2144 7767 2199 2146 7768 2201 2148 7769 2197 2144 7770 2201 2148 7771 2200 2147 7772 2202 2149 7773 2201 2148 7774 2199 2146 7775 2200 2147 7776 2201 2148 7777 2203 2150 7778 2203 2150 7779 2190 2137 7780 2200 2147 7781 2201 2148 7782 2202 2149 7783 2204 2151 7784 2201 2148 7785 2204 2151 7786 2203 2150 7787 2205 2152 7788 2204 2151 7789 2202 2149 7790 2204 2151 7791 2206 2153 7792 2203 2150 7793 2190 2137 7794 2203 2150 7795 2206 2153 7796 2204 2151 7797 2205 2152 7798 2207 2154 7799 2204 2151 7800 2207 2154 7801 2206 2153 7802 2208 2155 7803 2207 2154 7804 2205 2152 7805 2206 2153 7806 2209 2156 7807 2190 2137 7808 2209 2156 7809 2206 2153 7810 2207 2154 7811 2207 2154 7812 2208 2155 7813 2210 2157 7814 2211 2158 7815 2210 2157 7816 2208 2155 7817 2207 2154 7818 2212 2159 7819 2209 2156 7820 2212 2159 7821 2207 2154 7822 2210 2157 7823 2210 2157 7824 2211 2158 7825 2213 2160 7826 2214 2161 7827 2213 2160 7828 2211 2158 7829 2210 2157 7830 2215 2162 7831 2212 2159 7832 2215 2162 7833 2210 2157 7834 2213 2160 7835 2212 2159 7836 2216 2163 7837 2209 2156 7838 2215 2162 7839 2216 2163 7840 2212 2159 7841 2190 2137 7842 2209 2156 7843 2216 2163 7844 2213 2160 7845 2217 2164 7846 2215 2162 7847 2215 2162 7848 2217 2164 7849 2216 2163 7850 2213 2160 7851 2214 2161 7852 2218 2165 7853 2217 2164 7854 2213 2160 7855 2218 2165 7856 2219 2166 7857 2218 2165 7858 2214 2161 7859 2218 2165 7860 2220 2167 7861 2217 2164 7862 2217 2164 7863 2220 2167 7864 2216 2163 7865 2218 2165 7866 2219 2166 7867 2221 2168 7868 2220 2167 7869 2218 2165 7870 2221 2168 7871 2222 2169 7872 2221 2168 7873 2219 2166 7874 2221 2168 7875 2222 2169 7876 2223 2170 7877 2223 2170 7878 2220 2167 7879 2221 2168 7880 2224 2171 7881 2223 2170 7882 2222 2169 7883 2220 2167 7884 2223 2170 7885 2225 2172 7886 2220 2167 7887 2225 2172 7888 2216 2163 7889 2223 2170 7890 2224 2171 7891 2226 2173 7892 2226 2173 7893 2225 2172 7894 2223 2170 7895 2227 2174 7896 2226 2173 7897 2224 2171 7898 2225 2172 7899 2226 2173 7900 2228 2175 7901 2228 2175 7902 2216 2163 7903 2225 2172 7904 2226 2173 7905 2227 2174 7906 2229 2176 7907 2226 2173 7908 2230 2177 7909 2228 2175 7910 2216 2163 7911 2228 2175 7912 2230 2177 7913 2230 2177 7914 2226 2173 7915 2229 2176 7916 2231 2178 7917 2229 2176 7918 2227 2174 7919 2230 2177 7920 2232 2179 7921 2216 2163 7922 2229 2176 7923 2232 2179 7924 2230 2177 7925 2229 2176 7926 2231 2178 7927 2233 2180 7928 2232 2179 7929 2229 2176 7930 2233 2180 7931 2231 2178 7932 2234 2181 7933 2233 2180 7934 2234 2181 7935 2231 2178 7936 2235 2182 7937 2236 2183 7938 2234 2181 7939 2235 2182 7940 2233 2180 7941 2237 2184 7942 2232 2179 7943 2237 2184 7944 2233 2180 7945 2234 2181 7946 2157 2104 7947 2216 2163 7948 2232 2179 7949 2232 2179 7950 2237 2184 7951 2157 2104 7952 2157 2104 7953 2190 2137 7954 2216 2163 7955 2190 2137 7956 2157 2104 7957 2163 2110 7958 2234 2181 7959 2236 2183 7960 2238 2185 7961 2234 2181 7962 2238 2185 7963 2237 2184 7964 2144 2091 7965 2238 2185 7966 2236 2183 7967 2238 2185 7968 2144 2091 7969 2147 2094 7970 2237 2184 7971 2239 2186 7972 2157 2104 7973 2239 2186 7974 2237 2184 7975 2238 2185 7976 2240 2187 7977 2157 2104 7978 2239 2186 7979 2238 2185 7980 2240 2187 7981 2239 2186 7982 2240 2187 7983 2238 2185 7984 2147 2094 7985 2157 2104 7986 2240 2187 7987 2150 2097 7988 2147 2094 7989 2150 2097 7990 2240 2187 7991 2241 2188 7992 2242 2189 7993 2243 2190 7994 2244 2191 7995 2243 2190 7996 2242 2189 7997 2243 2190 7998 2245 2192 7999 2241 2188 8000 2245 2192 8001 2246 2193 8002 2241 2188 8003 2243 2190 8004 2244 2191 8005 2247 2194 8006 2245 2192 8007 2248 2195 8008 2246 2193 8009 2249 2196 8010 2247 2194 8011 2244 2191 8012 2244 2191 8013 2250 2197 8014 2249 2196 8015 2251 2198 8016 2243 2190 8017 2247 2194 8018 2249 2196 8019 2251 2198 8020 2247 2194 8021 2243 2190 8022 2252 2199 8023 2245 2192 8024 2252 2199 8025 2243 2190 8026 2251 2198 8027 2252 2199 8028 2248 2195 8029 2245 2192 8030 2250 2197 8031 2253 2200 8032 2249 2196 8033 2250 2197 8034 2254 2201 8035 2253 2200 8036 2251 2198 8037 2249 2196 8038 2255 2202 8039 2255 2202 8040 2249 2196 8041 2253 2200 8042 2254 2201 8043 2256 2203 8044 2253 2200 8045 2256 2203 8046 2255 2202 8047 2253 2200 8048 2256 2203 8049 2254 2201 8050 2257 2204 8051 2257 2204 8052 2258 2205 8053 2256 2203 8054 2258 2205 8055 2257 2204 8056 2259 2206 8057 2255 2202 8058 2256 2203 8059 2260 2207 8060 2260 2207 8061 2256 2203 8062 2258 2205 8063 2259 2206 8064 2261 2208 8065 2258 2205 8066 2261 2208 8067 2260 2207 8068 2258 2205 8069 2261 2208 8070 2259 2206 8071 2262 2209 8072 2263 2210 8073 2261 2208 8074 2262 2209 8075 2261 2208 8076 2263 2210 8077 2264 2211 8078 2265 2212 8079 2264 2211 8080 2263 2210 8081 2260 2207 8082 2261 2208 8083 2266 2213 8084 2266 2213 8085 2261 2208 8086 2264 2211 8087 2264 2211 8088 2265 2212 8089 2267 2214 8090 2267 2214 8091 2266 2213 8092 2264 2211 8093 2268 2215 8094 2267 2214 8095 2265 2212 8096 2269 2216 8097 2260 2207 8098 2266 2213 8099 2269 2216 8100 2255 2202 8101 2260 2207 8102 2269 2216 8103 2251 2198 8104 2255 2202 8105 2269 2216 8106 2252 2199 8107 2251 2198 8108 2266 2213 8109 2267 2214 8110 2270 2217 8111 2269 2216 8112 2266 2213 8113 2270 2217 8114 2267 2214 8115 2268 2215 8116 2271 2218 8117 2270 2217 8118 2267 2214 8119 2271 2218 8120 2272 2219 8121 2271 2218 8122 2268 2215 8123 2272 2219 8124 2270 2217 8125 2271 2218 8126 2268 2215 8127 2273 2220 8128 2272 2219 8129 2274 2221 8130 2272 2219 8131 2273 2220 8132 2270 2217 8133 2272 2219 8134 2275 2222 8135 2269 2216 8136 2270 2217 8137 2275 2222 8138 2272 2219 8139 2274 2221 8140 2276 2223 8141 2275 2222 8142 2272 2219 8143 2276 2223 8144 2277 2224 8145 2276 2223 8146 2274 2221 8147 2275 2222 8148 2276 2223 8149 2278 2225 8150 2276 2223 8151 2277 2224 8152 2278 2225 8153 2278 2225 8154 2279 2226 8155 2275 2222 8156 2269 2216 8157 2275 2222 8158 2279 2226 8159 2280 2227 8160 2278 2225 8161 2277 2224 8162 2279 2226 8163 2278 2225 8164 2280 2227 8165 2277 2224 8166 2281 2228 8167 2280 2227 8168 2281 2228 8169 2282 2229 8170 2280 2227 8171 2279 2226 8172 2280 2227 8173 2282 2229 8174 2281 2228 8175 2283 2230 8176 2282 2229 8177 2284 2231 8178 2279 2226 8179 2282 2229 8180 2269 2216 8181 2279 2226 8182 2284 2231 8183 2283 2230 8184 2285 2232 8185 2282 2229 8186 2285 2232 8187 2284 2231 8188 2282 2229 8189 2285 2232 8190 2283 2230 8191 2286 2233 8192 2286 2233 8193 2287 2234 8194 2285 2232 8195 2284 2231 8196 2285 2232 8197 2287 2234 8198 2287 2234 8199 2286 2233 8200 2288 2235 8201 2289 2236 8202 2287 2234 8203 2288 2235 8204 2290 2237 8205 2284 2231 8206 2287 2234 8207 2269 2216 8208 2284 2231 8209 2290 2237 8210 2287 2234 8211 2289 2236 8212 2291 2238 8213 2291 2238 8214 2290 2237 8215 2287 2234 8216 2289 2236 8217 2292 2239 8218 2291 2238 8219 2290 2237 8220 2291 2238 8221 2292 2239 8222 2292 2239 8223 2289 2236 8224 2293 2240 8225 2290 2237 8226 2292 2239 8227 2294 2241 8228 2269 2216 8229 2290 2237 8230 2294 2241 8231 2295 2242 8232 2292 2239 8233 2293 2240 8234 2294 2241 8235 2292 2239 8236 2295 2242 8237 2295 2242 8238 2293 2240 8239 2296 2243 8240 2297 2244 8241 2295 2242 8242 2296 2243 8243 2294 2241 8244 2295 2242 8245 2297 2244 8246 2297 2244 8247 2296 2243 8248 2298 2245 8249 2294 2241 8250 2297 2244 8251 2299 2246 8252 2269 2216 8253 2294 2241 8254 2299 2246 8255 2300 2247 8256 2297 2244 8257 2298 2245 8258 2299 2246 8259 2297 2244 8260 2300 2247 8261 2298 2245 8262 2301 2248 8263 2300 2247 8264 2302 2249 8265 2300 2247 8266 2301 2248 8267 2299 2246 8268 2300 2247 8269 2302 2249 8270 2301 2248 8271 2303 2250 8272 2302 2249 8273 2302 2249 8274 2304 2251 8275 2299 2246 8276 2269 2216 8277 2299 2246 8278 2304 2251 8279 2305 2252 8280 2302 2249 8281 2303 2250 8282 2304 2251 8283 2302 2249 8284 2305 2252 8285 2303 2250 8286 2306 2253 8287 2305 2252 8288 2306 2253 8289 2307 2254 8290 2305 2252 8291 2304 2251 8292 2305 2252 8293 2307 2254 8294 2306 2253 8295 2308 2255 8296 2307 2254 8297 2309 2256 8298 2304 2251 8299 2307 2254 8300 2269 2216 8301 2304 2251 8302 2309 2256 8303 2308 2255 8304 2310 2257 8305 2307 2254 8306 2307 2254 8307 2310 2257 8308 2309 2256 8309 2310 2257 8310 2308 2255 8311 2311 2258 8312 2311 2258 8313 2312 2259 8314 2310 2257 8315 2309 2256 8316 2310 2257 8317 2312 2259 8318 2312 2259 8319 2311 2258 8320 2313 2260 8321 2314 2261 8322 2312 2259 8323 2313 2260 8324 2269 2216 8325 2309 2256 8326 2315 2262 8327 2315 2262 8328 2309 2256 8329 2312 2259 8330 2312 2259 8331 2314 2261 8332 2316 2263 8333 2316 2263 8334 2315 2262 8335 2312 2259 8336 2317 2264 8337 2316 2263 8338 2314 2261 8339 2269 2216 8340 2315 2262 8341 2318 2265 8342 2269 2216 8343 2318 2265 8344 2252 2199 8345 2318 2265 8346 2248 2195 8347 2252 2199 8348 2319 2266 8349 2315 2262 8350 2316 2263 8351 2316 2263 8352 2317 2264 8353 2319 2266 8354 2315 2262 8355 2319 2266 8356 2318 2265 8357 2320 2267 8358 2319 2266 8359 2317 2264 8360 2248 2195 8361 2318 2265 8362 2321 2268 8363 2318 2265 8364 2319 2266 8365 2321 2268 8366 2319 2266 8367 2320 2267 8368 2321 2268 8369 2321 2268 8370 2246 2193 8371 2248 2195 8372 2246 2193 8373 2321 2268 8374 2320 2267 8375</p>
        </triangles>
      </mesh>
    </geometry>
  </library_geometries>
  <library_visual_scenes>
    <visual_scene id="Scene" name="Scene">
      <node id="World" name="World" type="NODE">
        <matrix sid="transform">0.00999999 0 0 0 0 0.00999999 4.37113e-10 0 0 -4.37113e-10 0.00999999 -0.002445974 0 0 0 1</matrix>
        <node id="Root" name="Root" type="NODE">
          <matrix sid="transform">1 0 0 0 0 1 0 0 0 0 1 0 0 0 0 1</matrix>
          <instance_geometry url="#SM_Chair_01a-mesh" name="Root">
            <bind_material>
              <technique_common>
                <instance_material symbol="MI_Chair_01a-material" target="#MI_Chair_01a-material">
                  <bind_vertex_input semantic="uv0" input_semantic="TEXCOORD" input_set="0"/>
                  <bind_vertex_input semantic="uv1" input_semantic="TEXCOORD" input_set="1"/>
                  <bind_vertex_input semantic="uv2" input_semantic="TEXCOORD" input_set="2"/>
                </instance_material>
              </technique_common>
            </bind_material>
          </instance_geometry>
        </node>
      </node>
      <node id="SkinnedMeshes" name="SkinnedMeshes" type="NODE">
        <matrix sid="transform">0.00999999 0 0 0 0 0.00999999 4.37113e-10 0 0 -4.37113e-10 0.00999999 -0.002445974 0 0 0 1</matrix>
      </node>
    </visual_scene>
  </library_visual_scenes>
  <scene>
    <instance_visual_scene url="#Scene"/>
  </scene>
</COLLADA>